{
"type": "FeatureCollection",
"name": "spill_geometry",
"crs": { "type": "name", "properties": { "name": "urn:ogc:def:crs:OGC:1.3:CRS84" } },
"features": [
{ "type": "Feature", "properties": { "region_id": 1, "scene_id": "unknown", "area_km2": 0.016150878943021078, "centroid_lat": 25.704300077968007, "centroid_lon": 54.634289886061083, "acquisition_timestamp_utc": null, "mean_confidence": null, "source_mask_path": "00052_mask.tif" }, "geometry": { "type": "Polygon", "coordinates": [ [ [ 54.634040353748986, 25.705290722206364 ], [ 54.634040353748986, 25.705200890677954 ], [ 54.63386069069216, 25.705200890677954 ], [ 54.63386069069216, 25.704841564564305 ], [ 54.633770859163754, 25.704841564564305 ], [ 54.633770859163754, 25.704212743865423 ], [ 54.63368102763534, 25.704212743865423 ], [ 54.63368102763534, 25.7040330808086 ], [ 54.63386069069216, 25.7040330808086 ], [ 54.63386069069216, 25.70367375469495 ], [ 54.633950522220573, 25.70367375469495 ], [ 54.633950522220573, 25.703494091638127 ], [ 54.634040353748986, 25.703494091638127 ], [ 54.634040353748986, 25.703583923166537 ], [ 54.634489511391045, 25.703583923166537 ], [ 54.634489511391045, 25.70367375469495 ], [ 54.634759005976285, 25.70367375469495 ], [ 54.634759005976285, 25.703763586223364 ], [ 54.634848837504691, 25.703763586223364 ], [ 54.634848837504691, 25.703853417751773 ], [ 54.634938669033104, 25.703853417751773 ], [ 54.634938669033104, 25.703943249280186 ], [ 54.635028500561518, 25.703943249280186 ], [ 54.635028500561518, 25.7040330808086 ], [ 54.635118332089931, 25.7040330808086 ], [ 54.635118332089931, 25.704212743865423 ], [ 54.634938669033104, 25.704212743865423 ], [ 54.634938669033104, 25.704392406922246 ], [ 54.634669174447872, 25.704392406922246 ], [ 54.634669174447872, 25.704572069979069 ], [ 54.634579342919459, 25.704572069979069 ], [ 54.634579342919459, 25.704751733035895 ], [ 54.634489511391045, 25.704751733035895 ], [ 54.634489511391045, 25.704931396092718 ], [ 54.634399679862632, 25.704931396092718 ], [ 54.634399679862632, 25.705021227621131 ], [ 54.634309848334226, 25.705021227621131 ], [ 54.634309848334226, 25.705111059149541 ], [ 54.634220016805813, 25.705111059149541 ], [ 54.634220016805813, 25.705200890677954 ], [ 54.6341301852774, 25.705200890677954 ], [ 54.6341301852774, 25.705290722206364 ], [ 54.634040353748986, 25.705290722206364 ] ] ] } },
{ "type": "Feature", "properties": { "region_id": 2, "scene_id": "unknown", "area_km2": 0.010498666184947564, "centroid_lat": 25.697404357629843, "centroid_lon": 54.666477596729841, "acquisition_timestamp_utc": null, "mean_confidence": null, "source_mask_path": "00052_mask.tif" }, "geometry": { "type": "Polygon", "coordinates": [ [ [ 54.667188187732997, 25.698014368404998 ], [ 54.667188187732997, 25.697924536876585 ], [ 54.666828861619351, 25.697924536876585 ], [ 54.666828861619351, 25.697834705348175 ], [ 54.666649198562524, 25.697834705348175 ], [ 54.666649198562524, 25.697744873819762 ], [ 54.666289872448878, 25.697744873819762 ], [ 54.666289872448878, 25.697655042291348 ], [ 54.666020377863639, 25.697655042291348 ], [ 54.666020377863639, 25.697565210762939 ], [ 54.665930546335233, 25.697565210762939 ], [ 54.665930546335233, 25.697475379234525 ], [ 54.665840714806819, 25.697475379234525 ], [ 54.665840714806819, 25.697205884649289 ], [ 54.665750883278406, 25.697205884649289 ], [ 54.665750883278406, 25.697026221592466 ], [ 54.665840714806819, 25.697026221592466 ], [ 54.665840714806819, 25.696936390064053 ], [ 54.666020377863639, 25.696936390064053 ], [ 54.666020377863639, 25.696846558535643 ], [ 54.666379703977292, 25.696846558535643 ], [ 54.666379703977292, 25.696936390064053 ], [ 54.666559367034111, 25.696936390064053 ], [ 54.666559367034111, 25.697026221592466 ], [ 54.666649198562524, 25.697026221592466 ], [ 54.666649198562524, 25.69711605312088 ], [ 54.666739030090937, 25.69711605312088 ], [ 54.666739030090937, 25.697205884649289 ], [ 54.666828861619351, 25.697205884649289 ], [ 54.666828861619351, 25.697475379234525 ], [ 54.667098356204583, 25.697475379234525 ], [ 54.667098356204583, 25.697565210762939 ], [ 54.667188187732997, 25.697565210762939 ], [ 54.667188187732997, 25.697655042291348 ], [ 54.66727801926141, 25.697655042291348 ], [ 54.66727801926141, 25.697834705348175 ], [ 54.667367850789823, 25.697834705348175 ], [ 54.667367850789823, 25.697924536876585 ], [ 54.66727801926141, 25.697924536876585 ], [ 54.66727801926141, 25.698014368404998 ], [ 54.667188187732997, 25.698014368404998 ] ] ] } },
{ "type": "Feature", "properties": { "region_id": 3, "scene_id": "unknown", "area_km2": 0.022074349671631098, "centroid_lat": 25.696130460830297, "centroid_lon": 54.664078773707018, "acquisition_timestamp_utc": null, "mean_confidence": null, "source_mask_path": "00052_mask.tif" }, "geometry": { "type": "Polygon", "coordinates": [ [ [ 54.664762736465875, 25.696846558535643 ], [ 54.664762736465875, 25.69675672700723 ], [ 54.664493241880635, 25.69675672700723 ], [ 54.664493241880635, 25.696666895478817 ], [ 54.664313578823815, 25.696666895478817 ], [ 54.664313578823815, 25.696577063950407 ], [ 54.664223747295402, 25.696577063950407 ], [ 54.664223747295402, 25.696487232421994 ], [ 54.664044084238576, 25.696487232421994 ], [ 54.664044084238576, 25.696397400893581 ], [ 54.66395425271017, 25.696397400893581 ], [ 54.66395425271017, 25.696307569365171 ], [ 54.662876274369225, 25.696307569365171 ], [ 54.662876274369225, 25.695678748666285 ], [ 54.662966105897638, 25.695678748666285 ], [ 54.662966105897638, 25.695499085609462 ], [ 54.663145768954458, 25.695499085609462 ], [ 54.663145768954458, 25.695409254081049 ], [ 54.663505095068103, 25.695409254081049 ], [ 54.663505095068103, 25.69531942255264 ], [ 54.663594926596517, 25.69531942255264 ], [ 54.663594926596517, 25.695409254081049 ], [ 54.663774589653343, 25.695409254081049 ], [ 54.663774589653343, 25.695499085609462 ], [ 54.66395425271017, 25.695499085609462 ], [ 54.66395425271017, 25.695588917137876 ], [ 54.664133915766989, 25.695588917137876 ], [ 54.664133915766989, 25.695678748666285 ], [ 54.664223747295402, 25.695678748666285 ], [ 54.664223747295402, 25.695768580194699 ], [ 54.664313578823815, 25.695768580194699 ], [ 54.664313578823815, 25.695858411723112 ], [ 54.664493241880635, 25.695858411723112 ], [ 54.664493241880635, 25.695948243251522 ], [ 54.664672904937461, 25.695948243251522 ], [ 54.664672904937461, 25.696038074779935 ], [ 54.664852567994288, 25.696038074779935 ], [ 54.664852567994288, 25.696127906308348 ], [ 54.664942399522701, 25.696127906308348 ], [ 54.664942399522701, 25.696217737836758 ], [ 54.665032231051107, 25.696217737836758 ], [ 54.665032231051107, 25.696307569365171 ], [ 54.66512206257952, 25.696307569365171 ], [ 54.66512206257952, 25.696397400893581 ], [ 54.665211894107934, 25.696397400893581 ], [ 54.665211894107934, 25.696487232421994 ], [ 54.66539155716476, 25.696487232421994 ], [ 54.66539155716476, 25.696577063950407 ], [ 54.66557122022158, 25.696577063950407 ], [ 54.66557122022158, 25.696666895478817 ], [ 54.665661051749993, 25.696666895478817 ], [ 54.665661051749993, 25.696846558535643 ], [ 54.664762736465875, 25.696846558535643 ] ] ] } },
{ "type": "Feature", "properties": { "region_id": 4, "scene_id": "unknown", "area_km2": 0.021087754503124216, "centroid_lat": 25.693421682135956, "centroid_lon": 54.660646731966516, "acquisition_timestamp_utc": null, "mean_confidence": null, "source_mask_path": "00052_mask.tif" }, "geometry": { "type": "Polygon", "coordinates": [ [ [ 54.660720317687336, 25.694151612683285 ], [ 54.660720317687336, 25.694061781154872 ], [ 54.66036099157369, 25.694061781154872 ], [ 54.66036099157369, 25.693971949626459 ], [ 54.660271160045276, 25.693971949626459 ], [ 54.660271160045276, 25.693882118098049 ], [ 54.66009149698845, 25.693882118098049 ], [ 54.66009149698845, 25.693792286569636 ], [ 54.660001665460044, 25.693792286569636 ], [ 54.660001665460044, 25.693702455041223 ], [ 54.659911833931631, 25.693702455041223 ], [ 54.659911833931631, 25.693612623512813 ], [ 54.659822002403217, 25.693612623512813 ], [ 54.659822002403217, 25.693253297399163 ], [ 54.659732170874804, 25.693253297399163 ], [ 54.659732170874804, 25.692983802813927 ], [ 54.659822002403217, 25.692983802813927 ], [ 54.659822002403217, 25.692804139757104 ], [ 54.661259306857808, 25.692804139757104 ], [ 54.661259306857808, 25.692893971285518 ], [ 54.661349138386221, 25.692893971285518 ], [ 54.661349138386221, 25.6935227919844 ], [ 54.661438969914634, 25.6935227919844 ], [ 54.661438969914634, 25.693792286569636 ], [ 54.66152880144304, 25.693792286569636 ], [ 54.66152880144304, 25.693971949626459 ], [ 54.661438969914634, 25.693971949626459 ], [ 54.661438969914634, 25.694061781154872 ], [ 54.661079643800981, 25.694061781154872 ], [ 54.661079643800981, 25.694151612683285 ], [ 54.660720317687336, 25.694151612683285 ] ] ] } },
{ "type": "Feature", "properties": { "region_id": 5, "scene_id": "unknown", "area_km2": 0.23509783459060954, "centroid_lat": 25.697664088247148, "centroid_lon": 54.627761513514962, "acquisition_timestamp_utc": null, "mean_confidence": null, "source_mask_path": "00052_mask.tif" }, "geometry": { "type": "Polygon", "coordinates": [ [ [ 54.629189451214742, 25.703224597052891 ], [ 54.629189451214742, 25.703134765524478 ], [ 54.628919956629503, 25.703134765524478 ], [ 54.628919956629503, 25.703044933996068 ], [ 54.628740293572683, 25.703044933996068 ], [ 54.628740293572683, 25.702955102467655 ], [ 54.628560630515857, 25.702955102467655 ], [ 54.628560630515857, 25.702865270939242 ], [ 54.628470798987443, 25.702865270939242 ], [ 54.628470798987443, 25.702775439410832 ], [ 54.62838096745903, 25.702775439410832 ], [ 54.62838096745903, 25.702416113297183 ], [ 54.628291135930624, 25.702416113297183 ], [ 54.628291135930624, 25.701697461069887 ], [ 54.62838096745903, 25.701697461069887 ], [ 54.62838096745903, 25.701158471899415 ], [ 54.628291135930624, 25.701158471899415 ], [ 54.628291135930624, 25.700978808842592 ], [ 54.628201304402211, 25.700978808842592 ], [ 54.628201304402211, 25.700619482728943 ], [ 54.628111472873798, 25.700619482728943 ], [ 54.628111472873798, 25.698912683689116 ], [ 54.628021641345384, 25.698912683689116 ], [ 54.628021641345384, 25.698733020632293 ], [ 54.627931809816971, 25.698733020632293 ], [ 54.627931809816971, 25.69864318910388 ], [ 54.627841978288565, 25.69864318910388 ], [ 54.627841978288565, 25.698463526047057 ], [ 54.627662315231738, 25.698463526047057 ], [ 54.627662315231738, 25.698373694518644 ], [ 54.627213157589679, 25.698373694518644 ], [ 54.627213157589679, 25.698463526047057 ], [ 54.627033494532853, 25.698463526047057 ], [ 54.627033494532853, 25.69855335757547 ], [ 54.62676399994762, 25.69855335757547 ], [ 54.62676399994762, 25.69864318910388 ], [ 54.626404673833967, 25.69864318910388 ], [ 54.626404673833967, 25.698733020632293 ], [ 54.626314842305561, 25.698733020632293 ], [ 54.626314842305561, 25.69864318910388 ], [ 54.626045347720321, 25.69864318910388 ], [ 54.626045347720321, 25.698373694518644 ], [ 54.626135179248735, 25.698373694518644 ], [ 54.626135179248735, 25.698283862990234 ], [ 54.626225010777148, 25.698283862990234 ], [ 54.626225010777148, 25.698014368404998 ], [ 54.626314842305561, 25.698014368404998 ], [ 54.626314842305561, 25.697924536876585 ], [ 54.626404673833967, 25.697924536876585 ], [ 54.626404673833967, 25.697655042291348 ], [ 54.62649450536238, 25.697655042291348 ], [ 54.62649450536238, 25.697565210762939 ], [ 54.626584336890794, 25.697565210762939 ], [ 54.626584336890794, 25.696487232421994 ], [ 54.626404673833967, 25.696487232421994 ], [ 54.626404673833967, 25.696397400893581 ], [ 54.626225010777148, 25.696397400893581 ], [ 54.626225010777148, 25.696307569365171 ], [ 54.626135179248735, 25.696307569365171 ], [ 54.626135179248735, 25.696217737836758 ], [ 54.626045347720321, 25.696217737836758 ], [ 54.626045347720321, 25.696127906308348 ], [ 54.625955516191908, 25.696127906308348 ], [ 54.625955516191908, 25.695948243251522 ], [ 54.625865684663502, 25.695948243251522 ], [ 54.625865684663502, 25.695588917137876 ], [ 54.625775853135089, 25.695588917137876 ], [ 54.625775853135089, 25.695499085609462 ], [ 54.625686021606676, 25.695499085609462 ], [ 54.625686021606676, 25.69531942255264 ], [ 54.625596190078262, 25.69531942255264 ], [ 54.625596190078262, 25.695049927967403 ], [ 54.625506358549849, 25.695049927967403 ], [ 54.625506358549849, 25.694600770325344 ], [ 54.625416527021436, 25.694600770325344 ], [ 54.625416527021436, 25.694331275740108 ], [ 54.62532669549303, 25.694331275740108 ], [ 54.62532669549303, 25.694151612683285 ], [ 54.625236863964616, 25.694151612683285 ], [ 54.625236863964616, 25.693971949626459 ], [ 54.625147032436203, 25.693971949626459 ], [ 54.625147032436203, 25.693612623512813 ], [ 54.624967369379377, 25.693612623512813 ], [ 54.624967369379377, 25.693432960455986 ], [ 54.624877537850971, 25.693432960455986 ], [ 54.624877537850971, 25.693253297399163 ], [ 54.624787706322557, 25.693253297399163 ], [ 54.624787706322557, 25.693163465870754 ], [ 54.624697874794144, 25.693163465870754 ], [ 54.624697874794144, 25.69307363434234 ], [ 54.624608043265731, 25.69307363434234 ], [ 54.624608043265731, 25.692983802813927 ], [ 54.624697874794144, 25.692983802813927 ], [ 54.624697874794144, 25.692804139757104 ], [ 54.627482652174912, 25.692804139757104 ], [ 54.627482652174912, 25.69307363434234 ], [ 54.627392820646499, 25.69307363434234 ], [ 54.627392820646499, 25.693163465870754 ], [ 54.627302989118093, 25.693163465870754 ], [ 54.627302989118093, 25.693612623512813 ], [ 54.627213157589679, 25.693612623512813 ], [ 54.627213157589679, 25.694061781154872 ], [ 54.627302989118093, 25.694061781154872 ], [ 54.627302989118093, 25.694151612683285 ], [ 54.627392820646499, 25.694151612683285 ], [ 54.627392820646499, 25.694241444211695 ], [ 54.627482652174912, 25.694241444211695 ], [ 54.627482652174912, 25.694331275740108 ], [ 54.627572483703325, 25.694331275740108 ], [ 54.627572483703325, 25.694510938796931 ], [ 54.627662315231738, 25.694510938796931 ], [ 54.627662315231738, 25.694690601853754 ], [ 54.627752146760152, 25.694690601853754 ], [ 54.627752146760152, 25.69487026491058 ], [ 54.627841978288565, 25.69487026491058 ], [ 54.627841978288565, 25.695049927967403 ], [ 54.627931809816971, 25.695049927967403 ], [ 54.627931809816971, 25.695499085609462 ], [ 54.628021641345384, 25.695499085609462 ], [ 54.628021641345384, 25.695858411723112 ], [ 54.628111472873798, 25.695858411723112 ], [ 54.628111472873798, 25.696217737836758 ], [ 54.628201304402211, 25.696217737836758 ], [ 54.628201304402211, 25.696397400893581 ], [ 54.628291135930624, 25.696397400893581 ], [ 54.628291135930624, 25.696666895478817 ], [ 54.62838096745903, 25.696666895478817 ], [ 54.62838096745903, 25.69675672700723 ], [ 54.628470798987443, 25.69675672700723 ], [ 54.628470798987443, 25.696846558535643 ], [ 54.628560630515857, 25.696846558535643 ], [ 54.628560630515857, 25.696936390064053 ], [ 54.62865046204427, 25.696936390064053 ], [ 54.62865046204427, 25.697026221592466 ], [ 54.628740293572683, 25.697026221592466 ], [ 54.628740293572683, 25.69711605312088 ], [ 54.628830125101096, 25.69711605312088 ], [ 54.628830125101096, 25.697295716177702 ], [ 54.628919956629503, 25.697295716177702 ], [ 54.628919956629503, 25.697565210762939 ], [ 54.629009788157916, 25.697565210762939 ], [ 54.629009788157916, 25.698014368404998 ], [ 54.629099619686329, 25.698014368404998 ], [ 54.629099619686329, 25.698194031461821 ], [ 54.629189451214742, 25.698194031461821 ], [ 54.629189451214742, 25.698463526047057 ], [ 54.629279282743155, 25.698463526047057 ], [ 54.629279282743155, 25.69864318910388 ], [ 54.629369114271562, 25.69864318910388 ], [ 54.629369114271562, 25.699361841331175 ], [ 54.629458945799975, 25.699361841331175 ], [ 54.629458945799975, 25.699451672859588 ], [ 54.629548777328388, 25.699451672859588 ], [ 54.629548777328388, 25.699721167444824 ], [ 54.629638608856801, 25.699721167444824 ], [ 54.629638608856801, 25.699810998973238 ], [ 54.629728440385215, 25.699810998973238 ], [ 54.629728440385215, 25.699990662030061 ], [ 54.629818271913628, 25.699990662030061 ], [ 54.629818271913628, 25.700080493558474 ], [ 54.629908103442034, 25.700080493558474 ], [ 54.629908103442034, 25.700260156615297 ], [ 54.629997934970447, 25.700260156615297 ], [ 54.629997934970447, 25.70043981967212 ], [ 54.63008776649886, 25.70043981967212 ], [ 54.63008776649886, 25.700619482728943 ], [ 54.630177598027274, 25.700619482728943 ], [ 54.630177598027274, 25.700709314257356 ], [ 54.630267429555687, 25.700709314257356 ], [ 54.630267429555687, 25.700799145785769 ], [ 54.630357261084093, 25.700799145785769 ], [ 54.630357261084093, 25.701427966484651 ], [ 54.630267429555687, 25.701427966484651 ], [ 54.630267429555687, 25.702505944825596 ], [ 54.630177598027274, 25.702505944825596 ], [ 54.630177598027274, 25.702685607882419 ], [ 54.63008776649886, 25.702685607882419 ], [ 54.63008776649886, 25.702775439410832 ], [ 54.629997934970447, 25.702775439410832 ], [ 54.629997934970447, 25.702955102467655 ], [ 54.629818271913628, 25.702955102467655 ], [ 54.629818271913628, 25.703044933996068 ], [ 54.629728440385215, 25.703044933996068 ], [ 54.629728440385215, 25.703134765524478 ], [ 54.629458945799975, 25.703134765524478 ], [ 54.629458945799975, 25.703224597052891 ], [ 54.629189451214742, 25.703224597052891 ] ] ] } },
{ "type": "Feature", "properties": { "region_id": 6, "scene_id": "unknown", "area_km2": 0.03445938386826522, "centroid_lat": 25.689550542842802, "centroid_lon": 54.656966807788336, "acquisition_timestamp_utc": null, "mean_confidence": null, "source_mask_path": "00052_mask.tif" }, "geometry": { "type": "Polygon", "coordinates": [ [ [ 54.656947393494036, 25.691366835302514 ], [ 54.656947393494036, 25.691277003774101 ], [ 54.656857561965623, 25.691277003774101 ], [ 54.656857561965623, 25.690109193904746 ], [ 54.65676773043721, 25.690109193904746 ], [ 54.65676773043721, 25.689210878620624 ], [ 54.656588067380383, 25.689210878620624 ], [ 54.656588067380383, 25.689300710149038 ], [ 54.656408404323564, 25.689300710149038 ], [ 54.656408404323564, 25.689210878620624 ], [ 54.656318572795151, 25.689210878620624 ], [ 54.656318572795151, 25.688941384035392 ], [ 54.656138909738324, 25.688941384035392 ], [ 54.656138909738324, 25.688851552506978 ], [ 54.656049078209918, 25.688851552506978 ], [ 54.656049078209918, 25.688761720978565 ], [ 54.655869415153091, 25.688761720978565 ], [ 54.655869415153091, 25.688582057921742 ], [ 54.655779583624678, 25.688582057921742 ], [ 54.655779583624678, 25.688492226393329 ], [ 54.655689752096265, 25.688492226393329 ], [ 54.655689752096265, 25.688132900279683 ], [ 54.656049078209918, 25.688132900279683 ], [ 54.656049078209918, 25.688222731808093 ], [ 54.656138909738324, 25.688222731808093 ], [ 54.656138909738324, 25.688312563336506 ], [ 54.656318572795151, 25.688312563336506 ], [ 54.656318572795151, 25.688222731808093 ], [ 54.656408404323564, 25.688222731808093 ], [ 54.656408404323564, 25.688132900279683 ], [ 54.656588067380383, 25.688132900279683 ], [ 54.656588067380383, 25.688312563336506 ], [ 54.65676773043721, 25.688312563336506 ], [ 54.65676773043721, 25.688671889450156 ], [ 54.656857561965623, 25.688671889450156 ], [ 54.656857561965623, 25.688132900279683 ], [ 54.656947393494036, 25.688132900279683 ], [ 54.656947393494036, 25.687683742637624 ], [ 54.657037225022449, 25.687683742637624 ], [ 54.657037225022449, 25.687773574166034 ], [ 54.657127056550856, 25.687773574166034 ], [ 54.657127056550856, 25.68795323722286 ], [ 54.657216888079269, 25.68795323722286 ], [ 54.657216888079269, 25.688402394864919 ], [ 54.657127056550856, 25.688402394864919 ], [ 54.657127056550856, 25.688492226393329 ], [ 54.657216888079269, 25.688492226393329 ], [ 54.657216888079269, 25.688761720978565 ], [ 54.657306719607682, 25.688761720978565 ], [ 54.657306719607682, 25.689210878620624 ], [ 54.657396551136095, 25.689210878620624 ], [ 54.657396551136095, 25.689570204734274 ], [ 54.657486382664509, 25.689570204734274 ], [ 54.657486382664509, 25.689749867791097 ], [ 54.657576214192915, 25.689749867791097 ], [ 54.657576214192915, 25.68983969931951 ], [ 54.657666045721328, 25.68983969931951 ], [ 54.657666045721328, 25.690109193904746 ], [ 54.657755877249741, 25.690109193904746 ], [ 54.657755877249741, 25.690288856961569 ], [ 54.657845708778154, 25.690288856961569 ], [ 54.657845708778154, 25.691007509188864 ], [ 54.657755877249741, 25.691007509188864 ], [ 54.657755877249741, 25.691097340717278 ], [ 54.657486382664509, 25.691097340717278 ], [ 54.657486382664509, 25.691187172245687 ], [ 54.657216888079269, 25.691187172245687 ], [ 54.657216888079269, 25.691277003774101 ], [ 54.657127056550856, 25.691277003774101 ], [ 54.657127056550856, 25.691366835302514 ], [ 54.656947393494036, 25.691366835302514 ] ] ] } },
{ "type": "Feature", "properties": { "region_id": 7, "scene_id": "unknown", "area_km2": 0.013819830627205895, "centroid_lat": 25.687947985437798, "centroid_lon": 54.5642517556564, "acquisition_timestamp_utc": null, "mean_confidence": null, "source_mask_path": "00052_mask.tif" }, "geometry": { "type": "Polygon", "coordinates": [ [ [ 54.564241256172899, 25.688671889450156 ], [ 54.564241256172899, 25.688582057921742 ], [ 54.564061593116072, 25.688582057921742 ], [ 54.564061593116072, 25.688492226393329 ], [ 54.563881930059253, 25.688492226393329 ], [ 54.563881930059253, 25.688402394864919 ], [ 54.56379209853084, 25.688402394864919 ], [ 54.56379209853084, 25.68795323722286 ], [ 54.563702267002427, 25.68795323722286 ], [ 54.563702267002427, 25.687863405694447 ], [ 54.56379209853084, 25.687863405694447 ], [ 54.56379209853084, 25.687773574166034 ], [ 54.563881930059253, 25.687773574166034 ], [ 54.563881930059253, 25.687504079580798 ], [ 54.563522603945607, 25.687504079580798 ], [ 54.563522603945607, 25.687234584995561 ], [ 54.563612435474013, 25.687234584995561 ], [ 54.563612435474013, 25.687144753467152 ], [ 54.563702267002427, 25.687144753467152 ], [ 54.563702267002427, 25.687234584995561 ], [ 54.563971761587666, 25.687234584995561 ], [ 54.563971761587666, 25.687414248052388 ], [ 54.564061593116072, 25.687414248052388 ], [ 54.564061593116072, 25.687504079580798 ], [ 54.563971761587666, 25.687504079580798 ], [ 54.563971761587666, 25.687593911109211 ], [ 54.564151424644486, 25.687593911109211 ], [ 54.564151424644486, 25.687414248052388 ], [ 54.564241256172899, 25.687414248052388 ], [ 54.564241256172899, 25.687324416523975 ], [ 54.564420919229725, 25.687324416523975 ], [ 54.564420919229725, 25.687144753467152 ], [ 54.564510750758139, 25.687144753467152 ], [ 54.564510750758139, 25.687324416523975 ], [ 54.564600582286545, 25.687324416523975 ], [ 54.564600582286545, 25.687504079580798 ], [ 54.564690413814958, 25.687504079580798 ], [ 54.564690413814958, 25.687593911109211 ], [ 54.564780245343371, 25.687593911109211 ], [ 54.564780245343371, 25.687683742637624 ], [ 54.564690413814958, 25.687683742637624 ], [ 54.564690413814958, 25.687863405694447 ], [ 54.564780245343371, 25.687863405694447 ], [ 54.564780245343371, 25.688582057921742 ], [ 54.564690413814958, 25.688582057921742 ], [ 54.564690413814958, 25.688671889450156 ], [ 54.564241256172899, 25.688671889450156 ] ] ] } },
{ "type": "Feature", "properties": { "region_id": 8, "scene_id": "unknown", "area_km2": 0.064439078749461309, "centroid_lat": 25.675922313215622, "centroid_lon": 54.609422009188343, "acquisition_timestamp_utc": null, "mean_confidence": null, "source_mask_path": "00052_mask.tif" }, "geometry": { "type": "Polygon", "coordinates": [ [ [ 54.610414661776645, 25.67744294839866 ], [ 54.610414661776645, 25.677353116870247 ], [ 54.610234998719818, 25.677353116870247 ], [ 54.610234998719818, 25.677263285341837 ], [ 54.609965504134586, 25.677263285341837 ], [ 54.609965504134586, 25.677173453813424 ], [ 54.609606178020933, 25.677173453813424 ], [ 54.609606178020933, 25.677083622285014 ], [ 54.609516346492526, 25.677083622285014 ], [ 54.609516346492526, 25.676993790756601 ], [ 54.6093366834357, 25.676993790756601 ], [ 54.6093366834357, 25.676903959228188 ], [ 54.609246851907287, 25.676903959228188 ], [ 54.609246851907287, 25.676814127699778 ], [ 54.609157020378873, 25.676814127699778 ], [ 54.609157020378873, 25.676724296171365 ], [ 54.608977357322054, 25.676724296171365 ], [ 54.608977357322054, 25.676634464642952 ], [ 54.608887525793641, 25.676634464642952 ], [ 54.608887525793641, 25.676544633114542 ], [ 54.608797694265228, 25.676544633114542 ], [ 54.608797694265228, 25.676454801586129 ], [ 54.608438368151582, 25.676454801586129 ], [ 54.608438368151582, 25.676364970057715 ], [ 54.608258705094755, 25.676364970057715 ], [ 54.608258705094755, 25.676275138529306 ], [ 54.608079042037936, 25.676275138529306 ], [ 54.608079042037936, 25.676185307000893 ], [ 54.607899378981109, 25.676185307000893 ], [ 54.607899378981109, 25.676095475472483 ], [ 54.607809547452696, 25.676095475472483 ], [ 54.607809547452696, 25.67600564394407 ], [ 54.607719715924283, 25.67600564394407 ], [ 54.607719715924283, 25.675915812415656 ], [ 54.60762988439587, 25.675915812415656 ], [ 54.60762988439587, 25.675825980887247 ], [ 54.607540052867463, 25.675825980887247 ], [ 54.607540052867463, 25.67564631783042 ], [ 54.60762988439587, 25.67564631783042 ], [ 54.60762988439587, 25.675466654773597 ], [ 54.607719715924283, 25.675466654773597 ], [ 54.607719715924283, 25.675376823245184 ], [ 54.607809547452696, 25.675376823245184 ], [ 54.607809547452696, 25.675286991716774 ], [ 54.607899378981109, 25.675286991716774 ], [ 54.607899378981109, 25.675107328659948 ], [ 54.608079042037936, 25.675107328659948 ], [ 54.608079042037936, 25.675017497131538 ], [ 54.608168873566342, 25.675017497131538 ], [ 54.608168873566342, 25.674927665603125 ], [ 54.608528199679995, 25.674927665603125 ], [ 54.608528199679995, 25.674837834074715 ], [ 54.608618031208401, 25.674837834074715 ], [ 54.608618031208401, 25.674748002546302 ], [ 54.608797694265228, 25.674748002546302 ], [ 54.608797694265228, 25.674658171017889 ], [ 54.608887525793641, 25.674658171017889 ], [ 54.608887525793641, 25.674568339489479 ], [ 54.609157020378873, 25.674568339489479 ], [ 54.609157020378873, 25.674658171017889 ], [ 54.609426514964113, 25.674658171017889 ], [ 54.609426514964113, 25.674748002546302 ], [ 54.609606178020933, 25.674748002546302 ], [ 54.609606178020933, 25.674927665603125 ], [ 54.609696009549346, 25.674927665603125 ], [ 54.609696009549346, 25.675017497131538 ], [ 54.609965504134586, 25.675017497131538 ], [ 54.609965504134586, 25.675107328659948 ], [ 54.610234998719818, 25.675107328659948 ], [ 54.610234998719818, 25.675197160188361 ], [ 54.610414661776645, 25.675197160188361 ], [ 54.610414661776645, 25.675107328659948 ], [ 54.610594324833464, 25.675107328659948 ], [ 54.610594324833464, 25.675197160188361 ], [ 54.61077398789029, 25.675197160188361 ], [ 54.61077398789029, 25.67744294839866 ], [ 54.610414661776645, 25.67744294839866 ] ] ] } },
{ "type": "Feature", "properties": { "region_id": 9, "scene_id": "unknown", "area_km2": 0.016244564799152497, "centroid_lat": 25.674624167168066, "centroid_lon": 54.58209564574247, "acquisition_timestamp_utc": null, "mean_confidence": null, "source_mask_path": "00052_mask.tif" }, "geometry": { "type": "Polygon", "coordinates": [ [ [ 54.581938067270052, 25.676095475472483 ], [ 54.581938067270052, 25.67600564394407 ], [ 54.581758404213232, 25.67600564394407 ], [ 54.581758404213232, 25.675825980887247 ], [ 54.581668572684819, 25.675825980887247 ], [ 54.581668572684819, 25.675736149358833 ], [ 54.581578741156406, 25.675736149358833 ], [ 54.581578741156406, 25.675286991716774 ], [ 54.581488909627993, 25.675286991716774 ], [ 54.581488909627993, 25.675107328659948 ], [ 54.581578741156406, 25.675107328659948 ], [ 54.581578741156406, 25.675017497131538 ], [ 54.581668572684819, 25.675017497131538 ], [ 54.581668572684819, 25.674927665603125 ], [ 54.581758404213232, 25.674927665603125 ], [ 54.581758404213232, 25.674837834074715 ], [ 54.581848235741646, 25.674837834074715 ], [ 54.581848235741646, 25.674748002546302 ], [ 54.582027898798465, 25.674748002546302 ], [ 54.582027898798465, 25.674478507961066 ], [ 54.581938067270052, 25.674478507961066 ], [ 54.581938067270052, 25.674388676432653 ], [ 54.581848235741646, 25.674388676432653 ], [ 54.581848235741646, 25.673939518790593 ], [ 54.581938067270052, 25.673939518790593 ], [ 54.581938067270052, 25.673849687262184 ], [ 54.581848235741646, 25.673849687262184 ], [ 54.581848235741646, 25.673759855733771 ], [ 54.581938067270052, 25.673759855733771 ], [ 54.581938067270052, 25.673580192676948 ], [ 54.582027898798465, 25.673580192676948 ], [ 54.582027898798465, 25.673490361148534 ], [ 54.582207561855292, 25.673490361148534 ], [ 54.582207561855292, 25.673400529620121 ], [ 54.582297393383705, 25.673400529620121 ], [ 54.582297393383705, 25.673310698091711 ], [ 54.582387224912111, 25.673310698091711 ], [ 54.582387224912111, 25.673400529620121 ], [ 54.582477056440524, 25.673400529620121 ], [ 54.582477056440524, 25.673580192676948 ], [ 54.582566887968937, 25.673580192676948 ], [ 54.582566887968937, 25.673849687262184 ], [ 54.582656719497351, 25.673849687262184 ], [ 54.582656719497351, 25.674029350319007 ], [ 54.582746551025764, 25.674029350319007 ], [ 54.582746551025764, 25.674298844904243 ], [ 54.582656719497351, 25.674298844904243 ], [ 54.582656719497351, 25.674388676432653 ], [ 54.582566887968937, 25.674388676432653 ], [ 54.582566887968937, 25.674478507961066 ], [ 54.582477056440524, 25.674478507961066 ], [ 54.582477056440524, 25.674568339489479 ], [ 54.582207561855292, 25.674568339489479 ], [ 54.582207561855292, 25.674748002546302 ], [ 54.582117730326878, 25.674748002546302 ], [ 54.582117730326878, 25.674837834074715 ], [ 54.582207561855292, 25.674837834074715 ], [ 54.582207561855292, 25.674927665603125 ], [ 54.582117730326878, 25.674927665603125 ], [ 54.582117730326878, 25.676095475472483 ], [ 54.581938067270052, 25.676095475472483 ] ] ] } },
{ "type": "Feature", "properties": { "region_id": 10, "scene_id": "unknown", "area_km2": 0.010141811096023157, "centroid_lat": 25.672501021122855, "centroid_lon": 54.653404612771567, "acquisition_timestamp_utc": null, "mean_confidence": null, "source_mask_path": "00052_mask.tif" }, "geometry": { "type": "Polygon", "coordinates": [ [ [ 54.653354132357556, 25.673041203506475 ], [ 54.653354132357556, 25.672951371978062 ], [ 54.65317446930073, 25.672951371978062 ], [ 54.65317446930073, 25.672861540449652 ], [ 54.65299480624391, 25.672861540449652 ], [ 54.65299480624391, 25.672681877392826 ], [ 54.652904974715497, 25.672681877392826 ], [ 54.652904974715497, 25.67241238280759 ], [ 54.652635480130257, 25.67241238280759 ], [ 54.652635480130257, 25.67232255127918 ], [ 54.652815143187084, 25.67232255127918 ], [ 54.652815143187084, 25.672142888222353 ], [ 54.65299480624391, 25.672142888222353 ], [ 54.65299480624391, 25.672053056693944 ], [ 54.65317446930073, 25.672053056693944 ], [ 54.65317446930073, 25.671963225165531 ], [ 54.653264300829143, 25.671963225165531 ], [ 54.653264300829143, 25.672053056693944 ], [ 54.653623626942789, 25.672053056693944 ], [ 54.653623626942789, 25.672142888222353 ], [ 54.653803289999615, 25.672142888222353 ], [ 54.653803289999615, 25.672232719750767 ], [ 54.653893121528029, 25.672232719750767 ], [ 54.653893121528029, 25.67232255127918 ], [ 54.653982953056442, 25.67232255127918 ], [ 54.653982953056442, 25.672861540449652 ], [ 54.653803289999615, 25.672861540449652 ], [ 54.653803289999615, 25.672951371978062 ], [ 54.653533795414383, 25.672951371978062 ], [ 54.653533795414383, 25.673041203506475 ], [ 54.653354132357556, 25.673041203506475 ] ] ] } },
{ "type": "Feature", "properties": { "region_id": 11, "scene_id": "unknown", "area_km2": 0.079072077989387216, "centroid_lat": 25.669647320824943, "centroid_lon": 54.583565998414258, "acquisition_timestamp_utc": null, "mean_confidence": null, "source_mask_path": "00052_mask.tif" }, "geometry": { "type": "Polygon", "coordinates": [ [ [ 54.582746551025764, 25.67232255127918 ], [ 54.582746551025764, 25.672232719750767 ], [ 54.582656719497351, 25.672232719750767 ], [ 54.582656719497351, 25.672053056693944 ], [ 54.582566887968937, 25.672053056693944 ], [ 54.582566887968937, 25.671693730580294 ], [ 54.582656719497351, 25.671693730580294 ], [ 54.582656719497351, 25.671334404466648 ], [ 54.582566887968937, 25.671334404466648 ], [ 54.582566887968937, 25.671244572938235 ], [ 54.582656719497351, 25.671244572938235 ], [ 54.582656719497351, 25.671064909881412 ], [ 54.582566887968937, 25.671064909881412 ], [ 54.582566887968937, 25.670346257654117 ], [ 54.582656719497351, 25.670346257654117 ], [ 54.582656719497351, 25.669717436955231 ], [ 54.582566887968937, 25.669717436955231 ], [ 54.582566887968937, 25.669537773898409 ], [ 54.582477056440524, 25.669537773898409 ], [ 54.582477056440524, 25.669447942369995 ], [ 54.582566887968937, 25.669447942369995 ], [ 54.582566887968937, 25.668549627085877 ], [ 54.582656719497351, 25.668549627085877 ], [ 54.582656719497351, 25.668369964029054 ], [ 54.582746551025764, 25.668369964029054 ], [ 54.582746551025764, 25.668190300972228 ], [ 54.582836382554177, 25.668190300972228 ], [ 54.582836382554177, 25.668100469443818 ], [ 54.582926214082583, 25.668100469443818 ], [ 54.582926214082583, 25.668010637915405 ], [ 54.58310587713941, 25.668010637915405 ], [ 54.58310587713941, 25.667920806386995 ], [ 54.583555034781469, 25.667920806386995 ], [ 54.583555034781469, 25.667830974858582 ], [ 54.584363518537174, 25.667830974858582 ], [ 54.584363518537174, 25.667920806386995 ], [ 54.584543181594, 25.667920806386995 ], [ 54.584543181594, 25.668010637915405 ], [ 54.584633013122414, 25.668010637915405 ], [ 54.584633013122414, 25.668100469443818 ], [ 54.584722844650827, 25.668100469443818 ], [ 54.584722844650827, 25.668190300972228 ], [ 54.58481267617924, 25.668190300972228 ], [ 54.58481267617924, 25.668369964029054 ], [ 54.584902507707646, 25.668369964029054 ], [ 54.584902507707646, 25.668819121671113 ], [ 54.584992339236059, 25.668819121671113 ], [ 54.584992339236059, 25.669447942369995 ], [ 54.585082170764473, 25.669447942369995 ], [ 54.585082170764473, 25.669537773898409 ], [ 54.584992339236059, 25.669537773898409 ], [ 54.584992339236059, 25.669627605426822 ], [ 54.584902507707646, 25.669627605426822 ], [ 54.584902507707646, 25.669717436955231 ], [ 54.58481267617924, 25.669717436955231 ], [ 54.58481267617924, 25.669807268483645 ], [ 54.584273687008768, 25.669807268483645 ], [ 54.584273687008768, 25.669897100012058 ], [ 54.584183855480354, 25.669897100012058 ], [ 54.584183855480354, 25.669986931540468 ], [ 54.584273687008768, 25.669986931540468 ], [ 54.584273687008768, 25.670076763068881 ], [ 54.584183855480354, 25.670076763068881 ], [ 54.584183855480354, 25.670166594597291 ], [ 54.584094023951941, 25.670166594597291 ], [ 54.584094023951941, 25.670615752239353 ], [ 54.584004192423528, 25.670615752239353 ], [ 54.584004192423528, 25.670795415296176 ], [ 54.583914360895115, 25.670795415296176 ], [ 54.583914360895115, 25.670975078352999 ], [ 54.583824529366709, 25.670975078352999 ], [ 54.583824529366709, 25.671244572938235 ], [ 54.583734697838295, 25.671244572938235 ], [ 54.583734697838295, 25.671334404466648 ], [ 54.583644866309882, 25.671334404466648 ], [ 54.583644866309882, 25.671424235995058 ], [ 54.583465203253056, 25.671424235995058 ], [ 54.583465203253056, 25.671603899051885 ], [ 54.583375371724642, 25.671603899051885 ], [ 54.583375371724642, 25.671693730580294 ], [ 54.583285540196236, 25.671693730580294 ], [ 54.583285540196236, 25.671873393637121 ], [ 54.583195708667823, 25.671873393637121 ], [ 54.583195708667823, 25.672053056693944 ], [ 54.58310587713941, 25.672053056693944 ], [ 54.58310587713941, 25.672232719750767 ], [ 54.582926214082583, 25.672232719750767 ], [ 54.582926214082583, 25.67232255127918 ], [ 54.582746551025764, 25.67232255127918 ] ] ] } },
{ "type": "Feature", "properties": { "region_id": 12, "scene_id": "unknown", "area_km2": 0.061480361926452044, "centroid_lat": 25.670040101599412, "centroid_lon": 54.701662841839713, "acquisition_timestamp_utc": null, "mean_confidence": null, "source_mask_path": "00052_mask.tif" }, "geometry": { "type": "Polygon", "coordinates": [ [ [ 54.700964842415893, 25.671514067523471 ], [ 54.700964842415893, 25.671424235995058 ], [ 54.700785179359066, 25.671424235995058 ], [ 54.700785179359066, 25.671334404466648 ], [ 54.700695347830653, 25.671334404466648 ], [ 54.700695347830653, 25.671244572938235 ], [ 54.700605516302247, 25.671244572938235 ], [ 54.700605516302247, 25.671154741409822 ], [ 54.700515684773833, 25.671154741409822 ], [ 54.700515684773833, 25.671064909881412 ], [ 54.70042585324542, 25.671064909881412 ], [ 54.70042585324542, 25.670885246824589 ], [ 54.700336021717007, 25.670885246824589 ], [ 54.700336021717007, 25.670795415296176 ], [ 54.700246190188594, 25.670795415296176 ], [ 54.700246190188594, 25.67052592071094 ], [ 54.70015635866018, 25.67052592071094 ], [ 54.70015635866018, 25.670256426125704 ], [ 54.700066527131774, 25.670256426125704 ], [ 54.700066527131774, 25.669807268483645 ], [ 54.701144505472712, 25.669807268483645 ], [ 54.701144505472712, 25.669627605426822 ], [ 54.701054673944306, 25.669627605426822 ], [ 54.701054673944306, 25.669358110841586 ], [ 54.701144505472712, 25.669358110841586 ], [ 54.701144505472712, 25.669178447784759 ], [ 54.701234337001125, 25.669178447784759 ], [ 54.701234337001125, 25.669088616256349 ], [ 54.701324168529538, 25.669088616256349 ], [ 54.701324168529538, 25.668998784727936 ], [ 54.701503831586365, 25.668998784727936 ], [ 54.701503831586365, 25.668908953199526 ], [ 54.701683494643184, 25.668908953199526 ], [ 54.701683494643184, 25.668819121671113 ], [ 54.701863157700011, 25.668819121671113 ], [ 54.701863157700011, 25.6687292901427 ], [ 54.702042820756837, 25.6687292901427 ], [ 54.702042820756837, 25.66863945861429 ], [ 54.702222483813657, 25.66863945861429 ], [ 54.702222483813657, 25.668549627085877 ], [ 54.70231231534207, 25.668549627085877 ], [ 54.70231231534207, 25.668459795557464 ], [ 54.702402146870483, 25.668459795557464 ], [ 54.702402146870483, 25.667741143330169 ], [ 54.702491978398896, 25.667741143330169 ], [ 54.702491978398896, 25.667920806386995 ], [ 54.70258180992731, 25.667920806386995 ], [ 54.70258180992731, 25.668100469443818 ], [ 54.702671641455716, 25.668100469443818 ], [ 54.702671641455716, 25.668010637915405 ], [ 54.702761472984129, 25.668010637915405 ], [ 54.702761472984129, 25.669627605426822 ], [ 54.70258180992731, 25.669627605426822 ], [ 54.70258180992731, 25.669717436955231 ], [ 54.702491978398896, 25.669717436955231 ], [ 54.702491978398896, 25.669807268483645 ], [ 54.702671641455716, 25.669807268483645 ], [ 54.702671641455716, 25.669897100012058 ], [ 54.702761472984129, 25.669897100012058 ], [ 54.702761472984129, 25.671064909881412 ], [ 54.702671641455716, 25.671064909881412 ], [ 54.702671641455716, 25.671154741409822 ], [ 54.702402146870483, 25.671154741409822 ], [ 54.702402146870483, 25.671064909881412 ], [ 54.701952989228424, 25.671064909881412 ], [ 54.701952989228424, 25.671154741409822 ], [ 54.701683494643184, 25.671154741409822 ], [ 54.701683494643184, 25.671244572938235 ], [ 54.701593663114778, 25.671244572938235 ], [ 54.701593663114778, 25.671334404466648 ], [ 54.701414000057952, 25.671334404466648 ], [ 54.701414000057952, 25.671424235995058 ], [ 54.701234337001125, 25.671424235995058 ], [ 54.701234337001125, 25.671514067523471 ], [ 54.700964842415893, 25.671514067523471 ] ] ] } },
{ "type": "Feature", "properties": { "region_id": 13, "scene_id": "unknown", "area_km2": 0.10869668668184267, "centroid_lat": 25.662653638723874, "centroid_lon": 54.700684404530641, "acquisition_timestamp_utc": null, "mean_confidence": null, "source_mask_path": "00052_mask.tif" }, "geometry": { "type": "Polygon", "coordinates": [ [ [ 54.702491978398896, 25.664147882193692 ], [ 54.702491978398896, 25.664058050665279 ], [ 54.701952989228424, 25.664058050665279 ], [ 54.701952989228424, 25.663968219136869 ], [ 54.701593663114778, 25.663968219136869 ], [ 54.701593663114778, 25.663878387608456 ], [ 54.701054673944306, 25.663878387608456 ], [ 54.701054673944306, 25.663788556080043 ], [ 54.700695347830653, 25.663788556080043 ], [ 54.700695347830653, 25.663878387608456 ], [ 54.70042585324542, 25.663878387608456 ], [ 54.70042585324542, 25.663968219136869 ], [ 54.700066527131774, 25.663968219136869 ], [ 54.700066527131774, 25.664058050665279 ], [ 54.699707201018121, 25.664058050665279 ], [ 54.699707201018121, 25.663968219136869 ], [ 54.699617369489715, 25.663968219136869 ], [ 54.699617369489715, 25.663878387608456 ], [ 54.699527537961302, 25.663878387608456 ], [ 54.699527537961302, 25.663788556080043 ], [ 54.699437706432889, 25.663788556080043 ], [ 54.699437706432889, 25.663698724551633 ], [ 54.699347874904475, 25.663698724551633 ], [ 54.699347874904475, 25.663519061494807 ], [ 54.699258043376062, 25.663519061494807 ], [ 54.699258043376062, 25.663339398437984 ], [ 54.699168211847649, 25.663339398437984 ], [ 54.699168211847649, 25.663159735381161 ], [ 54.699078380319243, 25.663159735381161 ], [ 54.699078380319243, 25.663069903852747 ], [ 54.69898854879083, 25.663069903852747 ], [ 54.69898854879083, 25.662980072324338 ], [ 54.698898717262416, 25.662980072324338 ], [ 54.698898717262416, 25.662890240795925 ], [ 54.698808885734003, 25.662890240795925 ], [ 54.698808885734003, 25.662710577739102 ], [ 54.698629222677184, 25.662710577739102 ], [ 54.698629222677184, 25.662620746210688 ], [ 54.698449559620357, 25.662620746210688 ], [ 54.698449559620357, 25.662530914682275 ], [ 54.698359728091944, 25.662530914682275 ], [ 54.698359728091944, 25.662441083153865 ], [ 54.698269896563531, 25.662441083153865 ], [ 54.698269896563531, 25.662261420097039 ], [ 54.698180065035118, 25.662261420097039 ], [ 54.698180065035118, 25.662171588568629 ], [ 54.698090233506711, 25.662171588568629 ], [ 54.698090233506711, 25.66172243092657 ], [ 54.698180065035118, 25.66172243092657 ], [ 54.698180065035118, 25.661542767869744 ], [ 54.698269896563531, 25.661542767869744 ], [ 54.698269896563531, 25.661452936341334 ], [ 54.698359728091944, 25.661452936341334 ], [ 54.698359728091944, 25.661363104812921 ], [ 54.698449559620357, 25.661363104812921 ], [ 54.698449559620357, 25.661273273284507 ], [ 54.698898717262416, 25.661273273284507 ], [ 54.698898717262416, 25.661363104812921 ], [ 54.699078380319243, 25.661363104812921 ], [ 54.699078380319243, 25.661452936341334 ], [ 54.699168211847649, 25.661452936341334 ], [ 54.699168211847649, 25.661542767869744 ], [ 54.699347874904475, 25.661542767869744 ], [ 54.699347874904475, 25.661632599398157 ], [ 54.699527537961302, 25.661632599398157 ], [ 54.699527537961302, 25.66172243092657 ], [ 54.700605516302247, 25.66172243092657 ], [ 54.700605516302247, 25.661632599398157 ], [ 54.700875010887479, 25.661632599398157 ], [ 54.700875010887479, 25.661542767869744 ], [ 54.700964842415893, 25.661542767869744 ], [ 54.700964842415893, 25.661452936341334 ], [ 54.701144505472712, 25.661452936341334 ], [ 54.701144505472712, 25.661363104812921 ], [ 54.701234337001125, 25.661363104812921 ], [ 54.701234337001125, 25.661273273284507 ], [ 54.701952989228424, 25.661273273284507 ], [ 54.701952989228424, 25.661452936341334 ], [ 54.702042820756837, 25.661452936341334 ], [ 54.702042820756837, 25.661632599398157 ], [ 54.702132652285243, 25.661632599398157 ], [ 54.702132652285243, 25.66172243092657 ], [ 54.70231231534207, 25.66172243092657 ], [ 54.70231231534207, 25.66181226245498 ], [ 54.702402146870483, 25.66181226245498 ], [ 54.702402146870483, 25.66172243092657 ], [ 54.702491978398896, 25.66172243092657 ], [ 54.702491978398896, 25.66181226245498 ], [ 54.70258180992731, 25.66181226245498 ], [ 54.70258180992731, 25.661902093983393 ], [ 54.702761472984129, 25.661902093983393 ], [ 54.702761472984129, 25.664058050665279 ], [ 54.70258180992731, 25.664058050665279 ], [ 54.70258180992731, 25.664147882193692 ], [ 54.702491978398896, 25.664147882193692 ] ] ] } },
{ "type": "Feature", "properties": { "region_id": 14, "scene_id": "unknown", "area_km2": 0.22584151243913048, "centroid_lat": 25.656765295580836, "centroid_lon": 54.701091926621324, "acquisition_timestamp_utc": null, "mean_confidence": null, "source_mask_path": "00052_mask.tif" }, "geometry": { "type": "Polygon", "coordinates": [ [ [ 54.70231231534207, 25.660105463415153 ], [ 54.70231231534207, 25.660015631886743 ], [ 54.701593663114778, 25.660015631886743 ], [ 54.701593663114778, 25.65992580035833 ], [ 54.70042585324542, 25.65992580035833 ], [ 54.70042585324542, 25.660015631886743 ], [ 54.698449559620357, 25.660015631886743 ], [ 54.698449559620357, 25.65992580035833 ], [ 54.698269896563531, 25.65992580035833 ], [ 54.698269896563531, 25.659746137301507 ], [ 54.698180065035118, 25.659746137301507 ], [ 54.698180065035118, 25.659566474244681 ], [ 54.698090233506711, 25.659566474244681 ], [ 54.698090233506711, 25.659296979659445 ], [ 54.698000401978298, 25.659296979659445 ], [ 54.698000401978298, 25.659207148131035 ], [ 54.697910570449885, 25.659207148131035 ], [ 54.697910570449885, 25.658937653545799 ], [ 54.697820738921472, 25.658937653545799 ], [ 54.697820738921472, 25.658668158960563 ], [ 54.697730907393058, 25.658668158960563 ], [ 54.697730907393058, 25.65812916979009 ], [ 54.697820738921472, 25.65812916979009 ], [ 54.697820738921472, 25.657859675204854 ], [ 54.697910570449885, 25.657859675204854 ], [ 54.697910570449885, 25.657680012148031 ], [ 54.698000401978298, 25.657680012148031 ], [ 54.698000401978298, 25.657590180619618 ], [ 54.698090233506711, 25.657590180619618 ], [ 54.698090233506711, 25.657500349091208 ], [ 54.698269896563531, 25.657500349091208 ], [ 54.698269896563531, 25.657410517562795 ], [ 54.698449559620357, 25.657410517562795 ], [ 54.698449559620357, 25.657500349091208 ], [ 54.698629222677184, 25.657500349091208 ], [ 54.698629222677184, 25.657680012148031 ], [ 54.69871905420559, 25.657680012148031 ], [ 54.69871905420559, 25.657769843676444 ], [ 54.698808885734003, 25.657769843676444 ], [ 54.698808885734003, 25.657859675204854 ], [ 54.698898717262416, 25.657859675204854 ], [ 54.698898717262416, 25.657949506733267 ], [ 54.69898854879083, 25.657949506733267 ], [ 54.69898854879083, 25.658039338261677 ], [ 54.699078380319243, 25.658039338261677 ], [ 54.699078380319243, 25.65812916979009 ], [ 54.699527537961302, 25.65812916979009 ], [ 54.699527537961302, 25.658039338261677 ], [ 54.699797032546535, 25.658039338261677 ], [ 54.699797032546535, 25.657949506733267 ], [ 54.699976695603361, 25.657949506733267 ], [ 54.699976695603361, 25.657859675204854 ], [ 54.700515684773833, 25.657859675204854 ], [ 54.700515684773833, 25.657769843676444 ], [ 54.700605516302247, 25.657769843676444 ], [ 54.700605516302247, 25.657680012148031 ], [ 54.700785179359066, 25.657680012148031 ], [ 54.700785179359066, 25.657590180619618 ], [ 54.700875010887479, 25.657590180619618 ], [ 54.700875010887479, 25.657500349091208 ], [ 54.700964842415893, 25.657500349091208 ], [ 54.700964842415893, 25.657320686034382 ], [ 54.701054673944306, 25.657320686034382 ], [ 54.701054673944306, 25.657141022977559 ], [ 54.701144505472712, 25.657141022977559 ], [ 54.701144505472712, 25.656152876165027 ], [ 54.701234337001125, 25.656152876165027 ], [ 54.701234337001125, 25.656063044636614 ], [ 54.701324168529538, 25.656063044636614 ], [ 54.701324168529538, 25.655793550051381 ], [ 54.701414000057952, 25.655793550051381 ], [ 54.701414000057952, 25.655703718522968 ], [ 54.701503831586365, 25.655703718522968 ], [ 54.701503831586365, 25.655524055466145 ], [ 54.701593663114778, 25.655524055466145 ], [ 54.701593663114778, 25.655434223937732 ], [ 54.701683494643184, 25.655434223937732 ], [ 54.701683494643184, 25.655344392409319 ], [ 54.701863157700011, 25.655344392409319 ], [ 54.701863157700011, 25.655164729352496 ], [ 54.701952989228424, 25.655164729352496 ], [ 54.701952989228424, 25.654985066295673 ], [ 54.702042820756837, 25.654985066295673 ], [ 54.702042820756837, 25.65489523476726 ], [ 54.701952989228424, 25.65489523476726 ], [ 54.701952989228424, 25.65480540323885 ], [ 54.702042820756837, 25.65480540323885 ], [ 54.702042820756837, 25.654266414068378 ], [ 54.701952989228424, 25.654266414068378 ], [ 54.701952989228424, 25.654176582539964 ], [ 54.701863157700011, 25.654176582539964 ], [ 54.701863157700011, 25.654086751011551 ], [ 54.701773326171597, 25.654086751011551 ], [ 54.701773326171597, 25.653996919483141 ], [ 54.701593663114778, 25.653996919483141 ], [ 54.701593663114778, 25.653907087954728 ], [ 54.701503831586365, 25.653907087954728 ], [ 54.701503831586365, 25.653817256426318 ], [ 54.701144505472712, 25.653817256426318 ], [ 54.701144505472712, 25.653727424897905 ], [ 54.701054673944306, 25.653727424897905 ], [ 54.701054673944306, 25.653637593369492 ], [ 54.700964842415893, 25.653637593369492 ], [ 54.700964842415893, 25.653547761841082 ], [ 54.700875010887479, 25.653547761841082 ], [ 54.700875010887479, 25.653457930312669 ], [ 54.700785179359066, 25.653457930312669 ], [ 54.700785179359066, 25.653278267255846 ], [ 54.700695347830653, 25.653278267255846 ], [ 54.700695347830653, 25.653188435727433 ], [ 54.700605516302247, 25.653188435727433 ], [ 54.700605516302247, 25.652379951971724 ], [ 54.700695347830653, 25.652379951971724 ], [ 54.700695347830653, 25.652200288914901 ], [ 54.700785179359066, 25.652200288914901 ], [ 54.700785179359066, 25.651930794329665 ], [ 54.700875010887479, 25.651930794329665 ], [ 54.700875010887479, 25.651840962801256 ], [ 54.700964842415893, 25.651840962801256 ], [ 54.700964842415893, 25.651661299744429 ], [ 54.701054673944306, 25.651661299744429 ], [ 54.701054673944306, 25.651571468216019 ], [ 54.701234337001125, 25.651571468216019 ], [ 54.701234337001125, 25.651481636687606 ], [ 54.701503831586365, 25.651481636687606 ], [ 54.701503831586365, 25.651391805159193 ], [ 54.702042820756837, 25.651391805159193 ], [ 54.702042820756837, 25.651481636687606 ], [ 54.702222483813657, 25.651481636687606 ], [ 54.702222483813657, 25.651571468216019 ], [ 54.702402146870483, 25.651571468216019 ], [ 54.702402146870483, 25.651481636687606 ], [ 54.702491978398896, 25.651481636687606 ], [ 54.702491978398896, 25.651571468216019 ], [ 54.702761472984129, 25.651571468216019 ], [ 54.702761472984129, 25.65992580035833 ], [ 54.702671641455716, 25.65992580035833 ], [ 54.702671641455716, 25.660015631886743 ], [ 54.70258180992731, 25.660015631886743 ], [ 54.70258180992731, 25.660105463415153 ], [ 54.70231231534207, 25.660105463415153 ] ] ] } },
{ "type": "Feature", "properties": { "region_id": 15, "scene_id": "unknown", "area_km2": 0.04183221035803087, "centroid_lat": 25.647846538202195, "centroid_lon": 54.540964672159255, "acquisition_timestamp_utc": null, "mean_confidence": null, "source_mask_path": "00052_mask.tif" }, "geometry": { "type": "Polygon", "coordinates": [ [ [ 54.541513879484675, 25.649505343062543 ], [ 54.541513879484675, 25.64941551153413 ], [ 54.541424047956262, 25.64941551153413 ], [ 54.541424047956262, 25.649235848477307 ], [ 54.541334216427849, 25.649235848477307 ], [ 54.541334216427849, 25.649146016948894 ], [ 54.54088505878579, 25.649146016948894 ], [ 54.54088505878579, 25.649056185420484 ], [ 54.540795227257384, 25.649056185420484 ], [ 54.540795227257384, 25.648966353892071 ], [ 54.54070539572897, 25.648966353892071 ], [ 54.54070539572897, 25.648786690835248 ], [ 54.540615564200557, 25.648786690835248 ], [ 54.540615564200557, 25.648607027778425 ], [ 54.540525732672144, 25.648607027778425 ], [ 54.540525732672144, 25.648427364721599 ], [ 54.540435901143731, 25.648427364721599 ], [ 54.540435901143731, 25.648337533193189 ], [ 54.540346069615318, 25.648337533193189 ], [ 54.540346069615318, 25.64788837555113 ], [ 54.540256238086911, 25.64788837555113 ], [ 54.540256238086911, 25.647798544022717 ], [ 54.540166406558498, 25.647798544022717 ], [ 54.540166406558498, 25.647618880965894 ], [ 54.539986743501672, 25.647618880965894 ], [ 54.539986743501672, 25.647439217909067 ], [ 54.539896911973258, 25.647439217909067 ], [ 54.539896911973258, 25.647349386380657 ], [ 54.539807080444852, 25.647349386380657 ], [ 54.539807080444852, 25.647259554852244 ], [ 54.539627417388026, 25.647259554852244 ], [ 54.539627417388026, 25.647169723323831 ], [ 54.539537585859613, 25.647169723323831 ], [ 54.539537585859613, 25.646900228738598 ], [ 54.539627417388026, 25.646900228738598 ], [ 54.539627417388026, 25.646810397210185 ], [ 54.541783374069915, 25.646810397210185 ], [ 54.541783374069915, 25.64932568000572 ], [ 54.541693542541502, 25.64932568000572 ], [ 54.541693542541502, 25.64941551153413 ], [ 54.541603711013089, 25.64941551153413 ], [ 54.541603711013089, 25.649505343062543 ], [ 54.541513879484675, 25.649505343062543 ] ] ] } },
{ "type": "Feature", "properties": { "region_id": 16, "scene_id": "unknown", "area_km2": 0.051529946194973045, "centroid_lat": 25.641413144979872, "centroid_lon": 54.695277913690816, "acquisition_timestamp_utc": null, "mean_confidence": null, "source_mask_path": "00052_mask.tif" }, "geometry": { "type": "Polygon", "coordinates": [ [ [ 54.694496972370231, 25.642767978431646 ], [ 54.694496972370231, 25.642678146903236 ], [ 54.694317309313405, 25.642678146903236 ], [ 54.694317309313405, 25.642588315374823 ], [ 54.694227477784992, 25.642588315374823 ], [ 54.694227477784992, 25.64249848384641 ], [ 54.694137646256586, 25.64249848384641 ], [ 54.694137646256586, 25.642318820789587 ], [ 54.694047814728172, 25.642318820789587 ], [ 54.694047814728172, 25.642049326204351 ], [ 54.693957983199759, 25.642049326204351 ], [ 54.693957983199759, 25.641690000090705 ], [ 54.694047814728172, 25.641690000090705 ], [ 54.694047814728172, 25.641510337033878 ], [ 54.694137646256586, 25.641510337033878 ], [ 54.694137646256586, 25.641240842448642 ], [ 54.694227477784992, 25.641240842448642 ], [ 54.694227477784992, 25.641061179391819 ], [ 54.694317309313405, 25.641061179391819 ], [ 54.694317309313405, 25.640971347863406 ], [ 54.694407140841818, 25.640971347863406 ], [ 54.694407140841818, 25.640791684806583 ], [ 54.694496972370231, 25.640791684806583 ], [ 54.694496972370231, 25.640701853278173 ], [ 54.694586803898645, 25.640701853278173 ], [ 54.694586803898645, 25.64061202174976 ], [ 54.694766466955464, 25.64061202174976 ], [ 54.694766466955464, 25.640522190221347 ], [ 54.695035961540704, 25.640522190221347 ], [ 54.695035961540704, 25.640432358692937 ], [ 54.695305456125936, 25.640432358692937 ], [ 54.695305456125936, 25.640342527164524 ], [ 54.695485119182763, 25.640342527164524 ], [ 54.695485119182763, 25.640252695636111 ], [ 54.696024108353235, 25.640252695636111 ], [ 54.696024108353235, 25.640162864107701 ], [ 54.696473265995294, 25.640162864107701 ], [ 54.696473265995294, 25.640252695636111 ], [ 54.696563097523708, 25.640252695636111 ], [ 54.696563097523708, 25.640522190221347 ], [ 54.696652929052114, 25.640522190221347 ], [ 54.696652929052114, 25.640881516334996 ], [ 54.696563097523708, 25.640881516334996 ], [ 54.696563097523708, 25.641240842448642 ], [ 54.696473265995294, 25.641240842448642 ], [ 54.696473265995294, 25.641420505505469 ], [ 54.696383434466881, 25.641420505505469 ], [ 54.696383434466881, 25.641600168562292 ], [ 54.696293602938468, 25.641600168562292 ], [ 54.696293602938468, 25.641690000090705 ], [ 54.696203771410055, 25.641690000090705 ], [ 54.696203771410055, 25.641779831619115 ], [ 54.696113939881648, 25.641779831619115 ], [ 54.696113939881648, 25.641869663147528 ], [ 54.696024108353235, 25.641869663147528 ], [ 54.696024108353235, 25.641959494675937 ], [ 54.695934276824822, 25.641959494675937 ], [ 54.695934276824822, 25.642049326204351 ], [ 54.695844445296409, 25.642049326204351 ], [ 54.695844445296409, 25.642139157732764 ], [ 54.695754613767996, 25.642139157732764 ], [ 54.695754613767996, 25.642228989261174 ], [ 54.695574950711176, 25.642228989261174 ], [ 54.695574950711176, 25.642318820789587 ], [ 54.695485119182763, 25.642318820789587 ], [ 54.695485119182763, 25.642408652318 ], [ 54.69539528765435, 25.642408652318 ], [ 54.69539528765435, 25.64249848384641 ], [ 54.695305456125936, 25.64249848384641 ], [ 54.695305456125936, 25.642588315374823 ], [ 54.695125793069117, 25.642588315374823 ], [ 54.695125793069117, 25.642678146903236 ], [ 54.694856298483877, 25.642678146903236 ], [ 54.694856298483877, 25.642767978431646 ], [ 54.694496972370231, 25.642767978431646 ] ] ] } },
{ "type": "Feature", "properties": { "region_id": 17, "scene_id": "unknown", "area_km2": 0.1901494620011189, "centroid_lat": 25.635413971946981, "centroid_lon": 54.70042510816365, "acquisition_timestamp_utc": null, "mean_confidence": null, "source_mask_path": "00052_mask.tif" }, "geometry": { "type": "Polygon", "coordinates": [ [ [ 54.69683259210894, 25.639354380351993 ], [ 54.69683259210894, 25.639264548823579 ], [ 54.696742760580527, 25.639264548823579 ], [ 54.696742760580527, 25.63917471729517 ], [ 54.696652929052114, 25.63917471729517 ], [ 54.696652929052114, 25.639084885766756 ], [ 54.696563097523708, 25.639084885766756 ], [ 54.696563097523708, 25.638905222709933 ], [ 54.696473265995294, 25.638905222709933 ], [ 54.696473265995294, 25.638366233539461 ], [ 54.696563097523708, 25.638366233539461 ], [ 54.696563097523708, 25.638276402011048 ], [ 54.696652929052114, 25.638276402011048 ], [ 54.696652929052114, 25.638186570482638 ], [ 54.696742760580527, 25.638186570482638 ], [ 54.696742760580527, 25.638096738954225 ], [ 54.69683259210894, 25.638096738954225 ], [ 54.69683259210894, 25.638006907425812 ], [ 54.696922423637353, 25.638006907425812 ], [ 54.696922423637353, 25.637917075897402 ], [ 54.697012255165767, 25.637917075897402 ], [ 54.697012255165767, 25.637737412840579 ], [ 54.69710208669418, 25.637737412840579 ], [ 54.69710208669418, 25.637647581312166 ], [ 54.697191918222586, 25.637647581312166 ], [ 54.697191918222586, 25.63737808672693 ], [ 54.697281749750999, 25.63737808672693 ], [ 54.697281749750999, 25.637288255198516 ], [ 54.697371581279413, 25.637288255198516 ], [ 54.697371581279413, 25.637108592141693 ], [ 54.697461412807826, 25.637108592141693 ], [ 54.697461412807826, 25.63701876061328 ], [ 54.697551244336239, 25.63701876061328 ], [ 54.697551244336239, 25.636839097556457 ], [ 54.697730907393058, 25.636839097556457 ], [ 54.697730907393058, 25.636749266028048 ], [ 54.697820738921472, 25.636749266028048 ], [ 54.697820738921472, 25.636659434499634 ], [ 54.698000401978298, 25.636659434499634 ], [ 54.698000401978298, 25.636569602971221 ], [ 54.698090233506711, 25.636569602971221 ], [ 54.698090233506711, 25.636479771442811 ], [ 54.698359728091944, 25.636479771442811 ], [ 54.698359728091944, 25.636389939914398 ], [ 54.698449559620357, 25.636389939914398 ], [ 54.698449559620357, 25.636300108385985 ], [ 54.698539391148771, 25.636300108385985 ], [ 54.698539391148771, 25.636210276857575 ], [ 54.698629222677184, 25.636210276857575 ], [ 54.698629222677184, 25.635940782272339 ], [ 54.69871905420559, 25.635940782272339 ], [ 54.69871905420559, 25.635761119215516 ], [ 54.698808885734003, 25.635761119215516 ], [ 54.698808885734003, 25.635401793101867 ], [ 54.698898717262416, 25.635401793101867 ], [ 54.698898717262416, 25.635311961573453 ], [ 54.69898854879083, 25.635311961573453 ], [ 54.69898854879083, 25.635042466988217 ], [ 54.699078380319243, 25.635042466988217 ], [ 54.699078380319243, 25.634952635459808 ], [ 54.699168211847649, 25.634952635459808 ], [ 54.699168211847649, 25.634772972402985 ], [ 54.699258043376062, 25.634772972402985 ], [ 54.699258043376062, 25.634683140874571 ], [ 54.699347874904475, 25.634683140874571 ], [ 54.699347874904475, 25.634593309346158 ], [ 54.699437706432889, 25.634593309346158 ], [ 54.699437706432889, 25.634503477817749 ], [ 54.699527537961302, 25.634503477817749 ], [ 54.699527537961302, 25.634413646289335 ], [ 54.699617369489715, 25.634413646289335 ], [ 54.699617369489715, 25.634323814760922 ], [ 54.699707201018121, 25.634323814760922 ], [ 54.699707201018121, 25.634233983232512 ], [ 54.699797032546535, 25.634233983232512 ], [ 54.699797032546535, 25.634144151704099 ], [ 54.699886864074948, 25.634144151704099 ], [ 54.699886864074948, 25.633964488647276 ], [ 54.699976695603361, 25.633964488647276 ], [ 54.699976695603361, 25.633874657118863 ], [ 54.700066527131774, 25.633874657118863 ], [ 54.700066527131774, 25.633605162533627 ], [ 54.70015635866018, 25.633605162533627 ], [ 54.70015635866018, 25.633515331005217 ], [ 54.700246190188594, 25.633515331005217 ], [ 54.700246190188594, 25.633245836419981 ], [ 54.700336021717007, 25.633245836419981 ], [ 54.700336021717007, 25.633156004891568 ], [ 54.70042585324542, 25.633156004891568 ], [ 54.70042585324542, 25.633066173363154 ], [ 54.700515684773833, 25.633066173363154 ], [ 54.700515684773833, 25.632976341834745 ], [ 54.700605516302247, 25.632976341834745 ], [ 54.700605516302247, 25.632886510306331 ], [ 54.700964842415893, 25.632886510306331 ], [ 54.700964842415893, 25.632796678777922 ], [ 54.701144505472712, 25.632796678777922 ], [ 54.701144505472712, 25.632706847249509 ], [ 54.701324168529538, 25.632706847249509 ], [ 54.701324168529538, 25.632617015721095 ], [ 54.701503831586365, 25.632617015721095 ], [ 54.701503831586365, 25.632527184192686 ], [ 54.701683494643184, 25.632527184192686 ], [ 54.701683494643184, 25.632437352664272 ], [ 54.702132652285243, 25.632437352664272 ], [ 54.702132652285243, 25.632257689607449 ], [ 54.702222483813657, 25.632257689607449 ], [ 54.702222483813657, 25.6318983634938 ], [ 54.70231231534207, 25.6318983634938 ], [ 54.70231231534207, 25.63180853196539 ], [ 54.702402146870483, 25.63180853196539 ], [ 54.702402146870483, 25.631539037380154 ], [ 54.70258180992731, 25.631539037380154 ], [ 54.70258180992731, 25.631628868908564 ], [ 54.702761472984129, 25.631628868908564 ], [ 54.702761472984129, 25.636749266028048 ], [ 54.702671641455716, 25.636749266028048 ], [ 54.702671641455716, 25.636839097556457 ], [ 54.70258180992731, 25.636839097556457 ], [ 54.70258180992731, 25.636928929084871 ], [ 54.702402146870483, 25.636928929084871 ], [ 54.702402146870483, 25.636839097556457 ], [ 54.701324168529538, 25.636839097556457 ], [ 54.701324168529538, 25.636749266028048 ], [ 54.701144505472712, 25.636749266028048 ], [ 54.701144505472712, 25.636659434499634 ], [ 54.700964842415893, 25.636659434499634 ], [ 54.700964842415893, 25.636569602971221 ], [ 54.700785179359066, 25.636569602971221 ], [ 54.700785179359066, 25.636389939914398 ], [ 54.700605516302247, 25.636389939914398 ], [ 54.700605516302247, 25.636300108385985 ], [ 54.700515684773833, 25.636300108385985 ], [ 54.700515684773833, 25.636210276857575 ], [ 54.70042585324542, 25.636210276857575 ], [ 54.70042585324542, 25.636120445329162 ], [ 54.700246190188594, 25.636120445329162 ], [ 54.700246190188594, 25.636030613800749 ], [ 54.70015635866018, 25.636030613800749 ], [ 54.70015635866018, 25.636120445329162 ], [ 54.699976695603361, 25.636120445329162 ], [ 54.699976695603361, 25.636210276857575 ], [ 54.699797032546535, 25.636210276857575 ], [ 54.699797032546535, 25.636300108385985 ], [ 54.699707201018121, 25.636300108385985 ], [ 54.699707201018121, 25.636389939914398 ], [ 54.699527537961302, 25.636389939914398 ], [ 54.699527537961302, 25.636479771442811 ], [ 54.699347874904475, 25.636479771442811 ], [ 54.699347874904475, 25.636569602971221 ], [ 54.699078380319243, 25.636569602971221 ], [ 54.699078380319243, 25.636659434499634 ], [ 54.698898717262416, 25.636659434499634 ], [ 54.698898717262416, 25.636749266028048 ], [ 54.698808885734003, 25.636749266028048 ], [ 54.698808885734003, 25.63701876061328 ], [ 54.69871905420559, 25.63701876061328 ], [ 54.69871905420559, 25.637288255198516 ], [ 54.698629222677184, 25.637288255198516 ], [ 54.698629222677184, 25.637647581312166 ], [ 54.698539391148771, 25.637647581312166 ], [ 54.698539391148771, 25.637827244368989 ], [ 54.698449559620357, 25.637827244368989 ], [ 54.698449559620357, 25.637917075897402 ], [ 54.698359728091944, 25.637917075897402 ], [ 54.698359728091944, 25.638096738954225 ], [ 54.698269896563531, 25.638096738954225 ], [ 54.698269896563531, 25.638186570482638 ], [ 54.698180065035118, 25.638186570482638 ], [ 54.698180065035118, 25.638276402011048 ], [ 54.698090233506711, 25.638276402011048 ], [ 54.698090233506711, 25.638366233539461 ], [ 54.698000401978298, 25.638366233539461 ], [ 54.698000401978298, 25.638456065067874 ], [ 54.697910570449885, 25.638456065067874 ], [ 54.697910570449885, 25.638635728124697 ], [ 54.697820738921472, 25.638635728124697 ], [ 54.697820738921472, 25.638725559653111 ], [ 54.697730907393058, 25.638725559653111 ], [ 54.697730907393058, 25.638905222709933 ], [ 54.697641075864645, 25.638905222709933 ], [ 54.697641075864645, 25.638995054238343 ], [ 54.697551244336239, 25.638995054238343 ], [ 54.697551244336239, 25.63917471729517 ], [ 54.697371581279413, 25.63917471729517 ], [ 54.697371581279413, 25.639354380351993 ], [ 54.69683259210894, 25.639354380351993 ] ] ] } },
{ "type": "Feature", "properties": { "region_id": 18, "scene_id": "unknown", "area_km2": 0.013467526210822287, "centroid_lat": 25.627705026959294, "centroid_lon": 54.580545678672188, "acquisition_timestamp_utc": null, "mean_confidence": null, "source_mask_path": "00052_mask.tif" }, "geometry": { "type": "Polygon", "coordinates": [ [ [ 54.580590594343874, 25.628305102357324 ], [ 54.580590594343874, 25.62821527082891 ], [ 54.580231268230229, 25.62821527082891 ], [ 54.580231268230229, 25.628125439300497 ], [ 54.580141436701815, 25.628125439300497 ], [ 54.580141436701815, 25.627945776243674 ], [ 54.57978211058817, 25.627945776243674 ], [ 54.57978211058817, 25.627855944715265 ], [ 54.579692279059756, 25.627855944715265 ], [ 54.579692279059756, 25.627676281658438 ], [ 54.57951261600293, 25.627676281658438 ], [ 54.57951261600293, 25.627586450130028 ], [ 54.579692279059756, 25.627586450130028 ], [ 54.579692279059756, 25.627496618601615 ], [ 54.579602447531343, 25.627496618601615 ], [ 54.579602447531343, 25.627406787073202 ], [ 54.579961773644989, 25.627406787073202 ], [ 54.579961773644989, 25.627496618601615 ], [ 54.580410931287048, 25.627496618601615 ], [ 54.580410931287048, 25.627406787073202 ], [ 54.580500762815461, 25.627406787073202 ], [ 54.580500762815461, 25.627137292487966 ], [ 54.580860088929114, 25.627137292487966 ], [ 54.580860088929114, 25.627227124016379 ], [ 54.581039751985934, 25.627227124016379 ], [ 54.581039751985934, 25.627316955544792 ], [ 54.581129583514347, 25.627316955544792 ], [ 54.581129583514347, 25.627406787073202 ], [ 54.581399078099579, 25.627406787073202 ], [ 54.581399078099579, 25.627676281658438 ], [ 54.581309246571173, 25.627676281658438 ], [ 54.581309246571173, 25.627766113186851 ], [ 54.58121941504276, 25.627766113186851 ], [ 54.58121941504276, 25.627855944715265 ], [ 54.581129583514347, 25.627855944715265 ], [ 54.581129583514347, 25.627945776243674 ], [ 54.581039751985934, 25.627945776243674 ], [ 54.581039751985934, 25.628035607772087 ], [ 54.58094992045752, 25.628035607772087 ], [ 54.58094992045752, 25.62821527082891 ], [ 54.580680425872288, 25.62821527082891 ], [ 54.580680425872288, 25.628305102357324 ], [ 54.580590594343874, 25.628305102357324 ] ] ] } },
{ "type": "Feature", "properties": { "region_id": 19, "scene_id": "unknown", "area_km2": 0.040224133206612389, "centroid_lat": 25.624300176770671, "centroid_lon": 54.591598965935908, "acquisition_timestamp_utc": null, "mean_confidence": null, "source_mask_path": "00052_mask.tif" }, "geometry": { "type": "Polygon", "coordinates": [ [ [ 54.59146020928172, 25.625340661919729 ], [ 54.59146020928172, 25.625250830391316 ], [ 54.591190714696488, 25.625250830391316 ], [ 54.591190714696488, 25.625160998862903 ], [ 54.591011051639661, 25.625160998862903 ], [ 54.591011051639661, 25.62498133580608 ], [ 54.590921220111248, 25.62498133580608 ], [ 54.590921220111248, 25.624801672749257 ], [ 54.590831388582835, 25.624801672749257 ], [ 54.590831388582835, 25.624711841220844 ], [ 54.590651725526016, 25.624711841220844 ], [ 54.590651725526016, 25.624622009692434 ], [ 54.590561893997602, 25.624622009692434 ], [ 54.590561893997602, 25.624532178164021 ], [ 54.590651725526016, 25.624532178164021 ], [ 54.590651725526016, 25.624172852050371 ], [ 54.590472062469189, 25.624172852050371 ], [ 54.590472062469189, 25.624083020521962 ], [ 54.590292399412363, 25.624083020521962 ], [ 54.590292399412363, 25.623993188993548 ], [ 54.590382230940776, 25.623993188993548 ], [ 54.590382230940776, 25.623813525936725 ], [ 54.590921220111248, 25.623813525936725 ], [ 54.590921220111248, 25.623723694408312 ], [ 54.590382230940776, 25.623723694408312 ], [ 54.590382230940776, 25.623633862879903 ], [ 54.590292399412363, 25.623633862879903 ], [ 54.590292399412363, 25.623544031351489 ], [ 54.590202567883956, 25.623544031351489 ], [ 54.590202567883956, 25.623454199823076 ], [ 54.590292399412363, 25.623454199823076 ], [ 54.590292399412363, 25.623364368294666 ], [ 54.590472062469189, 25.623364368294666 ], [ 54.590472062469189, 25.623274536766253 ], [ 54.590561893997602, 25.623274536766253 ], [ 54.590561893997602, 25.62318470523784 ], [ 54.590741557054429, 25.62318470523784 ], [ 54.590741557054429, 25.62309487370943 ], [ 54.591100883168075, 25.62309487370943 ], [ 54.591100883168075, 25.62318470523784 ], [ 54.591280546224894, 25.62318470523784 ], [ 54.591280546224894, 25.623274536766253 ], [ 54.591190714696488, 25.623274536766253 ], [ 54.591190714696488, 25.623364368294666 ], [ 54.591370377753307, 25.623364368294666 ], [ 54.591370377753307, 25.623544031351489 ], [ 54.59146020928172, 25.623544031351489 ], [ 54.59146020928172, 25.623633862879903 ], [ 54.591280546224894, 25.623633862879903 ], [ 54.591280546224894, 25.623723694408312 ], [ 54.591190714696488, 25.623723694408312 ], [ 54.591190714696488, 25.623813525936725 ], [ 54.593167008321551, 25.623813525936725 ], [ 54.593167008321551, 25.623903357465135 ], [ 54.593077176793138, 25.623903357465135 ], [ 54.593077176793138, 25.624172852050371 ], [ 54.592897513736311, 25.624172852050371 ], [ 54.592897513736311, 25.624262683578785 ], [ 54.592807682207898, 25.624262683578785 ], [ 54.592807682207898, 25.624442346635607 ], [ 54.592717850679492, 25.624442346635607 ], [ 54.592717850679492, 25.624891504277667 ], [ 54.592628019151078, 25.624891504277667 ], [ 54.592628019151078, 25.62498133580608 ], [ 54.592538187622665, 25.62498133580608 ], [ 54.592538187622665, 25.625071167334493 ], [ 54.592448356094252, 25.625071167334493 ], [ 54.592448356094252, 25.625160998862903 ], [ 54.592358524565839, 25.625160998862903 ], [ 54.592358524565839, 25.625250830391316 ], [ 54.592089029980606, 25.625250830391316 ], [ 54.592089029980606, 25.625340661919729 ], [ 54.59146020928172, 25.625340661919729 ] ] ] } },
{ "type": "Feature", "properties": { "region_id": 20, "scene_id": "unknown", "area_km2": 0.011137267854687353, "centroid_lat": 25.582561292762119, "centroid_lon": 54.60014199187556, "acquisition_timestamp_utc": null, "mean_confidence": null, "source_mask_path": "00052_mask.tif" }, "geometry": { "type": "Polygon", "coordinates": [ [ [ 54.599994204480858, 25.583389338151346 ], [ 54.599994204480858, 25.583119843566109 ], [ 54.599904372952444, 25.583119843566109 ], [ 54.599904372952444, 25.582940180509286 ], [ 54.599814541424031, 25.582940180509286 ], [ 54.599814541424031, 25.582850348980873 ], [ 54.599724709895618, 25.582850348980873 ], [ 54.599724709895618, 25.58267068592405 ], [ 54.599634878367212, 25.58267068592405 ], [ 54.599634878367212, 25.582221528281991 ], [ 54.599724709895618, 25.582221528281991 ], [ 54.599724709895618, 25.582131696753578 ], [ 54.599814541424031, 25.582131696753578 ], [ 54.599814541424031, 25.582041865225168 ], [ 54.599904372952444, 25.582041865225168 ], [ 54.599904372952444, 25.581952033696755 ], [ 54.600443362122917, 25.581952033696755 ], [ 54.600443362122917, 25.582131696753578 ], [ 54.600623025179743, 25.582131696753578 ], [ 54.600623025179743, 25.582221528281991 ], [ 54.600712856708149, 25.582221528281991 ], [ 54.600712856708149, 25.582491022867227 ], [ 54.600623025179743, 25.582491022867227 ], [ 54.600623025179743, 25.582580854395641 ], [ 54.60053319365133, 25.582580854395641 ], [ 54.60053319365133, 25.582760517452463 ], [ 54.600443362122917, 25.582760517452463 ], [ 54.600443362122917, 25.582850348980873 ], [ 54.600353530594504, 25.582850348980873 ], [ 54.600353530594504, 25.583299506622936 ], [ 54.60026369906609, 25.583299506622936 ], [ 54.60026369906609, 25.583389338151346 ], [ 54.599994204480858, 25.583389338151346 ] ] ] } },
{ "type": "Feature", "properties": { "region_id": 21, "scene_id": "unknown", "area_km2": 0.024164423552273284, "centroid_lat": 25.563627569458738, "centroid_lon": 54.553363126467751, "acquisition_timestamp_utc": null, "mean_confidence": null, "source_mask_path": "00052_mask.tif" }, "geometry": { "type": "Polygon", "coordinates": [ [ [ 54.551754673723636, 25.564255222599602 ], [ 54.551754673723636, 25.564165391071189 ], [ 54.55166484219523, 25.564165391071189 ], [ 54.55166484219523, 25.563985728014366 ], [ 54.551754673723636, 25.563985728014366 ], [ 54.551754673723636, 25.563895896485953 ], [ 54.552203831365695, 25.563895896485953 ], [ 54.552203831365695, 25.56371623342913 ], [ 54.552293662894108, 25.56371623342913 ], [ 54.552293662894108, 25.563446738843894 ], [ 54.552473325950935, 25.563446738843894 ], [ 54.552473325950935, 25.56335690731548 ], [ 54.552652989007761, 25.56335690731548 ], [ 54.552652989007761, 25.563267075787071 ], [ 54.55328180970664, 25.563267075787071 ], [ 54.55328180970664, 25.563177244258657 ], [ 54.553461472763466, 25.563177244258657 ], [ 54.553461472763466, 25.563087412730244 ], [ 54.553641135820293, 25.563087412730244 ], [ 54.553641135820293, 25.562997581201834 ], [ 54.553820798877112, 25.562997581201834 ], [ 54.553820798877112, 25.562907749673421 ], [ 54.554269956519171, 25.562907749673421 ], [ 54.554269956519171, 25.562997581201834 ], [ 54.554449619575998, 25.562997581201834 ], [ 54.554449619575998, 25.563177244258657 ], [ 54.554539451104411, 25.563177244258657 ], [ 54.554539451104411, 25.563626401900716 ], [ 54.554449619575998, 25.563626401900716 ], [ 54.554449619575998, 25.56371623342913 ], [ 54.554359788047584, 25.56371623342913 ], [ 54.554359788047584, 25.563806064957539 ], [ 54.554269956519171, 25.563806064957539 ], [ 54.554269956519171, 25.563895896485953 ], [ 54.554090293462352, 25.563895896485953 ], [ 54.554090293462352, 25.563985728014366 ], [ 54.554000461933938, 25.563985728014366 ], [ 54.554000461933938, 25.564075559542776 ], [ 54.553820798877112, 25.564075559542776 ], [ 54.553820798877112, 25.564165391071189 ], [ 54.553641135820293, 25.564165391071189 ], [ 54.553641135820293, 25.564255222599602 ], [ 54.553191978178226, 25.564255222599602 ], [ 54.553191978178226, 25.564165391071189 ], [ 54.55310214664982, 25.564165391071189 ], [ 54.55310214664982, 25.564075559542776 ], [ 54.552922483592994, 25.564075559542776 ], [ 54.552922483592994, 25.563985728014366 ], [ 54.552473325950935, 25.563985728014366 ], [ 54.552473325950935, 25.563895896485953 ], [ 54.552383494422521, 25.563895896485953 ], [ 54.552383494422521, 25.563985728014366 ], [ 54.552203831365695, 25.563985728014366 ], [ 54.552203831365695, 25.564075559542776 ], [ 54.552113999837289, 25.564075559542776 ], [ 54.552113999837289, 25.564255222599602 ], [ 54.551754673723636, 25.564255222599602 ] ] ] } },
{ "type": "Feature", "properties": { "region_id": 22, "scene_id": "unknown", "area_km2": 182.97816134512468, "centroid_lat": 25.602584670438738, "centroid_lon": 54.617591590871633, "acquisition_timestamp_utc": null, "mean_confidence": null, "source_mask_path": "00052_mask.tif" }, "geometry": { "type": "Polygon", "coordinates": [ [ [ 54.591370377753307, 25.715801011030564 ], [ 54.591370377753307, 25.715711179502151 ], [ 54.591280546224894, 25.715711179502151 ], [ 54.591280546224894, 25.715621347973741 ], [ 54.591190714696488, 25.715621347973741 ], [ 54.591190714696488, 25.715082358803269 ], [ 54.591100883168075, 25.715082358803269 ], [ 54.591100883168075, 25.714992527274855 ], [ 54.591011051639661, 25.714992527274855 ], [ 54.591011051639661, 25.714812864218032 ], [ 54.590921220111248, 25.714812864218032 ], [ 54.590921220111248, 25.714723032689619 ], [ 54.590831388582835, 25.714723032689619 ], [ 54.590831388582835, 25.71463320116121 ], [ 54.590741557054429, 25.71463320116121 ], [ 54.590741557054429, 25.714543369632796 ], [ 54.590561893997602, 25.714543369632796 ], [ 54.590561893997602, 25.714453538104383 ], [ 54.590202567883956, 25.714453538104383 ], [ 54.590202567883956, 25.714363706575973 ], [ 54.589933073298717, 25.714363706575973 ], [ 54.589933073298717, 25.71427387504756 ], [ 54.589753410241897, 25.71427387504756 ], [ 54.589753410241897, 25.71418404351915 ], [ 54.589663578713484, 25.71418404351915 ], [ 54.589663578713484, 25.714094211990737 ], [ 54.589573747185071, 25.714094211990737 ], [ 54.589573747185071, 25.713914548933914 ], [ 54.589483915656658, 25.713914548933914 ], [ 54.589483915656658, 25.713734885877088 ], [ 54.589394084128244, 25.713734885877088 ], [ 54.589394084128244, 25.713555222820265 ], [ 54.589304252599831, 25.713555222820265 ], [ 54.589304252599831, 25.713465391291852 ], [ 54.589214421071425, 25.713465391291852 ], [ 54.589214421071425, 25.713285728235029 ], [ 54.589124589543012, 25.713285728235029 ], [ 54.589124589543012, 25.713016233649792 ], [ 54.589034758014598, 25.713016233649792 ], [ 54.589034758014598, 25.712746739064556 ], [ 54.588944926486185, 25.712746739064556 ], [ 54.588944926486185, 25.712656907536147 ], [ 54.588855094957772, 25.712656907536147 ], [ 54.588855094957772, 25.71247724447932 ], [ 54.588765263429366, 25.71247724447932 ], [ 54.588765263429366, 25.71238741295091 ], [ 54.588675431900953, 25.71238741295091 ], [ 54.588675431900953, 25.712207749894088 ], [ 54.588495768844126, 25.712207749894088 ], [ 54.588495768844126, 25.712117918365674 ], [ 54.588405937315713, 25.712117918365674 ], [ 54.588405937315713, 25.712028086837261 ], [ 54.58813644273048, 25.712028086837261 ], [ 54.58813644273048, 25.711938255308851 ], [ 54.587956779673654, 25.711938255308851 ], [ 54.587956779673654, 25.711668760723615 ], [ 54.587866948145241, 25.711668760723615 ], [ 54.587866948145241, 25.711489097666789 ], [ 54.587777116616834, 25.711489097666789 ], [ 54.587777116616834, 25.71103994002473 ], [ 54.587687285088421, 25.71103994002473 ], [ 54.587687285088421, 25.711129771553143 ], [ 54.587417790503181, 25.711129771553143 ], [ 54.587417790503181, 25.71095010849632 ], [ 54.587327958974768, 25.71095010849632 ], [ 54.587327958974768, 25.710860276967907 ], [ 54.587238127446362, 25.710860276967907 ], [ 54.587238127446362, 25.710680613911084 ], [ 54.587148295917949, 25.710680613911084 ], [ 54.587148295917949, 25.710500950854257 ], [ 54.587058464389536, 25.710500950854257 ], [ 54.587058464389536, 25.710231456269025 ], [ 54.586968632861122, 25.710231456269025 ], [ 54.586968632861122, 25.710141624740611 ], [ 54.586878801332709, 25.710141624740611 ], [ 54.586878801332709, 25.709961961683788 ], [ 54.586788969804303, 25.709961961683788 ], [ 54.586788969804303, 25.709872130155375 ], [ 54.58669913827589, 25.709872130155375 ], [ 54.58669913827589, 25.709692467098552 ], [ 54.586609306747476, 25.709692467098552 ], [ 54.586609306747476, 25.709512804041726 ], [ 54.586519475219063, 25.709512804041726 ], [ 54.586519475219063, 25.709333140984903 ], [ 54.58642964369065, 25.709333140984903 ], [ 54.58642964369065, 25.709243309456493 ], [ 54.586339812162237, 25.709243309456493 ], [ 54.586339812162237, 25.709063646399667 ], [ 54.586160149105417, 25.709063646399667 ], [ 54.586160149105417, 25.708883983342844 ], [ 54.585980486048591, 25.708883983342844 ], [ 54.585980486048591, 25.708704320286021 ], [ 54.585800822991771, 25.708704320286021 ], [ 54.585800822991771, 25.708614488757608 ], [ 54.585710991463358, 25.708614488757608 ], [ 54.585710991463358, 25.708524657229194 ], [ 54.585621159934945, 25.708524657229194 ], [ 54.585621159934945, 25.708434825700785 ], [ 54.585531328406532, 25.708434825700785 ], [ 54.585531328406532, 25.708344994172371 ], [ 54.585441496878119, 25.708344994172371 ], [ 54.585441496878119, 25.708165331115548 ], [ 54.585351665349705, 25.708165331115548 ], [ 54.585351665349705, 25.708075499587135 ], [ 54.585261833821299, 25.708075499587135 ], [ 54.585261833821299, 25.707985668058726 ], [ 54.585172002292886, 25.707985668058726 ], [ 54.585172002292886, 25.707895836530312 ], [ 54.585082170764473, 25.707895836530312 ], [ 54.585082170764473, 25.707806005001899 ], [ 54.584992339236059, 25.707806005001899 ], [ 54.584992339236059, 25.707716173473489 ], [ 54.584902507707646, 25.707716173473489 ], [ 54.584902507707646, 25.707626341945076 ], [ 54.58481267617924, 25.707626341945076 ], [ 54.58481267617924, 25.707536510416663 ], [ 54.584722844650827, 25.707536510416663 ], [ 54.584722844650827, 25.70735684735984 ], [ 54.584633013122414, 25.70735684735984 ], [ 54.584633013122414, 25.707267015831427 ], [ 54.584543181594, 25.707267015831427 ], [ 54.584543181594, 25.707177184303017 ], [ 54.584453350065587, 25.707177184303017 ], [ 54.584453350065587, 25.707087352774604 ], [ 54.584363518537174, 25.707087352774604 ], [ 54.584363518537174, 25.706997521246194 ], [ 54.584183855480354, 25.706997521246194 ], [ 54.584183855480354, 25.706907689717781 ], [ 54.584094023951941, 25.706907689717781 ], [ 54.584094023951941, 25.706817858189368 ], [ 54.584004192423528, 25.706817858189368 ], [ 54.584004192423528, 25.706728026660958 ], [ 54.583914360895115, 25.706728026660958 ], [ 54.583914360895115, 25.706638195132545 ], [ 54.583734697838295, 25.706638195132545 ], [ 54.583734697838295, 25.706548363604131 ], [ 54.583555034781469, 25.706548363604131 ], [ 54.583555034781469, 25.706458532075722 ], [ 54.583465203253056, 25.706458532075722 ], [ 54.583465203253056, 25.706368700547308 ], [ 54.583285540196236, 25.706368700547308 ], [ 54.583285540196236, 25.706189037490486 ], [ 54.58310587713941, 25.706189037490486 ], [ 54.58310587713941, 25.706099205962072 ], [ 54.583016045610997, 25.706099205962072 ], [ 54.583016045610997, 25.706009374433663 ], [ 54.582926214082583, 25.706009374433663 ], [ 54.582926214082583, 25.705919542905249 ], [ 54.582836382554177, 25.705919542905249 ], [ 54.582836382554177, 25.705829711376836 ], [ 54.582746551025764, 25.705829711376836 ], [ 54.582746551025764, 25.705650048320013 ], [ 54.582656719497351, 25.705650048320013 ], [ 54.582656719497351, 25.7055602167916 ], [ 54.582566887968937, 25.7055602167916 ], [ 54.582566887968937, 25.705290722206364 ], [ 54.582387224912111, 25.705290722206364 ], [ 54.582387224912111, 25.705111059149541 ], [ 54.582207561855292, 25.705111059149541 ], [ 54.582207561855292, 25.704931396092718 ], [ 54.582027898798465, 25.704931396092718 ], [ 54.582027898798465, 25.704751733035895 ], [ 54.581938067270052, 25.704751733035895 ], [ 54.581938067270052, 25.704572069979069 ], [ 54.581848235741646, 25.704572069979069 ], [ 54.581848235741646, 25.704302575393832 ], [ 54.581758404213232, 25.704302575393832 ], [ 54.581758404213232, 25.704212743865423 ], [ 54.581668572684819, 25.704212743865423 ], [ 54.581668572684819, 25.704122912337009 ], [ 54.581578741156406, 25.704122912337009 ], [ 54.581578741156406, 25.7040330808086 ], [ 54.581488909627993, 25.7040330808086 ], [ 54.581488909627993, 25.703853417751773 ], [ 54.581309246571173, 25.703853417751773 ], [ 54.581309246571173, 25.703763586223364 ], [ 54.58121941504276, 25.703763586223364 ], [ 54.58121941504276, 25.70367375469495 ], [ 54.581129583514347, 25.70367375469495 ], [ 54.581129583514347, 25.703583923166537 ], [ 54.581039751985934, 25.703583923166537 ], [ 54.581039751985934, 25.703494091638127 ], [ 54.58094992045752, 25.703494091638127 ], [ 54.58094992045752, 25.703224597052891 ], [ 54.580860088929114, 25.703224597052891 ], [ 54.580860088929114, 25.702775439410832 ], [ 54.580770257400701, 25.702775439410832 ], [ 54.580770257400701, 25.702595776354006 ], [ 54.580680425872288, 25.702595776354006 ], [ 54.580680425872288, 25.702505944825596 ], [ 54.580590594343874, 25.702505944825596 ], [ 54.580590594343874, 25.702416113297183 ], [ 54.580410931287048, 25.702416113297183 ], [ 54.580410931287048, 25.702326281768769 ], [ 54.580231268230229, 25.702326281768769 ], [ 54.580231268230229, 25.70223645024036 ], [ 54.580141436701815, 25.70223645024036 ], [ 54.580141436701815, 25.702146618711947 ], [ 54.580051605173402, 25.702146618711947 ], [ 54.580051605173402, 25.702056787183537 ], [ 54.579871942116583, 25.702056787183537 ], [ 54.579871942116583, 25.701966955655124 ], [ 54.57978211058817, 25.701966955655124 ], [ 54.57978211058817, 25.70187712412671 ], [ 54.579692279059756, 25.70187712412671 ], [ 54.579692279059756, 25.701787292598301 ], [ 54.57951261600293, 25.701787292598301 ], [ 54.57951261600293, 25.701697461069887 ], [ 54.579422784474517, 25.701697461069887 ], [ 54.579422784474517, 25.701607629541474 ], [ 54.57933295294611, 25.701607629541474 ], [ 54.57933295294611, 25.701517798013064 ], [ 54.579243121417697, 25.701517798013064 ], [ 54.579243121417697, 25.701427966484651 ], [ 54.579153289889284, 25.701427966484651 ], [ 54.579153289889284, 25.701248303427828 ], [ 54.578973626832457, 25.701248303427828 ], [ 54.578973626832457, 25.701068640371005 ], [ 54.578883795304051, 25.701068640371005 ], [ 54.578883795304051, 25.700978808842592 ], [ 54.578793963775638, 25.700978808842592 ], [ 54.578793963775638, 25.700799145785769 ], [ 54.578704132247225, 25.700799145785769 ], [ 54.578704132247225, 25.700619482728943 ], [ 54.578614300718812, 25.700619482728943 ], [ 54.578614300718812, 25.70043981967212 ], [ 54.578524469190398, 25.70043981967212 ], [ 54.578524469190398, 25.700349988143707 ], [ 54.578434637661985, 25.700349988143707 ], [ 54.578434637661985, 25.700170325086884 ], [ 54.578254974605166, 25.700170325086884 ], [ 54.578254974605166, 25.699990662030061 ], [ 54.578165143076752, 25.699990662030061 ], [ 54.578165143076752, 25.699900830501647 ], [ 54.578075311548339, 25.699900830501647 ], [ 54.578075311548339, 25.699721167444824 ], [ 54.577985480019926, 25.699721167444824 ], [ 54.577985480019926, 25.699631335916411 ], [ 54.57789564849152, 25.699631335916411 ], [ 54.57789564849152, 25.699541504388002 ], [ 54.577805816963107, 25.699541504388002 ], [ 54.577805816963107, 25.699451672859588 ], [ 54.577715985434693, 25.699451672859588 ], [ 54.577715985434693, 25.699092346745942 ], [ 54.577536322377867, 25.699092346745942 ], [ 54.577536322377867, 25.699002515217529 ], [ 54.577356659321048, 25.699002515217529 ], [ 54.577356659321048, 25.698912683689116 ], [ 54.577266827792634, 25.698912683689116 ], [ 54.577266827792634, 25.698822852160706 ], [ 54.577087164735808, 25.698822852160706 ], [ 54.577087164735808, 25.698733020632293 ], [ 54.576997333207395, 25.698733020632293 ], [ 54.576997333207395, 25.69864318910388 ], [ 54.576907501678988, 25.69864318910388 ], [ 54.576907501678988, 25.69855335757547 ], [ 54.576817670150575, 25.69855335757547 ], [ 54.576817670150575, 25.698463526047057 ], [ 54.576638007093749, 25.698463526047057 ], [ 54.576638007093749, 25.698373694518644 ], [ 54.576368512508516, 25.698373694518644 ], [ 54.576368512508516, 25.698283862990234 ], [ 54.57618884945169, 25.698283862990234 ], [ 54.57618884945169, 25.698194031461821 ], [ 54.576099017923276, 25.698194031461821 ], [ 54.576099017923276, 25.698104199933411 ], [ 54.576009186394863, 25.698104199933411 ], [ 54.576009186394863, 25.697924536876585 ], [ 54.575919354866457, 25.697924536876585 ], [ 54.575919354866457, 25.697744873819762 ], [ 54.575829523338044, 25.697744873819762 ], [ 54.575829523338044, 25.697655042291348 ], [ 54.574931208053926, 25.697655042291348 ], [ 54.574931208053926, 25.697565210762939 ], [ 54.574751544997099, 25.697565210762939 ], [ 54.574751544997099, 25.697475379234525 ], [ 54.574661713468686, 25.697475379234525 ], [ 54.574661713468686, 25.697205884649289 ], [ 54.574571881940273, 25.697205884649289 ], [ 54.574571881940273, 25.697026221592466 ], [ 54.574482050411859, 25.697026221592466 ], [ 54.574482050411859, 25.696846558535643 ], [ 54.57430238735504, 25.696846558535643 ], [ 54.57430238735504, 25.696577063950407 ], [ 54.574212555826627, 25.696577063950407 ], [ 54.574212555826627, 25.696397400893581 ], [ 54.57430238735504, 25.696397400893581 ], [ 54.57430238735504, 25.696217737836758 ], [ 54.574122724298213, 25.696217737836758 ], [ 54.574122724298213, 25.696038074779935 ], [ 54.5740328927698, 25.696038074779935 ], [ 54.5740328927698, 25.695948243251522 ], [ 54.573943061241394, 25.695948243251522 ], [ 54.573943061241394, 25.695858411723112 ], [ 54.573853229712981, 25.695858411723112 ], [ 54.573853229712981, 25.695768580194699 ], [ 54.573763398184568, 25.695768580194699 ], [ 54.573763398184568, 25.695588917137876 ], [ 54.573673566656154, 25.695588917137876 ], [ 54.573673566656154, 25.695499085609462 ], [ 54.573583735127741, 25.695499085609462 ], [ 54.573583735127741, 25.695409254081049 ], [ 54.573404072070922, 25.695409254081049 ], [ 54.573404072070922, 25.69531942255264 ], [ 54.573134577485682, 25.69531942255264 ], [ 54.573134577485682, 25.695229591024226 ], [ 54.573044745957269, 25.695229591024226 ], [ 54.573044745957269, 25.695139759495817 ], [ 54.572954914428863, 25.695139759495817 ], [ 54.572954914428863, 25.695049927967403 ], [ 54.572865082900449, 25.695049927967403 ], [ 54.572865082900449, 25.69496009643899 ], [ 54.572775251372036, 25.69496009643899 ], [ 54.572775251372036, 25.694780433382167 ], [ 54.572685419843623, 25.694780433382167 ], [ 54.572685419843623, 25.694510938796931 ], [ 54.57259558831521, 25.694510938796931 ], [ 54.57259558831521, 25.694421107268518 ], [ 54.572505756786796, 25.694421107268518 ], [ 54.572505756786796, 25.694061781154872 ], [ 54.57241592525839, 25.694061781154872 ], [ 54.57241592525839, 25.693882118098049 ], [ 54.572326093729977, 25.693882118098049 ], [ 54.572326093729977, 25.693702455041223 ], [ 54.572236262201564, 25.693702455041223 ], [ 54.572236262201564, 25.693612623512813 ], [ 54.572146430673151, 25.693612623512813 ], [ 54.572146430673151, 25.693253297399163 ], [ 54.572056599144737, 25.693253297399163 ], [ 54.572056599144737, 25.693163465870754 ], [ 54.571966767616331, 25.693163465870754 ], [ 54.571966767616331, 25.692714308228691 ], [ 54.571876936087918, 25.692714308228691 ], [ 54.571876936087918, 25.692624476700281 ], [ 54.571787104559505, 25.692624476700281 ], [ 54.571787104559505, 25.692534645171868 ], [ 54.571697273031091, 25.692534645171868 ], [ 54.571697273031091, 25.692175319058222 ], [ 54.571607441502678, 25.692175319058222 ], [ 54.571607441502678, 25.691905824472986 ], [ 54.571517609974265, 25.691905824472986 ], [ 54.571517609974265, 25.691815992944573 ], [ 54.571427778445859, 25.691815992944573 ], [ 54.571427778445859, 25.69172616141616 ], [ 54.571337946917446, 25.69172616141616 ], [ 54.571337946917446, 25.69163632988775 ], [ 54.571068452332206, 25.69163632988775 ], [ 54.571068452332206, 25.691546498359337 ], [ 54.570888789275386, 25.691546498359337 ], [ 54.570888789275386, 25.691456666830923 ], [ 54.57070912621856, 25.691456666830923 ], [ 54.57070912621856, 25.691187172245687 ], [ 54.570619294690147, 25.691187172245687 ], [ 54.570619294690147, 25.690917677660455 ], [ 54.570529463161733, 25.690917677660455 ], [ 54.570529463161733, 25.690738014603628 ], [ 54.570349800104914, 25.690738014603628 ], [ 54.570349800104914, 25.690648183075218 ], [ 54.570259968576501, 25.690648183075218 ], [ 54.570259968576501, 25.690468520018392 ], [ 54.570170137048088, 25.690468520018392 ], [ 54.570170137048088, 25.690288856961569 ], [ 54.570080305519674, 25.690288856961569 ], [ 54.570080305519674, 25.690378688489982 ], [ 54.569810810934442, 25.690378688489982 ], [ 54.569810810934442, 25.690468520018392 ], [ 54.569451484820796, 25.690468520018392 ], [ 54.569451484820796, 25.690648183075218 ], [ 54.569541316349202, 25.690648183075218 ], [ 54.569541316349202, 25.690917677660455 ], [ 54.569451484820796, 25.690917677660455 ], [ 54.569451484820796, 25.691007509188864 ], [ 54.568912495650324, 25.691007509188864 ], [ 54.568912495650324, 25.691097340717278 ], [ 54.568732832593497, 25.691097340717278 ], [ 54.568732832593497, 25.691007509188864 ], [ 54.568553169536671, 25.691007509188864 ], [ 54.568553169536671, 25.690917677660455 ], [ 54.568463338008264, 25.690917677660455 ], [ 54.568463338008264, 25.690738014603628 ], [ 54.568373506479851, 25.690738014603628 ], [ 54.568373506479851, 25.690558351546805 ], [ 54.568193843423025, 25.690558351546805 ], [ 54.568193843423025, 25.690468520018392 ], [ 54.567744685780966, 25.690468520018392 ], [ 54.567744685780966, 25.690558351546805 ], [ 54.567654854252552, 25.690558351546805 ], [ 54.567654854252552, 25.690468520018392 ], [ 54.567295528138906, 25.690468520018392 ], [ 54.567295528138906, 25.690378688489982 ], [ 54.567205696610493, 25.690378688489982 ], [ 54.567205696610493, 25.690199025433156 ], [ 54.56711586508208, 25.690199025433156 ], [ 54.56711586508208, 25.690109193904746 ], [ 54.567026033553667, 25.690109193904746 ], [ 54.567026033553667, 25.690019362376333 ], [ 54.566936202025261, 25.690019362376333 ], [ 54.566936202025261, 25.689929530847923 ], [ 54.566846370496847, 25.689929530847923 ], [ 54.566846370496847, 25.689660036262687 ], [ 54.566756538968434, 25.689660036262687 ], [ 54.566756538968434, 25.689300710149038 ], [ 54.566666707440021, 25.689300710149038 ], [ 54.566666707440021, 25.689031215563801 ], [ 54.566576875911608, 25.689031215563801 ], [ 54.566576875911608, 25.688761720978565 ], [ 54.566397212854788, 25.688761720978565 ], [ 54.566397212854788, 25.688671889450156 ], [ 54.566307381326375, 25.688671889450156 ], [ 54.566307381326375, 25.688582057921742 ], [ 54.566217549797962, 25.688582057921742 ], [ 54.566217549797962, 25.688402394864919 ], [ 54.566127718269549, 25.688402394864919 ], [ 54.566127718269549, 25.688132900279683 ], [ 54.566037886741135, 25.688132900279683 ], [ 54.566037886741135, 25.68804306875127 ], [ 54.565858223684316, 25.68804306875127 ], [ 54.565858223684316, 25.68795323722286 ], [ 54.56549889757067, 25.68795323722286 ], [ 54.56549889757067, 25.68804306875127 ], [ 54.565319234513844, 25.68804306875127 ], [ 54.565319234513844, 25.688132900279683 ], [ 54.565409066042257, 25.688132900279683 ], [ 54.565409066042257, 25.688222731808093 ], [ 54.565319234513844, 25.688222731808093 ], [ 54.565319234513844, 25.688671889450156 ], [ 54.565409066042257, 25.688671889450156 ], [ 54.565409066042257, 25.688761720978565 ], [ 54.565319234513844, 25.688761720978565 ], [ 54.565319234513844, 25.688851552506978 ], [ 54.564870076871784, 25.688851552506978 ], [ 54.564870076871784, 25.688492226393329 ], [ 54.564959908400198, 25.688492226393329 ], [ 54.564959908400198, 25.688312563336506 ], [ 54.564870076871784, 25.688312563336506 ], [ 54.564870076871784, 25.68795323722286 ], [ 54.564959908400198, 25.68795323722286 ], [ 54.564959908400198, 25.687863405694447 ], [ 54.564870076871784, 25.687863405694447 ], [ 54.564870076871784, 25.686965090410329 ], [ 54.564780245343371, 25.686965090410329 ], [ 54.564780245343371, 25.686605764296679 ], [ 54.564600582286545, 25.686605764296679 ], [ 54.564600582286545, 25.686695595825093 ], [ 54.564420919229725, 25.686695595825093 ], [ 54.564420919229725, 25.686605764296679 ], [ 54.564061593116072, 25.686605764296679 ], [ 54.564061593116072, 25.686515932768266 ], [ 54.563971761587666, 25.686515932768266 ], [ 54.563971761587666, 25.686695595825093 ], [ 54.563881930059253, 25.686695595825093 ], [ 54.563881930059253, 25.686785427353502 ], [ 54.56379209853084, 25.686785427353502 ], [ 54.56379209853084, 25.686965090410329 ], [ 54.563522603945607, 25.686965090410329 ], [ 54.563522603945607, 25.686875258881916 ], [ 54.563342940888781, 25.686875258881916 ], [ 54.563342940888781, 25.686785427353502 ], [ 54.563253109360367, 25.686785427353502 ], [ 54.563253109360367, 25.686695595825093 ], [ 54.563163277831954, 25.686695595825093 ], [ 54.563163277831954, 25.686515932768266 ], [ 54.563073446303541, 25.686515932768266 ], [ 54.563073446303541, 25.68624643818303 ], [ 54.562983614775135, 25.68624643818303 ], [ 54.562983614775135, 25.685976943597797 ], [ 54.562893783246722, 25.685976943597797 ], [ 54.562893783246722, 25.685887112069384 ], [ 54.562803951718308, 25.685887112069384 ], [ 54.562803951718308, 25.685797280540971 ], [ 54.562714120189895, 25.685797280540971 ], [ 54.562714120189895, 25.685437954427325 ], [ 54.562803951718308, 25.685437954427325 ], [ 54.562803951718308, 25.685348122898912 ], [ 54.562893783246722, 25.685348122898912 ], [ 54.562893783246722, 25.685078628313676 ], [ 54.562803951718308, 25.685078628313676 ], [ 54.562803951718308, 25.684898965256853 ], [ 54.562714120189895, 25.684898965256853 ], [ 54.562714120189895, 25.684809133728439 ], [ 54.562624288661482, 25.684809133728439 ], [ 54.562624288661482, 25.68471930220003 ], [ 54.562444625604662, 25.68471930220003 ], [ 54.562444625604662, 25.684629470671617 ], [ 54.562354794076249, 25.684629470671617 ], [ 54.562354794076249, 25.684539639143203 ], [ 54.562264962547836, 25.684539639143203 ], [ 54.562264962547836, 25.684449807614794 ], [ 54.562175131019423, 25.684449807614794 ], [ 54.562175131019423, 25.683731155387498 ], [ 54.562264962547836, 25.683731155387498 ], [ 54.562264962547836, 25.683551492330672 ], [ 54.562175131019423, 25.683551492330672 ], [ 54.562175131019423, 25.683371829273849 ], [ 54.562085299491009, 25.683371829273849 ], [ 54.562085299491009, 25.683192166217026 ], [ 54.562175131019423, 25.683192166217026 ], [ 54.562175131019423, 25.683012503160203 ], [ 54.562264962547836, 25.683012503160203 ], [ 54.562264962547836, 25.682653177046554 ], [ 54.562175131019423, 25.682653177046554 ], [ 54.562175131019423, 25.68256334551814 ], [ 54.562085299491009, 25.68256334551814 ], [ 54.562085299491009, 25.682204019404494 ], [ 54.561995467962603, 25.682204019404494 ], [ 54.561995467962603, 25.682024356347672 ], [ 54.56190563643419, 25.682024356347672 ], [ 54.56190563643419, 25.681934524819258 ], [ 54.561546310320544, 25.681934524819258 ], [ 54.561546310320544, 25.681844693290845 ], [ 54.561456478792131, 25.681844693290845 ], [ 54.561456478792131, 25.681934524819258 ], [ 54.561007321150072, 25.681934524819258 ], [ 54.561007321150072, 25.681665030234022 ], [ 54.560917489621659, 25.681665030234022 ], [ 54.560917489621659, 25.681575198705609 ], [ 54.561007321150072, 25.681575198705609 ], [ 54.561007321150072, 25.68112604106355 ], [ 54.560917489621659, 25.68112604106355 ], [ 54.560917489621659, 25.680856546478314 ], [ 54.560827658093245, 25.680856546478314 ], [ 54.560827658093245, 25.680676883421491 ], [ 54.560737826564832, 25.680676883421491 ], [ 54.560737826564832, 25.680407388836255 ], [ 54.560647995036419, 25.680407388836255 ], [ 54.560647995036419, 25.680137894251018 ], [ 54.560558163508013, 25.680137894251018 ], [ 54.560558163508013, 25.680048062722609 ], [ 54.5604683319796, 25.680048062722609 ], [ 54.5604683319796, 25.679958231194195 ], [ 54.560378500451186, 25.679958231194195 ], [ 54.560378500451186, 25.679868399665782 ], [ 54.56019883739436, 25.679868399665782 ], [ 54.56019883739436, 25.679778568137372 ], [ 54.56001917433754, 25.679778568137372 ], [ 54.56001917433754, 25.679688736608959 ], [ 54.559929342809127, 25.679688736608959 ], [ 54.559929342809127, 25.679598905080546 ], [ 54.559749679752301, 25.679598905080546 ], [ 54.559749679752301, 25.67932941049531 ], [ 54.559659848223887, 25.67932941049531 ], [ 54.559659848223887, 25.679149747438487 ], [ 54.559570016695481, 25.679149747438487 ], [ 54.559570016695481, 25.678970084381664 ], [ 54.559390353638655, 25.678970084381664 ], [ 54.559390353638655, 25.678790421324841 ], [ 54.559300522110242, 25.678790421324841 ], [ 54.559300522110242, 25.678700589796428 ], [ 54.559210690581828, 25.678700589796428 ], [ 54.559210690581828, 25.678610758268015 ], [ 54.559031027525009, 25.678610758268015 ], [ 54.559031027525009, 25.678520926739605 ], [ 54.558941195996596, 25.678520926739605 ], [ 54.558941195996596, 25.678431095211192 ], [ 54.558851364468183, 25.678431095211192 ], [ 54.558851364468183, 25.678341263682778 ], [ 54.558671701411356, 25.678341263682778 ], [ 54.558671701411356, 25.678251432154369 ], [ 54.55831237529771, 25.678251432154369 ], [ 54.55831237529771, 25.678161600625955 ], [ 54.558222543769297, 25.678161600625955 ], [ 54.558222543769297, 25.678071769097546 ], [ 54.558132712240884, 25.678071769097546 ], [ 54.558132712240884, 25.677892106040719 ], [ 54.557953049184064, 25.677892106040719 ], [ 54.557953049184064, 25.677712442983896 ], [ 54.557863217655651, 25.677712442983896 ], [ 54.557863217655651, 25.677532779927073 ], [ 54.557773386127238, 25.677532779927073 ], [ 54.557773386127238, 25.677263285341837 ], [ 54.557683554598825, 25.677263285341837 ], [ 54.557683554598825, 25.676993790756601 ], [ 54.557593723070418, 25.676993790756601 ], [ 54.557593723070418, 25.676903959228188 ], [ 54.557503891542005, 25.676903959228188 ], [ 54.557503891542005, 25.676724296171365 ], [ 54.557414060013592, 25.676724296171365 ], [ 54.557414060013592, 25.676634464642952 ], [ 54.557324228485179, 25.676634464642952 ], [ 54.557324228485179, 25.676544633114542 ], [ 54.557234396956765, 25.676544633114542 ], [ 54.557234396956765, 25.676454801586129 ], [ 54.557144565428352, 25.676454801586129 ], [ 54.557144565428352, 25.676364970057715 ], [ 54.557054733899946, 25.676364970057715 ], [ 54.557054733899946, 25.676275138529306 ], [ 54.556964902371533, 25.676275138529306 ], [ 54.556964902371533, 25.676185307000893 ], [ 54.556785239314706, 25.676185307000893 ], [ 54.556785239314706, 25.676095475472483 ], [ 54.556695407786293, 25.676095475472483 ], [ 54.556695407786293, 25.675466654773597 ], [ 54.556785239314706, 25.675466654773597 ], [ 54.556785239314706, 25.675197160188361 ], [ 54.556695407786293, 25.675197160188361 ], [ 54.556695407786293, 25.674927665603125 ], [ 54.556605576257887, 25.674927665603125 ], [ 54.556605576257887, 25.674748002546302 ], [ 54.556695407786293, 25.674748002546302 ], [ 54.556695407786293, 25.674568339489479 ], [ 54.556785239314706, 25.674568339489479 ], [ 54.556785239314706, 25.674478507961066 ], [ 54.55687507084312, 25.674478507961066 ], [ 54.55687507084312, 25.674388676432653 ], [ 54.556964902371533, 25.674388676432653 ], [ 54.556964902371533, 25.67420901337583 ], [ 54.557054733899946, 25.67420901337583 ], [ 54.557054733899946, 25.674029350319007 ], [ 54.557144565428352, 25.674029350319007 ], [ 54.557144565428352, 25.673849687262184 ], [ 54.557234396956765, 25.673849687262184 ], [ 54.557234396956765, 25.673580192676948 ], [ 54.557324228485179, 25.673580192676948 ], [ 54.557324228485179, 25.673490361148534 ], [ 54.557144565428352, 25.673490361148534 ], [ 54.557144565428352, 25.673580192676948 ], [ 54.557054733899946, 25.673580192676948 ], [ 54.557054733899946, 25.673310698091711 ], [ 54.556964902371533, 25.673310698091711 ], [ 54.556964902371533, 25.673220866563298 ], [ 54.55687507084312, 25.673220866563298 ], [ 54.55687507084312, 25.673131035034885 ], [ 54.556785239314706, 25.673131035034885 ], [ 54.556785239314706, 25.673041203506475 ], [ 54.556695407786293, 25.673041203506475 ], [ 54.556695407786293, 25.672951371978062 ], [ 54.556515744729474, 25.672951371978062 ], [ 54.556515744729474, 25.672861540449652 ], [ 54.55642591320106, 25.672861540449652 ], [ 54.55642591320106, 25.672771708921239 ], [ 54.556336081672647, 25.672771708921239 ], [ 54.556336081672647, 25.672592045864416 ], [ 54.556156418615821, 25.672592045864416 ], [ 54.556156418615821, 25.67241238280759 ], [ 54.556066587087415, 25.67241238280759 ], [ 54.556066587087415, 25.672053056693944 ], [ 54.556156418615821, 25.672053056693944 ], [ 54.556156418615821, 25.671963225165531 ], [ 54.556246250144234, 25.671963225165531 ], [ 54.556246250144234, 25.671783562108708 ], [ 54.556336081672647, 25.671783562108708 ], [ 54.556336081672647, 25.671514067523471 ], [ 54.556246250144234, 25.671514067523471 ], [ 54.556246250144234, 25.671424235995058 ], [ 54.555976755559001, 25.671424235995058 ], [ 54.555976755559001, 25.671514067523471 ], [ 54.555797092502175, 25.671514067523471 ], [ 54.555797092502175, 25.671334404466648 ], [ 54.555707260973762, 25.671334404466648 ], [ 54.555707260973762, 25.671244572938235 ], [ 54.555617429445356, 25.671244572938235 ], [ 54.555617429445356, 25.671064909881412 ], [ 54.555437766388529, 25.671064909881412 ], [ 54.555437766388529, 25.670975078352999 ], [ 54.555347934860116, 25.670975078352999 ], [ 54.555347934860116, 25.670885246824589 ], [ 54.555258103331703, 25.670885246824589 ], [ 54.555258103331703, 25.670795415296176 ], [ 54.555168271803289, 25.670795415296176 ], [ 54.555168271803289, 25.670705583767763 ], [ 54.55471911416123, 25.670705583767763 ], [ 54.55471911416123, 25.670615752239353 ], [ 54.554539451104411, 25.670615752239353 ], [ 54.554539451104411, 25.670705583767763 ], [ 54.554269956519171, 25.670705583767763 ], [ 54.554269956519171, 25.670256426125704 ], [ 54.554180124990758, 25.670256426125704 ], [ 54.554180124990758, 25.670166594597291 ], [ 54.554090293462352, 25.670166594597291 ], [ 54.554090293462352, 25.669986931540468 ], [ 54.554269956519171, 25.669986931540468 ], [ 54.554269956519171, 25.669807268483645 ], [ 54.553910630405525, 25.669807268483645 ], [ 54.553910630405525, 25.669717436955231 ], [ 54.553820798877112, 25.669717436955231 ], [ 54.553820798877112, 25.669627605426822 ], [ 54.553730967348699, 25.669627605426822 ], [ 54.553730967348699, 25.669447942369995 ], [ 54.553820798877112, 25.669447942369995 ], [ 54.553820798877112, 25.669268279313172 ], [ 54.553730967348699, 25.669268279313172 ], [ 54.553730967348699, 25.669088616256349 ], [ 54.553820798877112, 25.669088616256349 ], [ 54.553820798877112, 25.668819121671113 ], [ 54.553910630405525, 25.668819121671113 ], [ 54.553910630405525, 25.668010637915405 ], [ 54.554000461933938, 25.668010637915405 ], [ 54.554000461933938, 25.667202154159696 ], [ 54.554090293462352, 25.667202154159696 ], [ 54.554090293462352, 25.667022491102873 ], [ 54.554180124990758, 25.667022491102873 ], [ 54.554180124990758, 25.666932659574464 ], [ 54.554269956519171, 25.666932659574464 ], [ 54.554269956519171, 25.66684282804605 ], [ 54.554359788047584, 25.66684282804605 ], [ 54.554359788047584, 25.666663164989227 ], [ 54.554449619575998, 25.666663164989227 ], [ 54.554449619575998, 25.666573333460814 ], [ 54.554539451104411, 25.666573333460814 ], [ 54.554539451104411, 25.666393670403991 ], [ 54.554629282632824, 25.666393670403991 ], [ 54.554629282632824, 25.666034344290342 ], [ 54.554449619575998, 25.666034344290342 ], [ 54.554449619575998, 25.665944512761932 ], [ 54.554269956519171, 25.665944512761932 ], [ 54.554269956519171, 25.665854681233519 ], [ 54.554180124990758, 25.665854681233519 ], [ 54.554180124990758, 25.665764849705106 ], [ 54.554090293462352, 25.665764849705106 ], [ 54.554090293462352, 25.665675018176696 ], [ 54.554000461933938, 25.665675018176696 ], [ 54.554000461933938, 25.665495355119869 ], [ 54.553910630405525, 25.665495355119869 ], [ 54.553910630405525, 25.66504619747781 ], [ 54.554000461933938, 25.66504619747781 ], [ 54.554000461933938, 25.664956365949401 ], [ 54.553910630405525, 25.664956365949401 ], [ 54.553910630405525, 25.664776702892574 ], [ 54.553820798877112, 25.664776702892574 ], [ 54.553820798877112, 25.664507208307338 ], [ 54.553730967348699, 25.664507208307338 ], [ 54.553730967348699, 25.664417376778928 ], [ 54.553641135820293, 25.664417376778928 ], [ 54.553641135820293, 25.664237713722102 ], [ 54.553551304291879, 25.664237713722102 ], [ 54.553551304291879, 25.664058050665279 ], [ 54.553461472763466, 25.664058050665279 ], [ 54.553461472763466, 25.663788556080043 ], [ 54.553371641235053, 25.663788556080043 ], [ 54.553371641235053, 25.663698724551633 ], [ 54.55328180970664, 25.663698724551633 ], [ 54.55328180970664, 25.663429229966397 ], [ 54.553191978178226, 25.663429229966397 ], [ 54.553191978178226, 25.661902093983393 ], [ 54.55310214664982, 25.661902093983393 ], [ 54.55310214664982, 25.661363104812921 ], [ 54.553012315121407, 25.661363104812921 ], [ 54.553012315121407, 25.661273273284507 ], [ 54.552922483592994, 25.661273273284507 ], [ 54.552922483592994, 25.661093610227685 ], [ 54.552832652064581, 25.661093610227685 ], [ 54.552832652064581, 25.661003778699275 ], [ 54.552742820536167, 25.661003778699275 ], [ 54.552742820536167, 25.660913947170862 ], [ 54.552652989007761, 25.660913947170862 ], [ 54.552652989007761, 25.660824115642448 ], [ 54.552563157479348, 25.660824115642448 ], [ 54.552563157479348, 25.660734284114039 ], [ 54.552473325950935, 25.660734284114039 ], [ 54.552473325950935, 25.660554621057212 ], [ 54.552383494422521, 25.660554621057212 ], [ 54.552383494422521, 25.660374958000389 ], [ 54.552293662894108, 25.660374958000389 ], [ 54.552293662894108, 25.660195294943566 ], [ 54.552203831365695, 25.660195294943566 ], [ 54.552203831365695, 25.660015631886743 ], [ 54.552113999837289, 25.660015631886743 ], [ 54.552113999837289, 25.659476642716271 ], [ 54.552024168308876, 25.659476642716271 ], [ 54.552024168308876, 25.659117316602622 ], [ 54.551934336780462, 25.659117316602622 ], [ 54.551934336780462, 25.658937653545799 ], [ 54.551844505252049, 25.658937653545799 ], [ 54.551844505252049, 25.658668158960563 ], [ 54.551754673723636, 25.658668158960563 ], [ 54.551754673723636, 25.658578327432149 ], [ 54.55166484219523, 25.658578327432149 ], [ 54.55166484219523, 25.658398664375326 ], [ 54.551575010666816, 25.658398664375326 ], [ 54.551575010666816, 25.658219001318503 ], [ 54.551485179138403, 25.658219001318503 ], [ 54.551485179138403, 25.657949506733267 ], [ 54.55139534760999, 25.657949506733267 ], [ 54.55139534760999, 25.657769843676444 ], [ 54.551305516081577, 25.657769843676444 ], [ 54.551305516081577, 25.657500349091208 ], [ 54.551215684553163, 25.657500349091208 ], [ 54.551215684553163, 25.657320686034382 ], [ 54.551125853024757, 25.657320686034382 ], [ 54.551125853024757, 25.657051191449145 ], [ 54.551036021496344, 25.657051191449145 ], [ 54.551036021496344, 25.656961359920736 ], [ 54.550946189967931, 25.656961359920736 ], [ 54.550946189967931, 25.6566918653355 ], [ 54.550856358439518, 25.6566918653355 ], [ 54.550856358439518, 25.656512202278677 ], [ 54.550766526911104, 25.656512202278677 ], [ 54.550766526911104, 25.65633253922185 ], [ 54.550676695382698, 25.65633253922185 ], [ 54.550676695382698, 25.656242707693441 ], [ 54.550586863854285, 25.656242707693441 ], [ 54.550586863854285, 25.656063044636614 ], [ 54.550497032325872, 25.656063044636614 ], [ 54.550497032325872, 25.655973213108204 ], [ 54.550407200797459, 25.655973213108204 ], [ 54.550407200797459, 25.655524055466145 ], [ 54.550317369269045, 25.655524055466145 ], [ 54.550317369269045, 25.655254560880909 ], [ 54.550227537740632, 25.655254560880909 ], [ 54.550227537740632, 25.655074897824083 ], [ 54.550137706212226, 25.655074897824083 ], [ 54.550137706212226, 25.654985066295673 ], [ 54.550047874683813, 25.654985066295673 ], [ 54.550047874683813, 25.654715571710437 ], [ 54.549958043155399, 25.654715571710437 ], [ 54.549958043155399, 25.654625740182023 ], [ 54.549868211626986, 25.654625740182023 ], [ 54.549868211626986, 25.654535908653614 ], [ 54.549778380098573, 25.654535908653614 ], [ 54.549778380098573, 25.654446077125201 ], [ 54.549688548570167, 25.654446077125201 ], [ 54.549688548570167, 25.654266414068378 ], [ 54.549598717041754, 25.654266414068378 ], [ 54.549598717041754, 25.654086751011551 ], [ 54.54950888551334, 25.654086751011551 ], [ 54.54950888551334, 25.653817256426318 ], [ 54.549419053984927, 25.653817256426318 ], [ 54.549419053984927, 25.653727424897905 ], [ 54.549329222456514, 25.653727424897905 ], [ 54.549329222456514, 25.653547761841082 ], [ 54.549149559399694, 25.653547761841082 ], [ 54.549149559399694, 25.653368098784256 ], [ 54.549059727871281, 25.653368098784256 ], [ 54.549059727871281, 25.65309860419902 ], [ 54.548969896342868, 25.65309860419902 ], [ 54.548969896342868, 25.652829109613787 ], [ 54.548880064814455, 25.652829109613787 ], [ 54.548880064814455, 25.652649446556961 ], [ 54.548790233286041, 25.652649446556961 ], [ 54.548790233286041, 25.652559615028551 ], [ 54.548610570229222, 25.652559615028551 ], [ 54.548610570229222, 25.652469783500138 ], [ 54.548520738700809, 25.652469783500138 ], [ 54.548520738700809, 25.652379951971724 ], [ 54.548430907172396, 25.652379951971724 ], [ 54.548430907172396, 25.652290120443315 ], [ 54.548251244115569, 25.652290120443315 ], [ 54.548251244115569, 25.652110457386488 ], [ 54.54807158105875, 25.652110457386488 ], [ 54.54807158105875, 25.652020625858079 ], [ 54.547981749530337, 25.652020625858079 ], [ 54.547981749530337, 25.651930794329665 ], [ 54.547891918001923, 25.651930794329665 ], [ 54.547891918001923, 25.651751131272842 ], [ 54.54780208647351, 25.651751131272842 ], [ 54.54780208647351, 25.651661299744429 ], [ 54.547712254945104, 25.651661299744429 ], [ 54.547712254945104, 25.651481636687606 ], [ 54.547532591888277, 25.651481636687606 ], [ 54.547532591888277, 25.651301973630783 ], [ 54.547442760359864, 25.651301973630783 ], [ 54.547442760359864, 25.651032479045547 ], [ 54.547352928831451, 25.651032479045547 ], [ 54.547352928831451, 25.650852815988724 ], [ 54.547263097303038, 25.650852815988724 ], [ 54.547263097303038, 25.650762984460311 ], [ 54.547173265774632, 25.650762984460311 ], [ 54.547173265774632, 25.650493489875075 ], [ 54.547083434246218, 25.650493489875075 ], [ 54.547083434246218, 25.650223995289839 ], [ 54.546993602717805, 25.650223995289839 ], [ 54.546993602717805, 25.650134163761425 ], [ 54.546903771189392, 25.650134163761425 ], [ 54.546903771189392, 25.650044332233016 ], [ 54.546813939660979, 25.650044332233016 ], [ 54.546813939660979, 25.649954500704602 ], [ 54.546724108132572, 25.649954500704602 ], [ 54.546724108132572, 25.649864669176193 ], [ 54.546634276604159, 25.649864669176193 ], [ 54.546634276604159, 25.649774837647779 ], [ 54.546274950490506, 25.649774837647779 ], [ 54.546274950490506, 25.649685006119366 ], [ 54.546095287433687, 25.649685006119366 ], [ 54.546095287433687, 25.649595174590957 ], [ 54.546005455905274, 25.649595174590957 ], [ 54.546005455905274, 25.64941551153413 ], [ 54.54591562437686, 25.64941551153413 ], [ 54.54591562437686, 25.649235848477307 ], [ 54.545825792848447, 25.649235848477307 ], [ 54.545825792848447, 25.649056185420484 ], [ 54.545646129791628, 25.649056185420484 ], [ 54.545646129791628, 25.648966353892071 ], [ 54.545376635206388, 25.648966353892071 ], [ 54.545376635206388, 25.648876522363661 ], [ 54.545286803677975, 25.648876522363661 ], [ 54.545286803677975, 25.648786690835248 ], [ 54.545196972149569, 25.648786690835248 ], [ 54.545196972149569, 25.648696859306835 ], [ 54.545107140621155, 25.648696859306835 ], [ 54.545107140621155, 25.648427364721599 ], [ 54.545017309092742, 25.648427364721599 ], [ 54.545017309092742, 25.648337533193189 ], [ 54.544837646035916, 25.648337533193189 ], [ 54.544837646035916, 25.648247701664776 ], [ 54.54447831992227, 25.648247701664776 ], [ 54.54447831992227, 25.648337533193189 ], [ 54.544298656865443, 25.648337533193189 ], [ 54.544298656865443, 25.648247701664776 ], [ 54.543939330751797, 25.648247701664776 ], [ 54.543939330751797, 25.648157870136362 ], [ 54.543759667694978, 25.648157870136362 ], [ 54.543759667694978, 25.648068038607953 ], [ 54.543669836166565, 25.648068038607953 ], [ 54.543669836166565, 25.647978207079539 ], [ 54.543580004638152, 25.647978207079539 ], [ 54.543580004638152, 25.647798544022717 ], [ 54.543490173109738, 25.647798544022717 ], [ 54.543490173109738, 25.647708712494303 ], [ 54.543400341581325, 25.647708712494303 ], [ 54.543400341581325, 25.647618880965894 ], [ 54.543220678524506, 25.647618880965894 ], [ 54.543220678524506, 25.647439217909067 ], [ 54.543130846996092, 25.647439217909067 ], [ 54.543130846996092, 25.647349386380657 ], [ 54.543220678524506, 25.647349386380657 ], [ 54.543220678524506, 25.647079891795421 ], [ 54.543130846996092, 25.647079891795421 ], [ 54.543130846996092, 25.647169723323831 ], [ 54.542951183939266, 25.647169723323831 ], [ 54.542951183939266, 25.646990060267008 ], [ 54.543130846996092, 25.646990060267008 ], [ 54.543130846996092, 25.646900228738598 ], [ 54.543220678524506, 25.646900228738598 ], [ 54.543220678524506, 25.646810397210185 ], [ 54.543400341581325, 25.646810397210185 ], [ 54.543400341581325, 25.646720565681772 ], [ 54.543041015467679, 25.646720565681772 ], [ 54.543041015467679, 25.646630734153362 ], [ 54.54259185782562, 25.646630734153362 ], [ 54.54259185782562, 25.646540902624949 ], [ 54.542502026297207, 25.646540902624949 ], [ 54.542502026297207, 25.646361239568126 ], [ 54.542412194768794, 25.646361239568126 ], [ 54.542412194768794, 25.646271408039713 ], [ 54.54232236324038, 25.646271408039713 ], [ 54.54232236324038, 25.646181576511299 ], [ 54.542232531711974, 25.646181576511299 ], [ 54.542232531711974, 25.64609174498289 ], [ 54.542142700183561, 25.64609174498289 ], [ 54.542142700183561, 25.645822250397654 ], [ 54.542052868655148, 25.645822250397654 ], [ 54.542052868655148, 25.645642587340831 ], [ 54.541963037126735, 25.645642587340831 ], [ 54.541963037126735, 25.645462924284004 ], [ 54.541873205598321, 25.645462924284004 ], [ 54.541873205598321, 25.645283261227181 ], [ 54.541783374069915, 25.645283261227181 ], [ 54.541783374069915, 25.645373092755595 ], [ 54.541693542541502, 25.645373092755595 ], [ 54.541693542541502, 25.645462924284004 ], [ 54.541603711013089, 25.645462924284004 ], [ 54.541603711013089, 25.645552755812417 ], [ 54.541424047956262, 25.645552755812417 ], [ 54.541424047956262, 25.645462924284004 ], [ 54.541334216427849, 25.645462924284004 ], [ 54.541334216427849, 25.645552755812417 ], [ 54.541064721842616, 25.645552755812417 ], [ 54.541064721842616, 25.645642587340831 ], [ 54.540974890314203, 25.645642587340831 ], [ 54.540974890314203, 25.64573241886924 ], [ 54.54070539572897, 25.64573241886924 ], [ 54.54070539572897, 25.645642587340831 ], [ 54.540435901143731, 25.645642587340831 ], [ 54.540435901143731, 25.645552755812417 ], [ 54.540346069615318, 25.645552755812417 ], [ 54.540346069615318, 25.645373092755595 ], [ 54.540166406558498, 25.645373092755595 ], [ 54.540166406558498, 25.645283261227181 ], [ 54.539986743501672, 25.645283261227181 ], [ 54.539986743501672, 25.645193429698768 ], [ 54.539896911973258, 25.645193429698768 ], [ 54.539896911973258, 25.645103598170358 ], [ 54.539807080444852, 25.645103598170358 ], [ 54.539807080444852, 25.645013766641945 ], [ 54.539717248916439, 25.645013766641945 ], [ 54.539717248916439, 25.644834103585122 ], [ 54.539627417388026, 25.644834103585122 ], [ 54.539627417388026, 25.644474777471473 ], [ 54.539537585859613, 25.644474777471473 ], [ 54.539537585859613, 25.644384945943063 ], [ 54.539627417388026, 25.644384945943063 ], [ 54.539627417388026, 25.643845956772591 ], [ 54.539717248916439, 25.643845956772591 ], [ 54.539717248916439, 25.643756125244177 ], [ 54.539807080444852, 25.643756125244177 ], [ 54.539807080444852, 25.643576462187355 ], [ 54.539896911973258, 25.643576462187355 ], [ 54.539896911973258, 25.643396799130532 ], [ 54.539986743501672, 25.643396799130532 ], [ 54.539986743501672, 25.642857809960059 ], [ 54.539896911973258, 25.642857809960059 ], [ 54.539896911973258, 25.642767978431646 ], [ 54.539807080444852, 25.642767978431646 ], [ 54.539807080444852, 25.642678146903236 ], [ 54.539627417388026, 25.642678146903236 ], [ 54.539627417388026, 25.64249848384641 ], [ 54.539537585859613, 25.64249848384641 ], [ 54.539537585859613, 25.642408652318 ], [ 54.539447754331199, 25.642408652318 ], [ 54.539447754331199, 25.642318820789587 ], [ 54.539357922802786, 25.642318820789587 ], [ 54.539357922802786, 25.642228989261174 ], [ 54.53926809127438, 25.642228989261174 ], [ 54.53926809127438, 25.642139157732764 ], [ 54.539178259745967, 25.642139157732764 ], [ 54.539178259745967, 25.642049326204351 ], [ 54.53899859668914, 25.642049326204351 ], [ 54.53899859668914, 25.641959494675937 ], [ 54.538908765160727, 25.641959494675937 ], [ 54.538908765160727, 25.641869663147528 ], [ 54.538818933632321, 25.641869663147528 ], [ 54.538818933632321, 25.641779831619115 ], [ 54.538729102103908, 25.641779831619115 ], [ 54.538729102103908, 25.641510337033878 ], [ 54.538639270575494, 25.641510337033878 ], [ 54.538639270575494, 25.641061179391819 ], [ 54.538549439047081, 25.641061179391819 ], [ 54.538549439047081, 25.640881516334996 ], [ 54.538459607518668, 25.640881516334996 ], [ 54.538459607518668, 25.640701853278173 ], [ 54.538369775990255, 25.640701853278173 ], [ 54.538369775990255, 25.640522190221347 ], [ 54.538279944461848, 25.640522190221347 ], [ 54.538279944461848, 25.640252695636111 ], [ 54.538190112933435, 25.640252695636111 ], [ 54.538190112933435, 25.640073032579288 ], [ 54.538100281405022, 25.640073032579288 ], [ 54.538100281405022, 25.639803537994052 ], [ 54.538010449876609, 25.639803537994052 ], [ 54.538010449876609, 25.639623874937229 ], [ 54.537920618348195, 25.639623874937229 ], [ 54.537920618348195, 25.639534043408815 ], [ 54.537830786819789, 25.639534043408815 ], [ 54.537830786819789, 25.639354380351993 ], [ 54.537651123762963, 25.639354380351993 ], [ 54.537651123762963, 25.639084885766756 ], [ 54.537740955291376, 25.639084885766756 ], [ 54.537740955291376, 25.638905222709933 ], [ 54.537830786819789, 25.638905222709933 ], [ 54.537830786819789, 25.63881539118152 ], [ 54.537920618348195, 25.63881539118152 ], [ 54.537920618348195, 25.638635728124697 ], [ 54.538010449876609, 25.638635728124697 ], [ 54.538010449876609, 25.638545896596284 ], [ 54.537830786819789, 25.638545896596284 ], [ 54.537830786819789, 25.638186570482638 ], [ 54.537740955291376, 25.638186570482638 ], [ 54.537740955291376, 25.637827244368989 ], [ 54.537651123762963, 25.637827244368989 ], [ 54.537651123762963, 25.637737412840579 ], [ 54.53756129223455, 25.637737412840579 ], [ 54.53756129223455, 25.637647581312166 ], [ 54.537471460706136, 25.637647581312166 ], [ 54.537471460706136, 25.637557749783753 ], [ 54.537381629177723, 25.637557749783753 ], [ 54.537381629177723, 25.637467918255343 ], [ 54.537291797649317, 25.637467918255343 ], [ 54.537291797649317, 25.637198423670107 ], [ 54.537201966120904, 25.637198423670107 ], [ 54.537201966120904, 25.63701876061328 ], [ 54.537112134592491, 25.63701876061328 ], [ 54.537112134592491, 25.636479771442811 ], [ 54.537022303064077, 25.636479771442811 ], [ 54.537022303064077, 25.636210276857575 ], [ 54.537112134592491, 25.636210276857575 ], [ 54.537112134592491, 25.636030613800749 ], [ 54.537201966120904, 25.636030613800749 ], [ 54.537201966120904, 25.635940782272339 ], [ 54.537291797649317, 25.635940782272339 ], [ 54.537291797649317, 25.635761119215516 ], [ 54.537381629177723, 25.635761119215516 ], [ 54.537381629177723, 25.63558145615869 ], [ 54.53756129223455, 25.63558145615869 ], [ 54.53756129223455, 25.63549162463028 ], [ 54.537651123762963, 25.63549162463028 ], [ 54.537651123762963, 25.635401793101867 ], [ 54.537830786819789, 25.635401793101867 ], [ 54.537830786819789, 25.635222130045044 ], [ 54.538100281405022, 25.635222130045044 ], [ 54.538100281405022, 25.635132298516631 ], [ 54.538190112933435, 25.635132298516631 ], [ 54.538190112933435, 25.635042466988217 ], [ 54.538279944461848, 25.635042466988217 ], [ 54.538279944461848, 25.634952635459808 ], [ 54.538369775990255, 25.634952635459808 ], [ 54.538369775990255, 25.634683140874571 ], [ 54.538190112933435, 25.634683140874571 ], [ 54.538190112933435, 25.634593309346158 ], [ 54.538279944461848, 25.634593309346158 ], [ 54.538279944461848, 25.634503477817749 ], [ 54.538190112933435, 25.634503477817749 ], [ 54.538190112933435, 25.633964488647276 ], [ 54.538279944461848, 25.633964488647276 ], [ 54.538279944461848, 25.633605162533627 ], [ 54.538369775990255, 25.633605162533627 ], [ 54.538369775990255, 25.633515331005217 ], [ 54.538459607518668, 25.633515331005217 ], [ 54.538459607518668, 25.633425499476804 ], [ 54.538639270575494, 25.633425499476804 ], [ 54.538639270575494, 25.633335667948391 ], [ 54.538729102103908, 25.633335667948391 ], [ 54.538729102103908, 25.633245836419981 ], [ 54.538818933632321, 25.633245836419981 ], [ 54.538818933632321, 25.633156004891568 ], [ 54.538908765160727, 25.633156004891568 ], [ 54.538908765160727, 25.632886510306331 ], [ 54.53899859668914, 25.632886510306331 ], [ 54.53899859668914, 25.632796678777922 ], [ 54.539088428217553, 25.632796678777922 ], [ 54.539088428217553, 25.632527184192686 ], [ 54.539178259745967, 25.632527184192686 ], [ 54.539178259745967, 25.632167858079036 ], [ 54.539088428217553, 25.632167858079036 ], [ 54.539088428217553, 25.63180853196539 ], [ 54.53899859668914, 25.63180853196539 ], [ 54.53899859668914, 25.631449205851741 ], [ 54.538908765160727, 25.631449205851741 ], [ 54.538908765160727, 25.630191564453973 ], [ 54.53899859668914, 25.630191564453973 ], [ 54.53899859668914, 25.63010173292556 ], [ 54.539088428217553, 25.63010173292556 ], [ 54.539088428217553, 25.629652575283501 ], [ 54.53899859668914, 25.629652575283501 ], [ 54.53899859668914, 25.628933923056206 ], [ 54.539088428217553, 25.628933923056206 ], [ 54.539088428217553, 25.628664428470969 ], [ 54.539178259745967, 25.628664428470969 ], [ 54.539178259745967, 25.62857459694256 ], [ 54.53926809127438, 25.62857459694256 ], [ 54.53926809127438, 25.628305102357324 ], [ 54.539357922802786, 25.628305102357324 ], [ 54.539357922802786, 25.62821527082891 ], [ 54.539447754331199, 25.62821527082891 ], [ 54.539447754331199, 25.627676281658438 ], [ 54.539537585859613, 25.627676281658438 ], [ 54.539537585859613, 25.627406787073202 ], [ 54.539627417388026, 25.627406787073202 ], [ 54.539627417388026, 25.626957629431143 ], [ 54.539717248916439, 25.626957629431143 ], [ 54.539717248916439, 25.626508471789084 ], [ 54.539807080444852, 25.626508471789084 ], [ 54.539807080444852, 25.626059314147025 ], [ 54.539717248916439, 25.626059314147025 ], [ 54.539717248916439, 25.625340661919729 ], [ 54.539807080444852, 25.625340661919729 ], [ 54.539807080444852, 25.625250830391316 ], [ 54.539717248916439, 25.625250830391316 ], [ 54.539717248916439, 25.625160998862903 ], [ 54.539627417388026, 25.625160998862903 ], [ 54.539627417388026, 25.624891504277667 ], [ 54.539537585859613, 25.624891504277667 ], [ 54.539537585859613, 25.624711841220844 ], [ 54.539447754331199, 25.624711841220844 ], [ 54.539447754331199, 25.624352515107198 ], [ 54.539537585859613, 25.624352515107198 ], [ 54.539537585859613, 25.624262683578785 ], [ 54.539627417388026, 25.624262683578785 ], [ 54.539627417388026, 25.624083020521962 ], [ 54.539717248916439, 25.624083020521962 ], [ 54.539717248916439, 25.623813525936725 ], [ 54.540076575030085, 25.623813525936725 ], [ 54.540076575030085, 25.623723694408312 ], [ 54.539986743501672, 25.623723694408312 ], [ 54.539986743501672, 25.623633862879903 ], [ 54.539896911973258, 25.623633862879903 ], [ 54.539896911973258, 25.623454199823076 ], [ 54.539986743501672, 25.623454199823076 ], [ 54.539986743501672, 25.623274536766253 ], [ 54.540076575030085, 25.623274536766253 ], [ 54.540076575030085, 25.62309487370943 ], [ 54.540166406558498, 25.62309487370943 ], [ 54.540166406558498, 25.623005042181017 ], [ 54.540256238086911, 25.623005042181017 ], [ 54.540256238086911, 25.622915210652604 ], [ 54.540346069615318, 25.622915210652604 ], [ 54.540346069615318, 25.622735547595781 ], [ 54.540435901143731, 25.622735547595781 ], [ 54.540435901143731, 25.622645716067371 ], [ 54.540525732672144, 25.622645716067371 ], [ 54.540525732672144, 25.622466053010545 ], [ 54.540615564200557, 25.622466053010545 ], [ 54.540615564200557, 25.622376221482135 ], [ 54.54070539572897, 25.622376221482135 ], [ 54.54070539572897, 25.622106726896899 ], [ 54.540795227257384, 25.622106726896899 ], [ 54.540795227257384, 25.622016895368485 ], [ 54.54088505878579, 25.622016895368485 ], [ 54.54088505878579, 25.621927063840072 ], [ 54.540974890314203, 25.621927063840072 ], [ 54.540974890314203, 25.621837232311663 ], [ 54.54115455337103, 25.621837232311663 ], [ 54.54115455337103, 25.621747400783249 ], [ 54.541424047956262, 25.621747400783249 ], [ 54.541424047956262, 25.62165756925484 ], [ 54.541513879484675, 25.62165756925484 ], [ 54.541513879484675, 25.621567737726426 ], [ 54.541603711013089, 25.621567737726426 ], [ 54.541603711013089, 25.62165756925484 ], [ 54.541783374069915, 25.62165756925484 ], [ 54.541783374069915, 25.621388074669603 ], [ 54.541873205598321, 25.621388074669603 ], [ 54.541873205598321, 25.620759253970718 ], [ 54.541963037126735, 25.620759253970718 ], [ 54.541963037126735, 25.620489759385482 ], [ 54.542052868655148, 25.620489759385482 ], [ 54.542052868655148, 25.620310096328659 ], [ 54.542142700183561, 25.620310096328659 ], [ 54.542142700183561, 25.620220264800246 ], [ 54.54232236324038, 25.620220264800246 ], [ 54.54232236324038, 25.620130433271836 ], [ 54.542502026297207, 25.620130433271836 ], [ 54.542502026297207, 25.619950770215009 ], [ 54.54259185782562, 25.619950770215009 ], [ 54.54259185782562, 25.6198609386866 ], [ 54.542681689354033, 25.6198609386866 ], [ 54.542681689354033, 25.619771107158186 ], [ 54.542771520882447, 25.619771107158186 ], [ 54.542771520882447, 25.619591444101363 ], [ 54.542861352410853, 25.619591444101363 ], [ 54.542861352410853, 25.61950161257295 ], [ 54.542951183939266, 25.61950161257295 ], [ 54.542951183939266, 25.619232117987714 ], [ 54.543041015467679, 25.619232117987714 ], [ 54.543041015467679, 25.619142286459304 ], [ 54.543310510052912, 25.619142286459304 ], [ 54.543310510052912, 25.619232117987714 ], [ 54.543580004638152, 25.619232117987714 ], [ 54.543580004638152, 25.619052454930891 ], [ 54.543669836166565, 25.619052454930891 ], [ 54.543669836166565, 25.618962623402478 ], [ 54.543580004638152, 25.618962623402478 ], [ 54.543580004638152, 25.618693128817245 ], [ 54.543310510052912, 25.618693128817245 ], [ 54.543310510052912, 25.618603297288832 ], [ 54.543220678524506, 25.618603297288832 ], [ 54.543220678524506, 25.617615150476301 ], [ 54.543310510052912, 25.617615150476301 ], [ 54.543310510052912, 25.617345655891064 ], [ 54.543400341581325, 25.617345655891064 ], [ 54.543400341581325, 25.617255824362651 ], [ 54.543580004638152, 25.617255824362651 ], [ 54.543580004638152, 25.617076161305828 ], [ 54.543669836166565, 25.617076161305828 ], [ 54.543669836166565, 25.616986329777415 ], [ 54.543759667694978, 25.616986329777415 ], [ 54.543759667694978, 25.616896498249005 ], [ 54.543849499223384, 25.616896498249005 ], [ 54.543849499223384, 25.616716835192182 ], [ 54.543939330751797, 25.616716835192182 ], [ 54.543939330751797, 25.616537172135356 ], [ 54.544029162280211, 25.616537172135356 ], [ 54.544029162280211, 25.61617784602171 ], [ 54.544118993808624, 25.61617784602171 ], [ 54.544118993808624, 25.615549025322824 ], [ 54.544208825337037, 25.615549025322824 ], [ 54.544208825337037, 25.615189699209179 ], [ 54.544298656865443, 25.615189699209179 ], [ 54.544298656865443, 25.61438121545347 ], [ 54.544388488393857, 25.61438121545347 ], [ 54.544388488393857, 25.613752394754588 ], [ 54.54447831992227, 25.613752394754588 ], [ 54.54447831992227, 25.613482900169352 ], [ 54.544568151450683, 25.613482900169352 ], [ 54.544568151450683, 25.613393068640939 ], [ 54.544657982979096, 25.613393068640939 ], [ 54.544657982979096, 25.613213405584116 ], [ 54.54474781450751, 25.613213405584116 ], [ 54.54474781450751, 25.613123574055702 ], [ 54.544837646035916, 25.613123574055702 ], [ 54.544837646035916, 25.612943910998879 ], [ 54.544927477564329, 25.612943910998879 ], [ 54.544927477564329, 25.612854079470466 ], [ 54.545017309092742, 25.612854079470466 ], [ 54.545017309092742, 25.612674416413643 ], [ 54.545107140621155, 25.612674416413643 ], [ 54.545107140621155, 25.61258458488523 ], [ 54.545196972149569, 25.61258458488523 ], [ 54.545196972149569, 25.612404921828407 ], [ 54.545286803677975, 25.612404921828407 ], [ 54.545286803677975, 25.612315090299994 ], [ 54.545376635206388, 25.612315090299994 ], [ 54.545376635206388, 25.612045595714758 ], [ 54.545466466734801, 25.612045595714758 ], [ 54.545466466734801, 25.611776101129525 ], [ 54.545376635206388, 25.611776101129525 ], [ 54.545376635206388, 25.611686269601112 ], [ 54.545466466734801, 25.611686269601112 ], [ 54.545466466734801, 25.611416775015876 ], [ 54.545376635206388, 25.611416775015876 ], [ 54.545376635206388, 25.611237111959053 ], [ 54.545466466734801, 25.611237111959053 ], [ 54.545466466734801, 25.610877785845403 ], [ 54.545556298263215, 25.610877785845403 ], [ 54.545556298263215, 25.61069812278858 ], [ 54.545646129791628, 25.61069812278858 ], [ 54.545646129791628, 25.610608291260167 ], [ 54.545735961320041, 25.610608291260167 ], [ 54.545735961320041, 25.610518459731757 ], [ 54.545825792848447, 25.610518459731757 ], [ 54.545825792848447, 25.610428628203344 ], [ 54.54591562437686, 25.610428628203344 ], [ 54.54591562437686, 25.610338796674931 ], [ 54.546005455905274, 25.610338796674931 ], [ 54.546005455905274, 25.610248965146521 ], [ 54.546095287433687, 25.610248965146521 ], [ 54.546095287433687, 25.610159133618108 ], [ 54.5461851189621, 25.610159133618108 ], [ 54.5461851189621, 25.610069302089695 ], [ 54.546274950490506, 25.610069302089695 ], [ 54.546274950490506, 25.609979470561285 ], [ 54.546454613547333, 25.609979470561285 ], [ 54.546454613547333, 25.609889639032872 ], [ 54.546544445075746, 25.609889639032872 ], [ 54.546544445075746, 25.609709975976049 ], [ 54.546634276604159, 25.609709975976049 ], [ 54.546634276604159, 25.609620144447636 ], [ 54.546724108132572, 25.609620144447636 ], [ 54.546724108132572, 25.609530312919226 ], [ 54.546813939660979, 25.609530312919226 ], [ 54.546813939660979, 25.609170986805577 ], [ 54.546903771189392, 25.609170986805577 ], [ 54.546903771189392, 25.608991323748754 ], [ 54.546993602717805, 25.608991323748754 ], [ 54.546993602717805, 25.608811660691927 ], [ 54.547083434246218, 25.608811660691927 ], [ 54.547083434246218, 25.608721829163517 ], [ 54.547173265774632, 25.608721829163517 ], [ 54.547173265774632, 25.608631997635104 ], [ 54.547263097303038, 25.608631997635104 ], [ 54.547263097303038, 25.608542166106695 ], [ 54.547352928831451, 25.608542166106695 ], [ 54.547352928831451, 25.608452334578281 ], [ 54.547532591888277, 25.608452334578281 ], [ 54.547532591888277, 25.608362503049868 ], [ 54.547622423416691, 25.608362503049868 ], [ 54.547622423416691, 25.608182839993045 ], [ 54.547712254945104, 25.608182839993045 ], [ 54.547712254945104, 25.608093008464632 ], [ 54.54780208647351, 25.608093008464632 ], [ 54.54780208647351, 25.607913345407809 ], [ 54.547891918001923, 25.607913345407809 ], [ 54.547891918001923, 25.607733682350986 ], [ 54.547981749530337, 25.607733682350986 ], [ 54.547981749530337, 25.607643850822573 ], [ 54.54807158105875, 25.607643850822573 ], [ 54.54807158105875, 25.60746418776575 ], [ 54.548161412587163, 25.60746418776575 ], [ 54.548161412587163, 25.607374356237337 ], [ 54.548251244115569, 25.607374356237337 ], [ 54.548251244115569, 25.607194693180514 ], [ 54.548341075643982, 25.607194693180514 ], [ 54.548341075643982, 25.607015030123691 ], [ 54.548430907172396, 25.607015030123691 ], [ 54.548430907172396, 25.606925198595277 ], [ 54.548520738700809, 25.606925198595277 ], [ 54.548520738700809, 25.606655704010041 ], [ 54.548610570229222, 25.606655704010041 ], [ 54.548610570229222, 25.606296377896395 ], [ 54.548520738700809, 25.606296377896395 ], [ 54.548520738700809, 25.6055777256691 ], [ 54.548610570229222, 25.6055777256691 ], [ 54.548610570229222, 25.605398062612274 ], [ 54.548700401757635, 25.605398062612274 ], [ 54.548700401757635, 25.605308231083864 ], [ 54.548790233286041, 25.605308231083864 ], [ 54.548790233286041, 25.605218399555451 ], [ 54.548880064814455, 25.605218399555451 ], [ 54.548880064814455, 25.605128568027038 ], [ 54.548969896342868, 25.605128568027038 ], [ 54.548969896342868, 25.604948904970215 ], [ 54.549149559399694, 25.604948904970215 ], [ 54.549149559399694, 25.604859073441801 ], [ 54.549239390928101, 25.604859073441801 ], [ 54.549239390928101, 25.604769241913392 ], [ 54.549329222456514, 25.604769241913392 ], [ 54.549329222456514, 25.604679410384978 ], [ 54.549598717041754, 25.604679410384978 ], [ 54.549598717041754, 25.604589578856569 ], [ 54.549778380098573, 25.604589578856569 ], [ 54.549778380098573, 25.604499747328155 ], [ 54.549868211626986, 25.604499747328155 ], [ 54.549868211626986, 25.604409915799742 ], [ 54.550047874683813, 25.604409915799742 ], [ 54.550047874683813, 25.604320084271333 ], [ 54.550137706212226, 25.604320084271333 ], [ 54.550137706212226, 25.604140421214506 ], [ 54.550227537740632, 25.604140421214506 ], [ 54.550227537740632, 25.604050589686096 ], [ 54.550317369269045, 25.604050589686096 ], [ 54.550317369269045, 25.603960758157683 ], [ 54.550497032325872, 25.603960758157683 ], [ 54.550497032325872, 25.60378109510086 ], [ 54.550586863854285, 25.60378109510086 ], [ 54.550586863854285, 25.603691263572447 ], [ 54.550676695382698, 25.603691263572447 ], [ 54.550676695382698, 25.603601432044037 ], [ 54.550766526911104, 25.603601432044037 ], [ 54.550766526911104, 25.603511600515624 ], [ 54.550856358439518, 25.603511600515624 ], [ 54.550856358439518, 25.603331937458801 ], [ 54.550946189967931, 25.603331937458801 ], [ 54.550946189967931, 25.603242105930388 ], [ 54.551036021496344, 25.603242105930388 ], [ 54.551036021496344, 25.603152274401975 ], [ 54.551125853024757, 25.603152274401975 ], [ 54.551125853024757, 25.603062442873565 ], [ 54.551305516081577, 25.603062442873565 ], [ 54.551305516081577, 25.602882779816738 ], [ 54.551485179138403, 25.602882779816738 ], [ 54.551485179138403, 25.602703116759916 ], [ 54.55166484219523, 25.602703116759916 ], [ 54.55166484219523, 25.602613285231506 ], [ 54.551754673723636, 25.602613285231506 ], [ 54.551754673723636, 25.602523453703093 ], [ 54.551934336780462, 25.602523453703093 ], [ 54.551934336780462, 25.602433622174679 ], [ 54.552024168308876, 25.602433622174679 ], [ 54.552024168308876, 25.60234379064627 ], [ 54.552203831365695, 25.60234379064627 ], [ 54.552203831365695, 25.602253959117856 ], [ 54.552383494422521, 25.602253959117856 ], [ 54.552383494422521, 25.602164127589443 ], [ 54.552473325950935, 25.602164127589443 ], [ 54.552473325950935, 25.602074296061033 ], [ 54.552563157479348, 25.602074296061033 ], [ 54.552563157479348, 25.60198446453262 ], [ 54.552742820536167, 25.60198446453262 ], [ 54.552742820536167, 25.601894633004207 ], [ 54.552922483592994, 25.601894633004207 ], [ 54.552922483592994, 25.601714969947384 ], [ 54.553012315121407, 25.601714969947384 ], [ 54.553012315121407, 25.601535306890561 ], [ 54.55310214664982, 25.601535306890561 ], [ 54.55310214664982, 25.601175980776912 ], [ 54.553191978178226, 25.601175980776912 ], [ 54.553191978178226, 25.600816654663266 ], [ 54.553461472763466, 25.600816654663266 ], [ 54.553461472763466, 25.600636991606443 ], [ 54.553551304291879, 25.600636991606443 ], [ 54.553551304291879, 25.600457328549616 ], [ 54.553641135820293, 25.600457328549616 ], [ 54.553641135820293, 25.600367497021207 ], [ 54.553820798877112, 25.600367497021207 ], [ 54.553820798877112, 25.600277665492793 ], [ 54.553910630405525, 25.600277665492793 ], [ 54.553910630405525, 25.60018783396438 ], [ 54.554090293462352, 25.60018783396438 ], [ 54.554090293462352, 25.600098002435971 ], [ 54.554359788047584, 25.600098002435971 ], [ 54.554359788047584, 25.600008170907557 ], [ 54.554629282632824, 25.600008170907557 ], [ 54.554629282632824, 25.599918339379144 ], [ 54.55471911416123, 25.599918339379144 ], [ 54.55471911416123, 25.599828507850734 ], [ 54.554898777218057, 25.599828507850734 ], [ 54.554898777218057, 25.599738676322321 ], [ 54.55498860874647, 25.599738676322321 ], [ 54.55498860874647, 25.599648844793911 ], [ 54.555078440274883, 25.599648844793911 ], [ 54.555078440274883, 25.599559013265498 ], [ 54.555168271803289, 25.599559013265498 ], [ 54.555168271803289, 25.599469181737085 ], [ 54.555347934860116, 25.599469181737085 ], [ 54.555347934860116, 25.599379350208675 ], [ 54.555437766388529, 25.599379350208675 ], [ 54.555437766388529, 25.599289518680262 ], [ 54.555617429445356, 25.599289518680262 ], [ 54.555617429445356, 25.599199687151849 ], [ 54.555707260973762, 25.599199687151849 ], [ 54.555707260973762, 25.599109855623439 ], [ 54.555797092502175, 25.599109855623439 ], [ 54.555797092502175, 25.599020024095026 ], [ 54.555976755559001, 25.599020024095026 ], [ 54.555976755559001, 25.598930192566613 ], [ 54.556066587087415, 25.598930192566613 ], [ 54.556066587087415, 25.598840361038203 ], [ 54.556156418615821, 25.598840361038203 ], [ 54.556156418615821, 25.59875052950979 ], [ 54.556246250144234, 25.59875052950979 ], [ 54.556246250144234, 25.59866069798138 ], [ 54.556336081672647, 25.59866069798138 ], [ 54.556336081672647, 25.598570866452967 ], [ 54.55642591320106, 25.598570866452967 ], [ 54.55642591320106, 25.598481034924554 ], [ 54.556515744729474, 25.598481034924554 ], [ 54.556515744729474, 25.598301371867731 ], [ 54.556695407786293, 25.598301371867731 ], [ 54.556695407786293, 25.598121708810908 ], [ 54.556785239314706, 25.598121708810908 ], [ 54.556785239314706, 25.598031877282494 ], [ 54.55687507084312, 25.598031877282494 ], [ 54.55687507084312, 25.597852214225671 ], [ 54.556964902371533, 25.597852214225671 ], [ 54.556964902371533, 25.597762382697258 ], [ 54.557054733899946, 25.597762382697258 ], [ 54.557054733899946, 25.597672551168849 ], [ 54.557144565428352, 25.597672551168849 ], [ 54.557144565428352, 25.597582719640435 ], [ 54.557234396956765, 25.597582719640435 ], [ 54.557234396956765, 25.597492888112022 ], [ 54.557414060013592, 25.597492888112022 ], [ 54.557414060013592, 25.597403056583612 ], [ 54.557503891542005, 25.597403056583612 ], [ 54.557503891542005, 25.597313225055199 ], [ 54.557593723070418, 25.597313225055199 ], [ 54.557593723070418, 25.597223393526786 ], [ 54.557773386127238, 25.597223393526786 ], [ 54.557773386127238, 25.597133561998376 ], [ 54.557863217655651, 25.597133561998376 ], [ 54.557863217655651, 25.597043730469963 ], [ 54.557953049184064, 25.597043730469963 ], [ 54.557953049184064, 25.59695389894155 ], [ 54.558132712240884, 25.59695389894155 ], [ 54.558132712240884, 25.596774235884727 ], [ 54.558222543769297, 25.596774235884727 ], [ 54.558222543769297, 25.596684404356317 ], [ 54.55831237529771, 25.596684404356317 ], [ 54.55831237529771, 25.596594572827904 ], [ 54.558402206826123, 25.596594572827904 ], [ 54.558402206826123, 25.596504741299491 ], [ 54.558492038354537, 25.596504741299491 ], [ 54.558492038354537, 25.596414909771081 ], [ 54.55858186988295, 25.596414909771081 ], [ 54.55858186988295, 25.596325078242668 ], [ 54.558671701411356, 25.596325078242668 ], [ 54.558671701411356, 25.596235246714254 ], [ 54.558761532939769, 25.596235246714254 ], [ 54.558761532939769, 25.596145415185845 ], [ 54.558851364468183, 25.596145415185845 ], [ 54.558851364468183, 25.596055583657431 ], [ 54.559031027525009, 25.596055583657431 ], [ 54.559031027525009, 25.595965752129018 ], [ 54.559300522110242, 25.595965752129018 ], [ 54.559300522110242, 25.595875920600609 ], [ 54.559390353638655, 25.595875920600609 ], [ 54.559390353638655, 25.595786089072195 ], [ 54.559570016695481, 25.595786089072195 ], [ 54.559570016695481, 25.595696257543786 ], [ 54.559839511280714, 25.595696257543786 ], [ 54.559839511280714, 25.595606426015372 ], [ 54.560378500451186, 25.595606426015372 ], [ 54.560378500451186, 25.595516594486959 ], [ 54.560558163508013, 25.595516594486959 ], [ 54.560558163508013, 25.595426762958549 ], [ 54.560647995036419, 25.595426762958549 ], [ 54.560647995036419, 25.595336931430136 ], [ 54.560827658093245, 25.595336931430136 ], [ 54.560827658093245, 25.595247099901723 ], [ 54.560917489621659, 25.595247099901723 ], [ 54.560917489621659, 25.595157268373313 ], [ 54.561097152678478, 25.595157268373313 ], [ 54.561097152678478, 25.5950674368449 ], [ 54.561276815735305, 25.5950674368449 ], [ 54.561276815735305, 25.594977605316487 ], [ 54.561546310320544, 25.594977605316487 ], [ 54.561546310320544, 25.594887773788077 ], [ 54.56163614184895, 25.594887773788077 ], [ 54.56163614184895, 25.594797942259664 ], [ 54.561725973377364, 25.594797942259664 ], [ 54.561725973377364, 25.594708110731254 ], [ 54.56190563643419, 25.594708110731254 ], [ 54.56190563643419, 25.594618279202841 ], [ 54.561995467962603, 25.594618279202841 ], [ 54.561995467962603, 25.594528447674428 ], [ 54.562085299491009, 25.594528447674428 ], [ 54.562085299491009, 25.594438616146018 ], [ 54.562175131019423, 25.594438616146018 ], [ 54.562175131019423, 25.594348784617605 ], [ 54.562264962547836, 25.594348784617605 ], [ 54.562264962547836, 25.594258953089192 ], [ 54.562354794076249, 25.594258953089192 ], [ 54.562354794076249, 25.594169121560782 ], [ 54.562444625604662, 25.594169121560782 ], [ 54.562444625604662, 25.594079290032369 ], [ 54.562534457133076, 25.594079290032369 ], [ 54.562534457133076, 25.593899626975546 ], [ 54.562624288661482, 25.593899626975546 ], [ 54.562624288661482, 25.593719963918723 ], [ 54.562714120189895, 25.593719963918723 ], [ 54.562714120189895, 25.593630132390309 ], [ 54.562803951718308, 25.593630132390309 ], [ 54.562803951718308, 25.593540300861896 ], [ 54.562893783246722, 25.593540300861896 ], [ 54.562893783246722, 25.593450469333487 ], [ 54.562983614775135, 25.593450469333487 ], [ 54.562983614775135, 25.59327080627666 ], [ 54.563073446303541, 25.59327080627666 ], [ 54.563073446303541, 25.59318097474825 ], [ 54.563163277831954, 25.59318097474825 ], [ 54.563163277831954, 25.593091143219837 ], [ 54.563253109360367, 25.593091143219837 ], [ 54.563253109360367, 25.593001311691424 ], [ 54.563342940888781, 25.593001311691424 ], [ 54.563342940888781, 25.592911480163014 ], [ 54.563432772417194, 25.592911480163014 ], [ 54.563432772417194, 25.592821648634601 ], [ 54.563612435474013, 25.592821648634601 ], [ 54.563612435474013, 25.592731817106188 ], [ 54.56379209853084, 25.592731817106188 ], [ 54.56379209853084, 25.592641985577778 ], [ 54.564331087701312, 25.592641985577778 ], [ 54.564331087701312, 25.592552154049365 ], [ 54.564420919229725, 25.592552154049365 ], [ 54.564420919229725, 25.592462322520955 ], [ 54.564600582286545, 25.592462322520955 ], [ 54.564600582286545, 25.592552154049365 ], [ 54.564870076871784, 25.592552154049365 ], [ 54.564870076871784, 25.592372490992542 ], [ 54.565049739928604, 25.592372490992542 ], [ 54.565049739928604, 25.592282659464129 ], [ 54.565319234513844, 25.592282659464129 ], [ 54.565319234513844, 25.592372490992542 ], [ 54.565588729099076, 25.592372490992542 ], [ 54.565588729099076, 25.592462322520955 ], [ 54.566037886741135, 25.592462322520955 ], [ 54.566037886741135, 25.592372490992542 ], [ 54.566217549797962, 25.592372490992542 ], [ 54.566217549797962, 25.592282659464129 ], [ 54.566397212854788, 25.592282659464129 ], [ 54.566397212854788, 25.592192827935719 ], [ 54.566576875911608, 25.592192827935719 ], [ 54.566576875911608, 25.592102996407306 ], [ 54.566666707440021, 25.592102996407306 ], [ 54.566666707440021, 25.592013164878892 ], [ 54.566756538968434, 25.592013164878892 ], [ 54.566756538968434, 25.591923333350483 ], [ 54.566846370496847, 25.591923333350483 ], [ 54.566846370496847, 25.59183350182207 ], [ 54.566936202025261, 25.59183350182207 ], [ 54.566936202025261, 25.591743670293656 ], [ 54.56711586508208, 25.591743670293656 ], [ 54.56711586508208, 25.591564007236833 ], [ 54.567295528138906, 25.591564007236833 ], [ 54.567295528138906, 25.59138434418001 ], [ 54.56738535966732, 25.59138434418001 ], [ 54.56738535966732, 25.591294512651597 ], [ 54.567475191195733, 25.591294512651597 ], [ 54.567475191195733, 25.591114849594774 ], [ 54.567565022724139, 25.591114849594774 ], [ 54.567565022724139, 25.590935186537951 ], [ 54.567654854252552, 25.590935186537951 ], [ 54.567654854252552, 25.590665691952715 ], [ 54.567744685780966, 25.590665691952715 ], [ 54.567744685780966, 25.590486028895892 ], [ 54.567834517309379, 25.590486028895892 ], [ 54.567834517309379, 25.590126702782243 ], [ 54.567924348837792, 25.590126702782243 ], [ 54.567924348837792, 25.59003687125383 ], [ 54.568014180366205, 25.59003687125383 ], [ 54.568014180366205, 25.58994703972542 ], [ 54.568104011894611, 25.58994703972542 ], [ 54.568104011894611, 25.589857208197007 ], [ 54.568193843423025, 25.589857208197007 ], [ 54.568193843423025, 25.589767376668593 ], [ 54.568373506479851, 25.589767376668593 ], [ 54.568373506479851, 25.589677545140184 ], [ 54.568463338008264, 25.589677545140184 ], [ 54.568463338008264, 25.58958771361177 ], [ 54.568553169536671, 25.58958771361177 ], [ 54.568553169536671, 25.589497882083361 ], [ 54.568732832593497, 25.589497882083361 ], [ 54.568732832593497, 25.589408050554947 ], [ 54.569092158707143, 25.589408050554947 ], [ 54.569092158707143, 25.589318219026534 ], [ 54.569361653292383, 25.589318219026534 ], [ 54.569361653292383, 25.589228387498125 ], [ 54.569451484820796, 25.589228387498125 ], [ 54.569451484820796, 25.589138555969711 ], [ 54.569631147877615, 25.589138555969711 ], [ 54.569631147877615, 25.589048724441298 ], [ 54.569720979406029, 25.589048724441298 ], [ 54.569720979406029, 25.588958892912888 ], [ 54.569810810934442, 25.588958892912888 ], [ 54.569810810934442, 25.588869061384475 ], [ 54.569900642462855, 25.588869061384475 ], [ 54.569900642462855, 25.588779229856062 ], [ 54.569990473991268, 25.588779229856062 ], [ 54.569990473991268, 25.588689398327652 ], [ 54.570170137048088, 25.588689398327652 ], [ 54.570170137048088, 25.588509735270829 ], [ 54.570259968576501, 25.588509735270829 ], [ 54.570259968576501, 25.588419903742416 ], [ 54.570349800104914, 25.588419903742416 ], [ 54.570349800104914, 25.588240240685593 ], [ 54.570439631633327, 25.588240240685593 ], [ 54.570439631633327, 25.588060577628767 ], [ 54.570529463161733, 25.588060577628767 ], [ 54.570529463161733, 25.587341925401471 ], [ 54.570439631633327, 25.587341925401471 ], [ 54.570439631633327, 25.587162262344648 ], [ 54.570529463161733, 25.587162262344648 ], [ 54.570529463161733, 25.586802936230999 ], [ 54.570619294690147, 25.586802936230999 ], [ 54.570619294690147, 25.586713104702589 ], [ 54.57070912621856, 25.586713104702589 ], [ 54.57070912621856, 25.586623273174176 ], [ 54.570888789275386, 25.586623273174176 ], [ 54.570888789275386, 25.586533441645766 ], [ 54.571068452332206, 25.586533441645766 ], [ 54.571068452332206, 25.586443610117353 ], [ 54.571248115389032, 25.586443610117353 ], [ 54.571248115389032, 25.58635377858894 ], [ 54.571337946917446, 25.58635377858894 ], [ 54.571337946917446, 25.58626394706053 ], [ 54.571517609974265, 25.58626394706053 ], [ 54.571517609974265, 25.586174115532117 ], [ 54.571697273031091, 25.586174115532117 ], [ 54.571697273031091, 25.586084284003704 ], [ 54.571787104559505, 25.586084284003704 ], [ 54.571787104559505, 25.585994452475294 ], [ 54.571966767616331, 25.585994452475294 ], [ 54.571966767616331, 25.585096137191172 ], [ 54.571876936087918, 25.585096137191172 ], [ 54.571876936087918, 25.585006305662763 ], [ 54.571966767616331, 25.585006305662763 ], [ 54.571966767616331, 25.584736811077526 ], [ 54.572146430673151, 25.584736811077526 ], [ 54.572146430673151, 25.584646979549113 ], [ 54.57241592525839, 25.584646979549113 ], [ 54.57241592525839, 25.584557148020703 ], [ 54.572505756786796, 25.584557148020703 ], [ 54.572505756786796, 25.58446731649229 ], [ 54.572685419843623, 25.58446731649229 ], [ 54.572685419843623, 25.584197821907054 ], [ 54.572775251372036, 25.584197821907054 ], [ 54.572775251372036, 25.583838495793405 ], [ 54.572865082900449, 25.583838495793405 ], [ 54.572865082900449, 25.583569001208172 ], [ 54.572954914428863, 25.583569001208172 ], [ 54.572954914428863, 25.583479169679759 ], [ 54.573044745957269, 25.583479169679759 ], [ 54.573044745957269, 25.583299506622936 ], [ 54.573134577485682, 25.583299506622936 ], [ 54.573134577485682, 25.583119843566109 ], [ 54.573224409014095, 25.583119843566109 ], [ 54.573224409014095, 25.5830300120377 ], [ 54.573404072070922, 25.5830300120377 ], [ 54.573404072070922, 25.582940180509286 ], [ 54.573583735127741, 25.582940180509286 ], [ 54.573583735127741, 25.582850348980873 ], [ 54.573943061241394, 25.582850348980873 ], [ 54.573943061241394, 25.582760517452463 ], [ 54.574122724298213, 25.582760517452463 ], [ 54.574122724298213, 25.58267068592405 ], [ 54.57430238735504, 25.58267068592405 ], [ 54.57430238735504, 25.582580854395641 ], [ 54.574482050411859, 25.582580854395641 ], [ 54.574482050411859, 25.582491022867227 ], [ 54.574661713468686, 25.582491022867227 ], [ 54.574661713468686, 25.582401191338814 ], [ 54.574841376525512, 25.582401191338814 ], [ 54.574841376525512, 25.582311359810404 ], [ 54.574931208053926, 25.582311359810404 ], [ 54.574931208053926, 25.582221528281991 ], [ 54.575021039582332, 25.582221528281991 ], [ 54.575021039582332, 25.582041865225168 ], [ 54.575200702639158, 25.582041865225168 ], [ 54.575200702639158, 25.581862202168342 ], [ 54.575290534167571, 25.581862202168342 ], [ 54.575290534167571, 25.581772370639932 ], [ 54.575380365695985, 25.581772370639932 ], [ 54.575380365695985, 25.581682539111519 ], [ 54.575470197224391, 25.581682539111519 ], [ 54.575470197224391, 25.581592707583109 ], [ 54.575560028752804, 25.581592707583109 ], [ 54.575560028752804, 25.581502876054696 ], [ 54.575649860281217, 25.581502876054696 ], [ 54.575649860281217, 25.581413044526283 ], [ 54.57573969180963, 25.581413044526283 ], [ 54.57573969180963, 25.581323212997873 ], [ 54.575919354866457, 25.581323212997873 ], [ 54.575919354866457, 25.58123338146946 ], [ 54.576009186394863, 25.58123338146946 ], [ 54.576009186394863, 25.581143549941046 ], [ 54.57618884945169, 25.581143549941046 ], [ 54.57618884945169, 25.581053718412637 ], [ 54.576458344036922, 25.581053718412637 ], [ 54.576458344036922, 25.580963886884224 ], [ 54.576638007093749, 25.580963886884224 ], [ 54.576638007093749, 25.58087405535581 ], [ 54.576727838622162, 25.58087405535581 ], [ 54.576727838622162, 25.580784223827401 ], [ 54.576817670150575, 25.580784223827401 ], [ 54.576817670150575, 25.580694392298987 ], [ 54.576727838622162, 25.580694392298987 ], [ 54.576727838622162, 25.580335066185341 ], [ 54.576638007093749, 25.580335066185341 ], [ 54.576638007093749, 25.580155403128515 ], [ 54.576458344036922, 25.580155403128515 ], [ 54.576458344036922, 25.579885908543279 ], [ 54.576368512508516, 25.579885908543279 ], [ 54.576368512508516, 25.579796077014869 ], [ 54.576278680980103, 25.579796077014869 ], [ 54.576278680980103, 25.57934691937281 ], [ 54.576368512508516, 25.57934691937281 ], [ 54.576368512508516, 25.579077424787574 ], [ 54.576458344036922, 25.579077424787574 ], [ 54.576458344036922, 25.578807930202338 ], [ 54.576548175565335, 25.578807930202338 ], [ 54.576548175565335, 25.578718098673924 ], [ 54.576638007093749, 25.578718098673924 ], [ 54.576638007093749, 25.578538435617101 ], [ 54.576727838622162, 25.578538435617101 ], [ 54.576727838622162, 25.578448604088688 ], [ 54.576817670150575, 25.578448604088688 ], [ 54.576817670150575, 25.578358772560279 ], [ 54.576907501678988, 25.578358772560279 ], [ 54.576907501678988, 25.578268941031865 ], [ 54.576997333207395, 25.578268941031865 ], [ 54.576997333207395, 25.578179109503452 ], [ 54.577087164735808, 25.578179109503452 ], [ 54.577087164735808, 25.577909614918216 ], [ 54.577176996264221, 25.577909614918216 ], [ 54.577176996264221, 25.577819783389806 ], [ 54.577715985434693, 25.577819783389806 ], [ 54.577715985434693, 25.577190962690921 ], [ 54.577805816963107, 25.577190962690921 ], [ 54.577805816963107, 25.577011299634098 ], [ 54.57789564849152, 25.577011299634098 ], [ 54.57789564849152, 25.576651973520448 ], [ 54.577985480019926, 25.576651973520448 ], [ 54.577985480019926, 25.576202815878389 ], [ 54.578075311548339, 25.576202815878389 ], [ 54.578075311548339, 25.57575365823633 ], [ 54.578165143076752, 25.57575365823633 ], [ 54.578165143076752, 25.575573995179507 ], [ 54.578344806133579, 25.575573995179507 ], [ 54.578344806133579, 25.575484163651094 ], [ 54.578434637661985, 25.575484163651094 ], [ 54.578434637661985, 25.575394332122684 ], [ 54.578524469190398, 25.575394332122684 ], [ 54.578524469190398, 25.575304500594271 ], [ 54.578614300718812, 25.575304500594271 ], [ 54.578614300718812, 25.575214669065858 ], [ 54.578793963775638, 25.575214669065858 ], [ 54.578793963775638, 25.575124837537448 ], [ 54.578883795304051, 25.575124837537448 ], [ 54.578883795304051, 25.575035006009035 ], [ 54.579063458360871, 25.575035006009035 ], [ 54.579063458360871, 25.574945174480622 ], [ 54.579153289889284, 25.574945174480622 ], [ 54.579153289889284, 25.574855342952212 ], [ 54.57933295294611, 25.574855342952212 ], [ 54.57933295294611, 25.57386719613968 ], [ 54.579422784474517, 25.57386719613968 ], [ 54.579422784474517, 25.573687533082854 ], [ 54.57951261600293, 25.573687533082854 ], [ 54.57951261600293, 25.573597701554444 ], [ 54.579602447531343, 25.573597701554444 ], [ 54.579602447531343, 25.573507870026031 ], [ 54.579692279059756, 25.573507870026031 ], [ 54.579692279059756, 25.573418038497621 ], [ 54.579871942116583, 25.573418038497621 ], [ 54.579871942116583, 25.573328206969208 ], [ 54.580051605173402, 25.573328206969208 ], [ 54.580051605173402, 25.573238375440795 ], [ 54.580860088929114, 25.573238375440795 ], [ 54.580860088929114, 25.573148543912385 ], [ 54.58121941504276, 25.573148543912385 ], [ 54.58121941504276, 25.573058712383972 ], [ 54.583824529366709, 25.573058712383972 ], [ 54.583824529366709, 25.572968880855559 ], [ 54.584004192423528, 25.572968880855559 ], [ 54.584004192423528, 25.572879049327149 ], [ 54.584183855480354, 25.572879049327149 ], [ 54.584183855480354, 25.572699386270322 ], [ 54.584453350065587, 25.572699386270322 ], [ 54.584453350065587, 25.5725197232135 ], [ 54.584633013122414, 25.5725197232135 ], [ 54.584633013122414, 25.57242989168509 ], [ 54.584722844650827, 25.57242989168509 ], [ 54.584722844650827, 25.572340060156677 ], [ 54.58481267617924, 25.572340060156677 ], [ 54.58481267617924, 25.572160397099854 ], [ 54.584902507707646, 25.572160397099854 ], [ 54.584902507707646, 25.57207056557144 ], [ 54.584992339236059, 25.57207056557144 ], [ 54.584992339236059, 25.571980734043027 ], [ 54.585082170764473, 25.571980734043027 ], [ 54.585082170764473, 25.571890902514617 ], [ 54.585172002292886, 25.571890902514617 ], [ 54.585172002292886, 25.571801070986204 ], [ 54.585261833821299, 25.571801070986204 ], [ 54.585261833821299, 25.571711239457791 ], [ 54.585351665349705, 25.571711239457791 ], [ 54.585351665349705, 25.571621407929381 ], [ 54.585441496878119, 25.571621407929381 ], [ 54.585441496878119, 25.571531576400968 ], [ 54.585621159934945, 25.571531576400968 ], [ 54.585621159934945, 25.571441744872558 ], [ 54.585890654520178, 25.571441744872558 ], [ 54.585890654520178, 25.571351913344145 ], [ 54.585980486048591, 25.571351913344145 ], [ 54.585980486048591, 25.571262081815732 ], [ 54.586160149105417, 25.571262081815732 ], [ 54.586160149105417, 25.571082418758909 ], [ 54.586249980633831, 25.571082418758909 ], [ 54.586249980633831, 25.570992587230496 ], [ 54.586339812162237, 25.570992587230496 ], [ 54.586339812162237, 25.570812924173673 ], [ 54.58642964369065, 25.570812924173673 ], [ 54.58642964369065, 25.57063326111685 ], [ 54.586519475219063, 25.57063326111685 ], [ 54.586519475219063, 25.570543429588437 ], [ 54.586609306747476, 25.570543429588437 ], [ 54.586609306747476, 25.570363766531614 ], [ 54.58669913827589, 25.570363766531614 ], [ 54.58669913827589, 25.5702739350032 ], [ 54.586788969804303, 25.5702739350032 ], [ 54.586788969804303, 25.570184103474791 ], [ 54.586878801332709, 25.570184103474791 ], [ 54.586878801332709, 25.570094271946378 ], [ 54.587058464389536, 25.570094271946378 ], [ 54.587058464389536, 25.570004440417964 ], [ 54.587417790503181, 25.570004440417964 ], [ 54.587417790503181, 25.569914608889555 ], [ 54.587597453560008, 25.569914608889555 ], [ 54.587597453560008, 25.570004440417964 ], [ 54.587687285088421, 25.570004440417964 ], [ 54.587687285088421, 25.569914608889555 ], [ 54.587777116616834, 25.569914608889555 ], [ 54.587777116616834, 25.569645114304318 ], [ 54.587866948145241, 25.569645114304318 ], [ 54.587866948145241, 25.569555282775905 ], [ 54.587956779673654, 25.569555282775905 ], [ 54.587956779673654, 25.569375619719082 ], [ 54.58813644273048, 25.569375619719082 ], [ 54.58813644273048, 25.569285788190669 ], [ 54.5883161057873, 25.569285788190669 ], [ 54.5883161057873, 25.569106125133846 ], [ 54.588495768844126, 25.569106125133846 ], [ 54.588495768844126, 25.569016293605433 ], [ 54.588585600372539, 25.569016293605433 ], [ 54.588585600372539, 25.568926462077023 ], [ 54.588675431900953, 25.568926462077023 ], [ 54.588675431900953, 25.56883663054861 ], [ 54.588855094957772, 25.56883663054861 ], [ 54.588855094957772, 25.568746799020197 ], [ 54.588944926486185, 25.568746799020197 ], [ 54.588944926486185, 25.568656967491787 ], [ 54.589124589543012, 25.568656967491787 ], [ 54.589124589543012, 25.568567135963374 ], [ 54.589214421071425, 25.568567135963374 ], [ 54.589214421071425, 25.568477304434964 ], [ 54.589304252599831, 25.568477304434964 ], [ 54.589304252599831, 25.568387472906551 ], [ 54.589394084128244, 25.568387472906551 ], [ 54.589394084128244, 25.568297641378138 ], [ 54.589483915656658, 25.568297641378138 ], [ 54.589483915656658, 25.568207809849728 ], [ 54.589663578713484, 25.568207809849728 ], [ 54.589663578713484, 25.568117978321315 ], [ 54.589753410241897, 25.568117978321315 ], [ 54.589753410241897, 25.568028146792901 ], [ 54.589933073298717, 25.568028146792901 ], [ 54.589933073298717, 25.567848483736078 ], [ 54.590112736355543, 25.567848483736078 ], [ 54.590112736355543, 25.567758652207665 ], [ 54.590202567883956, 25.567758652207665 ], [ 54.590202567883956, 25.567668820679256 ], [ 54.590292399412363, 25.567668820679256 ], [ 54.590292399412363, 25.567578989150842 ], [ 54.590382230940776, 25.567578989150842 ], [ 54.590382230940776, 25.567489157622433 ], [ 54.590472062469189, 25.567489157622433 ], [ 54.590472062469189, 25.567399326094019 ], [ 54.590561893997602, 25.567399326094019 ], [ 54.590561893997602, 25.567309494565606 ], [ 54.590651725526016, 25.567309494565606 ], [ 54.590651725526016, 25.567219663037196 ], [ 54.590741557054429, 25.567219663037196 ], [ 54.590741557054429, 25.567129831508783 ], [ 54.590831388582835, 25.567129831508783 ], [ 54.590831388582835, 25.56695016845196 ], [ 54.590921220111248, 25.56695016845196 ], [ 54.590921220111248, 25.566860336923547 ], [ 54.591011051639661, 25.566860336923547 ], [ 54.591011051639661, 25.566770505395134 ], [ 54.591100883168075, 25.566770505395134 ], [ 54.591100883168075, 25.566680673866724 ], [ 54.591190714696488, 25.566680673866724 ], [ 54.591190714696488, 25.566501010809901 ], [ 54.591280546224894, 25.566501010809901 ], [ 54.591280546224894, 25.566411179281488 ], [ 54.591370377753307, 25.566411179281488 ], [ 54.591370377753307, 25.566231516224665 ], [ 54.59146020928172, 25.566231516224665 ], [ 54.59146020928172, 25.566141684696252 ], [ 54.591550040810134, 25.566141684696252 ], [ 54.591550040810134, 25.566051853167838 ], [ 54.591639872338547, 25.566051853167838 ], [ 54.591639872338547, 25.565962021639429 ], [ 54.59172970386696, 25.565962021639429 ], [ 54.59172970386696, 25.565872190111016 ], [ 54.591819535395366, 25.565872190111016 ], [ 54.591819535395366, 25.565782358582602 ], [ 54.591999198452193, 25.565782358582602 ], [ 54.591999198452193, 25.565692527054193 ], [ 54.592178861509019, 25.565692527054193 ], [ 54.592178861509019, 25.565602695525779 ], [ 54.592358524565839, 25.565602695525779 ], [ 54.592358524565839, 25.56551286399737 ], [ 54.592538187622665, 25.56551286399737 ], [ 54.592538187622665, 25.565423032468956 ], [ 54.592717850679492, 25.565423032468956 ], [ 54.592717850679492, 25.565333200940543 ], [ 54.592987345264724, 25.565333200940543 ], [ 54.592987345264724, 25.565243369412133 ], [ 54.594514481247728, 25.565243369412133 ], [ 54.594514481247728, 25.56515353788372 ], [ 54.594604312776141, 25.56515353788372 ], [ 54.594604312776141, 25.565243369412133 ], [ 54.594694144304555, 25.565243369412133 ], [ 54.594694144304555, 25.56515353788372 ], [ 54.595143301946614, 25.56515353788372 ], [ 54.595143301946614, 25.565063706355307 ], [ 54.59523313347502, 25.565063706355307 ], [ 54.59523313347502, 25.564973874826897 ], [ 54.595592459588673, 25.564973874826897 ], [ 54.595592459588673, 25.564884043298484 ], [ 54.596221280287551, 25.564884043298484 ], [ 54.596221280287551, 25.564973874826897 ], [ 54.597029764043263, 25.564973874826897 ], [ 54.597029764043263, 25.565063706355307 ], [ 54.597299258628496, 25.565063706355307 ], [ 54.597299258628496, 25.56515353788372 ], [ 54.597389090156909, 25.56515353788372 ], [ 54.597389090156909, 25.565243369412133 ], [ 54.597658584742149, 25.565243369412133 ], [ 54.597658584742149, 25.565333200940543 ], [ 54.597838247798968, 25.565333200940543 ], [ 54.597838247798968, 25.565423032468956 ], [ 54.598377236969441, 25.565423032468956 ], [ 54.598377236969441, 25.565333200940543 ], [ 54.59864673155468, 25.565333200940543 ], [ 54.59864673155468, 25.565243369412133 ], [ 54.5988263946115, 25.565243369412133 ], [ 54.5988263946115, 25.56515353788372 ], [ 54.598916226139913, 25.56515353788372 ], [ 54.598916226139913, 25.565063706355307 ], [ 54.599006057668326, 25.565063706355307 ], [ 54.599006057668326, 25.564973874826897 ], [ 54.599275552253559, 25.564973874826897 ], [ 54.599275552253559, 25.564884043298484 ], [ 54.599455215310385, 25.564884043298484 ], [ 54.599455215310385, 25.564794211770071 ], [ 54.599724709895618, 25.564794211770071 ], [ 54.599724709895618, 25.564704380241661 ], [ 54.599814541424031, 25.564704380241661 ], [ 54.599814541424031, 25.564614548713248 ], [ 54.599994204480858, 25.564614548713248 ], [ 54.599994204480858, 25.564524717184838 ], [ 54.600173867537677, 25.564524717184838 ], [ 54.600173867537677, 25.564434885656425 ], [ 54.60026369906609, 25.564434885656425 ], [ 54.60026369906609, 25.564345054128012 ], [ 54.600443362122917, 25.564345054128012 ], [ 54.600443362122917, 25.564255222599602 ], [ 54.600623025179743, 25.564255222599602 ], [ 54.600623025179743, 25.564165391071189 ], [ 54.600712856708149, 25.564165391071189 ], [ 54.600712856708149, 25.564075559542776 ], [ 54.600892519764976, 25.564075559542776 ], [ 54.600892519764976, 25.563985728014366 ], [ 54.601072182821802, 25.563985728014366 ], [ 54.601072182821802, 25.563895896485953 ], [ 54.601341677407035, 25.563895896485953 ], [ 54.601341677407035, 25.563806064957539 ], [ 54.601701003520681, 25.563806064957539 ], [ 54.601701003520681, 25.56371623342913 ], [ 54.602060329634334, 25.56371623342913 ], [ 54.602060329634334, 25.563626401900716 ], [ 54.602868813390039, 25.563626401900716 ], [ 54.602868813390039, 25.563536570372307 ], [ 54.603048476446865, 25.563536570372307 ], [ 54.603048476446865, 25.563446738843894 ], [ 54.603138307975279, 25.563446738843894 ], [ 54.603138307975279, 25.56335690731548 ], [ 54.603228139503685, 25.56335690731548 ], [ 54.603228139503685, 25.563267075787071 ], [ 54.603317971032098, 25.563267075787071 ], [ 54.603317971032098, 25.563177244258657 ], [ 54.603407802560511, 25.563177244258657 ], [ 54.603407802560511, 25.563087412730244 ], [ 54.603497634088924, 25.563087412730244 ], [ 54.603497634088924, 25.562997581201834 ], [ 54.603677297145744, 25.562997581201834 ], [ 54.603677297145744, 25.562907749673421 ], [ 54.603946791730984, 25.562907749673421 ], [ 54.603946791730984, 25.562817918145008 ], [ 54.604216286316216, 25.562817918145008 ], [ 54.604216286316216, 25.562728086616598 ], [ 54.604485780901456, 25.562728086616598 ], [ 54.604485780901456, 25.562638255088185 ], [ 54.604665443958275, 25.562638255088185 ], [ 54.604665443958275, 25.562548423559775 ], [ 54.604755275486689, 25.562548423559775 ], [ 54.604755275486689, 25.562458592031362 ], [ 54.604934938543515, 25.562458592031362 ], [ 54.604934938543515, 25.562368760502949 ], [ 54.605024770071928, 25.562368760502949 ], [ 54.605024770071928, 25.562278928974539 ], [ 54.605294264657161, 25.562278928974539 ], [ 54.605294264657161, 25.562189097446126 ], [ 54.605653590770807, 25.562189097446126 ], [ 54.605653590770807, 25.562099265917713 ], [ 54.606102748412873, 25.562099265917713 ], [ 54.606102748412873, 25.562009434389303 ], [ 54.606372242998106, 25.562009434389303 ], [ 54.606372242998106, 25.56191960286089 ], [ 54.606641737583338, 25.56191960286089 ], [ 54.606641737583338, 25.561829771332476 ], [ 54.607270558282224, 25.561829771332476 ], [ 54.607270558282224, 25.561739939804067 ], [ 54.607540052867463, 25.561739939804067 ], [ 54.607540052867463, 25.561650108275654 ], [ 54.607899378981109, 25.561650108275654 ], [ 54.607899378981109, 25.561560276747244 ], [ 54.608168873566342, 25.561560276747244 ], [ 54.608168873566342, 25.561470445218831 ], [ 54.608348536623168, 25.561470445218831 ], [ 54.608348536623168, 25.561380613690417 ], [ 54.608618031208401, 25.561380613690417 ], [ 54.608618031208401, 25.561290782162008 ], [ 54.608977357322054, 25.561290782162008 ], [ 54.608977357322054, 25.561200950633594 ], [ 54.609157020378873, 25.561200950633594 ], [ 54.609157020378873, 25.561111119105181 ], [ 54.609426514964113, 25.561111119105181 ], [ 54.609426514964113, 25.561021287576771 ], [ 54.61077398789029, 25.561021287576771 ], [ 54.61077398789029, 25.561470445218831 ], [ 54.610863819418704, 25.561470445218831 ], [ 54.610863819418704, 25.561290782162008 ], [ 54.611312977060763, 25.561290782162008 ], [ 54.611312977060763, 25.561380613690417 ], [ 54.611402808589176, 25.561380613690417 ], [ 54.611402808589176, 25.561470445218831 ], [ 54.611582471645995, 25.561470445218831 ], [ 54.611582471645995, 25.561560276747244 ], [ 54.611762134702822, 25.561560276747244 ], [ 54.611762134702822, 25.561650108275654 ], [ 54.612031629288062, 25.561650108275654 ], [ 54.612031629288062, 25.561560276747244 ], [ 54.612211292344881, 25.561560276747244 ], [ 54.612211292344881, 25.561470445218831 ], [ 54.612390955401708, 25.561470445218831 ], [ 54.612390955401708, 25.561290782162008 ], [ 54.612480786930121, 25.561290782162008 ], [ 54.612480786930121, 25.561200950633594 ], [ 54.612570618458527, 25.561200950633594 ], [ 54.612570618458527, 25.561111119105181 ], [ 54.61266044998694, 25.561111119105181 ], [ 54.61266044998694, 25.561021287576771 ], [ 54.612750281515353, 25.561021287576771 ], [ 54.612750281515353, 25.560931456048358 ], [ 54.612840113043767, 25.560931456048358 ], [ 54.612840113043767, 25.560841624519945 ], [ 54.61292994457218, 25.560841624519945 ], [ 54.61292994457218, 25.560661961463122 ], [ 54.613109607628999, 25.560661961463122 ], [ 54.613109607628999, 25.560572129934712 ], [ 54.613199439157412, 25.560572129934712 ], [ 54.613199439157412, 25.560482298406299 ], [ 54.613289270685826, 25.560482298406299 ], [ 54.613289270685826, 25.560392466877886 ], [ 54.613468933742652, 25.560392466877886 ], [ 54.613468933742652, 25.560302635349476 ], [ 54.613648596799472, 25.560302635349476 ], [ 54.613648596799472, 25.560212803821063 ], [ 54.613738428327885, 25.560212803821063 ], [ 54.613738428327885, 25.56012297229265 ], [ 54.613918091384711, 25.56012297229265 ], [ 54.613918091384711, 25.56003314076424 ], [ 54.614007922913125, 25.56003314076424 ], [ 54.614007922913125, 25.559943309235827 ], [ 54.614277417498357, 25.559943309235827 ], [ 54.614277417498357, 25.559853477707414 ], [ 54.614457080555184, 25.559853477707414 ], [ 54.614457080555184, 25.559763646179004 ], [ 54.614636743612003, 25.559763646179004 ], [ 54.614636743612003, 25.559673814650591 ], [ 54.614726575140416, 25.559673814650591 ], [ 54.614726575140416, 25.559583983122177 ], [ 54.614996069725656, 25.559583983122177 ], [ 54.614996069725656, 25.559494151593768 ], [ 54.615265564310889, 25.559494151593768 ], [ 54.615265564310889, 25.559404320065354 ], [ 54.615445227367715, 25.559404320065354 ], [ 54.615445227367715, 25.559314488536945 ], [ 54.615624890424534, 25.559314488536945 ], [ 54.615624890424534, 25.559224657008532 ], [ 54.615984216538187, 25.559224657008532 ], [ 54.615984216538187, 25.559134825480118 ], [ 54.616163879595007, 25.559134825480118 ], [ 54.616163879595007, 25.559044993951709 ], [ 54.616343542651833, 25.559044993951709 ], [ 54.616343542651833, 25.558955162423295 ], [ 54.616613037237066, 25.558955162423295 ], [ 54.616613037237066, 25.558865330894882 ], [ 54.617511352521184, 25.558865330894882 ], [ 54.617511352521184, 25.558775499366472 ], [ 54.617780847106424, 25.558775499366472 ], [ 54.617780847106424, 25.558685667838059 ], [ 54.61814017322007, 25.558685667838059 ], [ 54.61814017322007, 25.558595836309646 ], [ 54.618499499333716, 25.558595836309646 ], [ 54.618499499333716, 25.558506004781236 ], [ 54.619307983089428, 25.558506004781236 ], [ 54.619307983089428, 25.558416173252823 ], [ 54.619667309203074, 25.558416173252823 ], [ 54.619667309203074, 25.558326341724413 ], [ 54.6198469722599, 25.558326341724413 ], [ 54.6198469722599, 25.558236510196 ], [ 54.620116466845133, 25.558236510196 ], [ 54.620116466845133, 25.558146678667587 ], [ 54.620296129901959, 25.558146678667587 ], [ 54.620296129901959, 25.558056847139177 ], [ 54.620655456015605, 25.558056847139177 ], [ 54.620655456015605, 25.557967015610764 ], [ 54.620835119072431, 25.557967015610764 ], [ 54.620835119072431, 25.557877184082351 ], [ 54.621014782129251, 25.557877184082351 ], [ 54.621014782129251, 25.557787352553941 ], [ 54.621194445186077, 25.557787352553941 ], [ 54.621194445186077, 25.557607689497114 ], [ 54.621284276714491, 25.557607689497114 ], [ 54.621284276714491, 25.557428026440292 ], [ 54.621374108242904, 25.557428026440292 ], [ 54.621374108242904, 25.556170385042524 ], [ 54.62146393977131, 25.556170385042524 ], [ 54.62146393977131, 25.556080553514114 ], [ 54.621553771299723, 25.556080553514114 ], [ 54.621553771299723, 25.555990721985701 ], [ 54.621643602828136, 25.555990721985701 ], [ 54.621643602828136, 25.555900890457288 ], [ 54.62173343435655, 25.555900890457288 ], [ 54.62173343435655, 25.555811058928878 ], [ 54.621823265884963, 25.555811058928878 ], [ 54.621823265884963, 25.555721227400465 ], [ 54.622002928941782, 25.555721227400465 ], [ 54.622002928941782, 25.555631395872052 ], [ 54.622182591998609, 25.555631395872052 ], [ 54.622182591998609, 25.555541564343642 ], [ 54.622362255055435, 25.555541564343642 ], [ 54.622362255055435, 25.555451732815229 ], [ 54.622721581169081, 25.555451732815229 ], [ 54.622721581169081, 25.555361901286819 ], [ 54.62317073881114, 25.555361901286819 ], [ 54.62317073881114, 25.555272069758406 ], [ 54.623530064924786, 25.555272069758406 ], [ 54.623530064924786, 25.555182238229992 ], [ 54.623709727981613, 25.555182238229992 ], [ 54.623709727981613, 25.555092406701583 ], [ 54.623799559510026, 25.555092406701583 ], [ 54.623799559510026, 25.55500257517317 ], [ 54.623889391038439, 25.55500257517317 ], [ 54.623889391038439, 25.554912743644756 ], [ 54.624248717152085, 25.554912743644756 ], [ 54.624248717152085, 25.554822912116347 ], [ 54.624967369379377, 25.554822912116347 ], [ 54.624967369379377, 25.554912743644756 ], [ 54.625147032436203, 25.554912743644756 ], [ 54.625147032436203, 25.55500257517317 ], [ 54.625506358549849, 25.55500257517317 ], [ 54.625506358549849, 25.554912743644756 ], [ 54.625596190078262, 25.554912743644756 ], [ 54.625596190078262, 25.554822912116347 ], [ 54.627752146760152, 25.554822912116347 ], [ 54.627752146760152, 25.554733080587933 ], [ 54.627213157589679, 25.554733080587933 ], [ 54.627213157589679, 25.55464324905952 ], [ 54.627033494532853, 25.55464324905952 ], [ 54.627033494532853, 25.55455341753111 ], [ 54.62694366300444, 25.55455341753111 ], [ 54.62694366300444, 25.554463586002697 ], [ 54.627033494532853, 25.554463586002697 ], [ 54.627033494532853, 25.554194091417461 ], [ 54.627123326061266, 25.554194091417461 ], [ 54.627123326061266, 25.554104259889051 ], [ 54.627213157589679, 25.554104259889051 ], [ 54.627213157589679, 25.554014428360638 ], [ 54.627482652174912, 25.554014428360638 ], [ 54.627482652174912, 25.553924596832225 ], [ 54.627572483703325, 25.553924596832225 ], [ 54.627572483703325, 25.553834765303815 ], [ 54.627662315231738, 25.553834765303815 ], [ 54.627662315231738, 25.553565270718579 ], [ 54.627572483703325, 25.553565270718579 ], [ 54.627572483703325, 25.553475439190166 ], [ 54.627482652174912, 25.553475439190166 ], [ 54.627482652174912, 25.553385607661756 ], [ 54.627392820646499, 25.553385607661756 ], [ 54.627392820646499, 25.553295776133343 ], [ 54.627213157589679, 25.553295776133343 ], [ 54.627213157589679, 25.55320594460493 ], [ 54.627033494532853, 25.55320594460493 ], [ 54.627033494532853, 25.55311611307652 ], [ 54.62694366300444, 25.55311611307652 ], [ 54.62694366300444, 25.553026281548107 ], [ 54.626853831476033, 25.553026281548107 ], [ 54.626853831476033, 25.552936450019693 ], [ 54.626674168419207, 25.552936450019693 ], [ 54.626674168419207, 25.552846618491284 ], [ 54.62649450536238, 25.552846618491284 ], [ 54.62649450536238, 25.55275678696287 ], [ 54.626314842305561, 25.55275678696287 ], [ 54.626314842305561, 25.552666955434457 ], [ 54.626225010777148, 25.552666955434457 ], [ 54.626225010777148, 25.552577123906048 ], [ 54.626045347720321, 25.552577123906048 ], [ 54.626045347720321, 25.552487292377634 ], [ 54.625955516191908, 25.552487292377634 ], [ 54.625955516191908, 25.552397460849225 ], [ 54.625865684663502, 25.552397460849225 ], [ 54.625865684663502, 25.552217797792398 ], [ 54.625775853135089, 25.552217797792398 ], [ 54.625775853135089, 25.551948303207162 ], [ 54.625506358549849, 25.551948303207162 ], [ 54.625506358549849, 25.551858471678752 ], [ 54.625416527021436, 25.551858471678752 ], [ 54.625416527021436, 25.552038134735575 ], [ 54.62532669549303, 25.552038134735575 ], [ 54.62532669549303, 25.551858471678752 ], [ 54.625147032436203, 25.551858471678752 ], [ 54.625147032436203, 25.551768640150339 ], [ 54.62505720090779, 25.551768640150339 ], [ 54.62505720090779, 25.551678808621926 ], [ 54.624877537850971, 25.551678808621926 ], [ 54.624877537850971, 25.551409314036693 ], [ 54.624697874794144, 25.551409314036693 ], [ 54.624697874794144, 25.55131948250828 ], [ 54.624608043265731, 25.55131948250828 ], [ 54.624608043265731, 25.551049987923044 ], [ 54.624069054095258, 25.551049987923044 ], [ 54.624069054095258, 25.550870324866221 ], [ 54.623979222566845, 25.550870324866221 ], [ 54.623979222566845, 25.550780493337808 ], [ 54.623889391038439, 25.550780493337808 ], [ 54.623889391038439, 25.550690661809394 ], [ 54.623619896453199, 25.550690661809394 ], [ 54.623619896453199, 25.550600830280985 ], [ 54.623440233396373, 25.550600830280985 ], [ 54.623440233396373, 25.550510998752571 ], [ 54.62317073881114, 25.550510998752571 ], [ 54.62317073881114, 25.550421167224162 ], [ 54.622991075754314, 25.550421167224162 ], [ 54.622991075754314, 25.550331335695748 ], [ 54.622811412697494, 25.550331335695748 ], [ 54.622811412697494, 25.550241504167335 ], [ 54.622631749640668, 25.550241504167335 ], [ 54.622631749640668, 25.550151672638926 ], [ 54.622541918112255, 25.550151672638926 ], [ 54.622541918112255, 25.550061841110512 ], [ 54.622452086583841, 25.550061841110512 ], [ 54.622452086583841, 25.549972009582099 ], [ 54.622362255055435, 25.549972009582099 ], [ 54.622362255055435, 25.549882178053689 ], [ 54.622272423527022, 25.549882178053689 ], [ 54.622272423527022, 25.549792346525276 ], [ 54.621823265884963, 25.549792346525276 ], [ 54.621823265884963, 25.549702514996863 ], [ 54.621643602828136, 25.549702514996863 ], [ 54.621643602828136, 25.549612683468453 ], [ 54.621014782129251, 25.549612683468453 ], [ 54.621014782129251, 25.549702514996863 ], [ 54.620835119072431, 25.549702514996863 ], [ 54.620835119072431, 25.549792346525276 ], [ 54.620655456015605, 25.549792346525276 ], [ 54.620655456015605, 25.549882178053689 ], [ 54.620116466845133, 25.549882178053689 ], [ 54.620116466845133, 25.549792346525276 ], [ 54.619757140731487, 25.549792346525276 ], [ 54.619757140731487, 25.549702514996863 ], [ 54.619128320032601, 25.549702514996863 ], [ 54.619128320032601, 25.549612683468453 ], [ 54.619038488504188, 25.549612683468453 ], [ 54.619038488504188, 25.549343188883217 ], [ 54.618948656975782, 25.549343188883217 ], [ 54.618948656975782, 25.549253357354804 ], [ 54.619128320032601, 25.549253357354804 ], [ 54.619128320032601, 25.549163525826394 ], [ 54.619667309203074, 25.549163525826394 ], [ 54.619667309203074, 25.549073694297981 ], [ 54.6198469722599, 25.549073694297981 ], [ 54.6198469722599, 25.548983862769568 ], [ 54.620026635316719, 25.548983862769568 ], [ 54.620026635316719, 25.548894031241158 ], [ 54.620296129901959, 25.548894031241158 ], [ 54.620296129901959, 25.548804199712745 ], [ 54.620655456015605, 25.548804199712745 ], [ 54.620655456015605, 25.548714368184331 ], [ 54.620835119072431, 25.548714368184331 ], [ 54.620835119072431, 25.548624536655922 ], [ 54.621194445186077, 25.548624536655922 ], [ 54.621194445186077, 25.548714368184331 ], [ 54.621284276714491, 25.548714368184331 ], [ 54.621284276714491, 25.548624536655922 ], [ 54.621374108242904, 25.548624536655922 ], [ 54.621374108242904, 25.548534705127508 ], [ 54.621553771299723, 25.548534705127508 ], [ 54.621553771299723, 25.548444873599099 ], [ 54.62173343435655, 25.548444873599099 ], [ 54.62173343435655, 25.548624536655922 ], [ 54.621823265884963, 25.548624536655922 ], [ 54.621823265884963, 25.548534705127508 ], [ 54.622002928941782, 25.548534705127508 ], [ 54.622002928941782, 25.548624536655922 ], [ 54.622092760470196, 25.548624536655922 ], [ 54.622092760470196, 25.548534705127508 ], [ 54.622541918112255, 25.548534705127508 ], [ 54.622541918112255, 25.548444873599099 ], [ 54.622721581169081, 25.548444873599099 ], [ 54.622721581169081, 25.548355042070686 ], [ 54.622811412697494, 25.548355042070686 ], [ 54.622811412697494, 25.548265210542272 ], [ 54.622991075754314, 25.548265210542272 ], [ 54.622991075754314, 25.548175379013863 ], [ 54.623080907282727, 25.548175379013863 ], [ 54.623080907282727, 25.548085547485449 ], [ 54.623350401867967, 25.548085547485449 ], [ 54.623350401867967, 25.547905884428626 ], [ 54.623440233396373, 25.547905884428626 ], [ 54.623440233396373, 25.547277063729741 ], [ 54.623350401867967, 25.547277063729741 ], [ 54.623350401867967, 25.547187232201331 ], [ 54.623260570339554, 25.547187232201331 ], [ 54.623260570339554, 25.547097400672918 ], [ 54.62317073881114, 25.547097400672918 ], [ 54.62317073881114, 25.547007569144505 ], [ 54.623080907282727, 25.547007569144505 ], [ 54.623080907282727, 25.546827906087682 ], [ 54.622991075754314, 25.546827906087682 ], [ 54.622991075754314, 25.546648243030859 ], [ 54.622901244225908, 25.546648243030859 ], [ 54.622901244225908, 25.546558411502446 ], [ 54.622721581169081, 25.546558411502446 ], [ 54.622721581169081, 25.546468579974036 ], [ 54.622452086583841, 25.546468579974036 ], [ 54.622452086583841, 25.546378748445623 ], [ 54.622182591998609, 25.546378748445623 ], [ 54.622182591998609, 25.546288916917209 ], [ 54.621913097413376, 25.546288916917209 ], [ 54.621913097413376, 25.546378748445623 ], [ 54.621823265884963, 25.546378748445623 ], [ 54.621823265884963, 25.546288916917209 ], [ 54.620116466845133, 25.546288916917209 ], [ 54.620116466845133, 25.546378748445623 ], [ 54.619667309203074, 25.546378748445623 ], [ 54.619667309203074, 25.546468579974036 ], [ 54.619307983089428, 25.546468579974036 ], [ 54.619307983089428, 25.546558411502446 ], [ 54.619128320032601, 25.546558411502446 ], [ 54.619128320032601, 25.546648243030859 ], [ 54.617601184049597, 25.546648243030859 ], [ 54.617601184049597, 25.546738074559268 ], [ 54.617241857935952, 25.546738074559268 ], [ 54.617241857935952, 25.546827906087682 ], [ 54.617062194879125, 25.546827906087682 ], [ 54.617062194879125, 25.546917737616095 ], [ 54.616882531822306, 25.546917737616095 ], [ 54.616882531822306, 25.547007569144505 ], [ 54.616792700293892, 25.547007569144505 ], [ 54.616792700293892, 25.547097400672918 ], [ 54.616702868765479, 25.547097400672918 ], [ 54.616702868765479, 25.547187232201331 ], [ 54.616523205708653, 25.547187232201331 ], [ 54.616523205708653, 25.547277063729741 ], [ 54.616343542651833, 25.547277063729741 ], [ 54.616343542651833, 25.547366895258154 ], [ 54.616074048066594, 25.547366895258154 ], [ 54.616074048066594, 25.547456726786567 ], [ 54.615714721952948, 25.547456726786567 ], [ 54.615714721952948, 25.547546558314977 ], [ 54.615445227367715, 25.547546558314977 ], [ 54.615445227367715, 25.54763638984339 ], [ 54.615085901254062, 25.54763638984339 ], [ 54.615085901254062, 25.5477262213718 ], [ 54.61454691208359, 25.5477262213718 ], [ 54.61454691208359, 25.547816052900213 ], [ 54.61436724902677, 25.547816052900213 ], [ 54.61436724902677, 25.547905884428626 ], [ 54.614277417498357, 25.547905884428626 ], [ 54.614277417498357, 25.547995715957036 ], [ 54.614097754441531, 25.547995715957036 ], [ 54.614097754441531, 25.548085547485449 ], [ 54.614007922913125, 25.548085547485449 ], [ 54.614007922913125, 25.548175379013863 ], [ 54.613828259856298, 25.548175379013863 ], [ 54.613828259856298, 25.548265210542272 ], [ 54.613738428327885, 25.548265210542272 ], [ 54.613738428327885, 25.548355042070686 ], [ 54.613468933742652, 25.548355042070686 ], [ 54.613468933742652, 25.548444873599099 ], [ 54.613109607628999, 25.548444873599099 ], [ 54.613109607628999, 25.548534705127508 ], [ 54.61266044998694, 25.548534705127508 ], [ 54.61266044998694, 25.548624536655922 ], [ 54.612480786930121, 25.548624536655922 ], [ 54.612480786930121, 25.548714368184331 ], [ 54.612390955401708, 25.548714368184331 ], [ 54.612390955401708, 25.548804199712745 ], [ 54.612301123873294, 25.548804199712745 ], [ 54.612301123873294, 25.548894031241158 ], [ 54.612211292344881, 25.548894031241158 ], [ 54.612211292344881, 25.549163525826394 ], [ 54.612121460816468, 25.549163525826394 ], [ 54.612121460816468, 25.549253357354804 ], [ 54.612031629288062, 25.549253357354804 ], [ 54.612031629288062, 25.549343188883217 ], [ 54.611941797759648, 25.549343188883217 ], [ 54.611941797759648, 25.54943302041163 ], [ 54.611851966231235, 25.54943302041163 ], [ 54.611851966231235, 25.54952285194004 ], [ 54.611762134702822, 25.54952285194004 ], [ 54.611762134702822, 25.549612683468453 ], [ 54.611672303174409, 25.549612683468453 ], [ 54.611672303174409, 25.549702514996863 ], [ 54.611492640117589, 25.549702514996863 ], [ 54.611492640117589, 25.549792346525276 ], [ 54.611402808589176, 25.549792346525276 ], [ 54.611402808589176, 25.549882178053689 ], [ 54.61122314553235, 25.549882178053689 ], [ 54.61122314553235, 25.549972009582099 ], [ 54.610863819418704, 25.549972009582099 ], [ 54.610863819418704, 25.549882178053689 ], [ 54.61077398789029, 25.549882178053689 ], [ 54.61077398789029, 25.550331335695748 ], [ 54.610684156361877, 25.550331335695748 ], [ 54.610684156361877, 25.550421167224162 ], [ 54.610594324833464, 25.550421167224162 ], [ 54.610594324833464, 25.550510998752571 ], [ 54.610504493305058, 25.550510998752571 ], [ 54.610504493305058, 25.550421167224162 ], [ 54.609965504134586, 25.550421167224162 ], [ 54.609965504134586, 25.550510998752571 ], [ 54.609785841077759, 25.550510998752571 ], [ 54.609785841077759, 25.550600830280985 ], [ 54.609606178020933, 25.550600830280985 ], [ 54.609606178020933, 25.550690661809394 ], [ 54.609516346492526, 25.550690661809394 ], [ 54.609516346492526, 25.550780493337808 ], [ 54.609426514964113, 25.550780493337808 ], [ 54.609426514964113, 25.550870324866221 ], [ 54.609246851907287, 25.550870324866221 ], [ 54.609246851907287, 25.55096015639463 ], [ 54.608977357322054, 25.55096015639463 ], [ 54.608977357322054, 25.551049987923044 ], [ 54.608707862736814, 25.551049987923044 ], [ 54.608707862736814, 25.551139819451457 ], [ 54.608528199679995, 25.551139819451457 ], [ 54.608528199679995, 25.551229650979867 ], [ 54.608348536623168, 25.551229650979867 ], [ 54.608348536623168, 25.55131948250828 ], [ 54.608258705094755, 25.55131948250828 ], [ 54.608258705094755, 25.551409314036693 ], [ 54.608168873566342, 25.551409314036693 ], [ 54.608168873566342, 25.551499145565103 ], [ 54.608079042037936, 25.551499145565103 ], [ 54.608079042037936, 25.551588977093516 ], [ 54.607989210509523, 25.551588977093516 ], [ 54.607989210509523, 25.552038134735575 ], [ 54.608079042037936, 25.552038134735575 ], [ 54.608079042037936, 25.552127966263988 ], [ 54.608168873566342, 25.552127966263988 ], [ 54.608168873566342, 25.552307629320811 ], [ 54.608079042037936, 25.552307629320811 ], [ 54.608079042037936, 25.552487292377634 ], [ 54.608168873566342, 25.552487292377634 ], [ 54.608168873566342, 25.552666955434457 ], [ 54.608079042037936, 25.552666955434457 ], [ 54.608079042037936, 25.55275678696287 ], [ 54.607989210509523, 25.55275678696287 ], [ 54.607989210509523, 25.552846618491284 ], [ 54.607899378981109, 25.552846618491284 ], [ 54.607899378981109, 25.552936450019693 ], [ 54.607360389810637, 25.552936450019693 ], [ 54.607360389810637, 25.552846618491284 ], [ 54.607270558282224, 25.552846618491284 ], [ 54.607270558282224, 25.55275678696287 ], [ 54.607090895225404, 25.55275678696287 ], [ 54.607090895225404, 25.552666955434457 ], [ 54.606731569111751, 25.552666955434457 ], [ 54.606731569111751, 25.552577123906048 ], [ 54.606462074526519, 25.552577123906048 ], [ 54.606462074526519, 25.552666955434457 ], [ 54.606282411469692, 25.552666955434457 ], [ 54.606282411469692, 25.55275678696287 ], [ 54.60601291688446, 25.55275678696287 ], [ 54.60601291688446, 25.552666955434457 ], [ 54.604845107015102, 25.552666955434457 ], [ 54.604845107015102, 25.552577123906048 ], [ 54.604665443958275, 25.552577123906048 ], [ 54.604665443958275, 25.552666955434457 ], [ 54.604485780901456, 25.552666955434457 ], [ 54.604485780901456, 25.55275678696287 ], [ 54.60412645478781, 25.55275678696287 ], [ 54.60412645478781, 25.552846618491284 ], [ 54.603946791730984, 25.552846618491284 ], [ 54.603946791730984, 25.552936450019693 ], [ 54.60385696020257, 25.552936450019693 ], [ 54.60385696020257, 25.553026281548107 ], [ 54.603767128674157, 25.553026281548107 ], [ 54.603767128674157, 25.55311611307652 ], [ 54.603587465617338, 25.55311611307652 ], [ 54.603587465617338, 25.55320594460493 ], [ 54.603138307975279, 25.55320594460493 ], [ 54.603138307975279, 25.553295776133343 ], [ 54.602329824219566, 25.553295776133343 ], [ 54.602329824219566, 25.55320594460493 ], [ 54.601790835049094, 25.55320594460493 ], [ 54.601790835049094, 25.553295776133343 ], [ 54.601521340463862, 25.553295776133343 ], [ 54.601521340463862, 25.553385607661756 ], [ 54.601341677407035, 25.553385607661756 ], [ 54.601341677407035, 25.553475439190166 ], [ 54.601072182821802, 25.553475439190166 ], [ 54.601072182821802, 25.553565270718579 ], [ 54.600802688236563, 25.553565270718579 ], [ 54.600802688236563, 25.553655102246989 ], [ 54.60053319365133, 25.553655102246989 ], [ 54.60053319365133, 25.553744933775402 ], [ 54.600173867537677, 25.553744933775402 ], [ 54.600173867537677, 25.553834765303815 ], [ 54.599545046838799, 25.553834765303815 ], [ 54.599545046838799, 25.553924596832225 ], [ 54.599455215310385, 25.553924596832225 ], [ 54.599455215310385, 25.553834765303815 ], [ 54.599275552253559, 25.553834765303815 ], [ 54.599275552253559, 25.553744933775402 ], [ 54.599006057668326, 25.553744933775402 ], [ 54.599006057668326, 25.553834765303815 ], [ 54.598916226139913, 25.553834765303815 ], [ 54.598916226139913, 25.553744933775402 ], [ 54.5988263946115, 25.553744933775402 ], [ 54.5988263946115, 25.553565270718579 ], [ 54.598736563083087, 25.553565270718579 ], [ 54.598736563083087, 25.553475439190166 ], [ 54.59864673155468, 25.553475439190166 ], [ 54.59864673155468, 25.553385607661756 ], [ 54.598556900026267, 25.553385607661756 ], [ 54.598556900026267, 25.553295776133343 ], [ 54.598467068497854, 25.553295776133343 ], [ 54.598467068497854, 25.55320594460493 ], [ 54.598287405441027, 25.55320594460493 ], [ 54.598287405441027, 25.55311611307652 ], [ 54.598107742384208, 25.55311611307652 ], [ 54.598107742384208, 25.55320594460493 ], [ 54.597928079327382, 25.55320594460493 ], [ 54.597928079327382, 25.553385607661756 ], [ 54.597838247798968, 25.553385607661756 ], [ 54.597838247798968, 25.553565270718579 ], [ 54.597748416270555, 25.553565270718579 ], [ 54.597748416270555, 25.553655102246989 ], [ 54.597838247798968, 25.553655102246989 ], [ 54.597838247798968, 25.553834765303815 ], [ 54.598017910855795, 25.553834765303815 ], [ 54.598017910855795, 25.553924596832225 ], [ 54.598197573912614, 25.553924596832225 ], [ 54.598197573912614, 25.554014428360638 ], [ 54.598287405441027, 25.554014428360638 ], [ 54.598287405441027, 25.554373754474287 ], [ 54.598197573912614, 25.554373754474287 ], [ 54.598197573912614, 25.55464324905952 ], [ 54.597119595571677, 25.55464324905952 ], [ 54.597119595571677, 25.554733080587933 ], [ 54.59693993251485, 25.554733080587933 ], [ 54.59693993251485, 25.554822912116347 ], [ 54.597029764043263, 25.554822912116347 ], [ 54.597029764043263, 25.555182238229992 ], [ 54.59693993251485, 25.555182238229992 ], [ 54.59693993251485, 25.555361901286819 ], [ 54.596850100986437, 25.555361901286819 ], [ 54.596850100986437, 25.555541564343642 ], [ 54.596760269458024, 25.555541564343642 ], [ 54.596760269458024, 25.555631395872052 ], [ 54.596670437929617, 25.555631395872052 ], [ 54.596670437929617, 25.555721227400465 ], [ 54.596400943344378, 25.555721227400465 ], [ 54.596400943344378, 25.555811058928878 ], [ 54.596041617230732, 25.555811058928878 ], [ 54.596041617230732, 25.555900890457288 ], [ 54.595861954173905, 25.555900890457288 ], [ 54.595861954173905, 25.555990721985701 ], [ 54.595682291117086, 25.555990721985701 ], [ 54.595682291117086, 25.556170385042524 ], [ 54.595592459588673, 25.556170385042524 ], [ 54.595592459588673, 25.556260216570937 ], [ 54.59550262806026, 25.556260216570937 ], [ 54.59550262806026, 25.55635004809935 ], [ 54.595322965003433, 25.55635004809935 ], [ 54.595322965003433, 25.55643987962776 ], [ 54.595143301946614, 25.55643987962776 ], [ 54.595143301946614, 25.556529711156173 ], [ 54.594694144304555, 25.556529711156173 ], [ 54.594694144304555, 25.556619542684583 ], [ 54.594514481247728, 25.556619542684583 ], [ 54.594514481247728, 25.556709374212996 ], [ 54.594244986662488, 25.556709374212996 ], [ 54.594244986662488, 25.55679920574141 ], [ 54.594065323605669, 25.55679920574141 ], [ 54.594065323605669, 25.556889037269819 ], [ 54.593526334435197, 25.556889037269819 ], [ 54.593526334435197, 25.556978868798232 ], [ 54.59334667137837, 25.556978868798232 ], [ 54.59334667137837, 25.557068700326646 ], [ 54.593167008321551, 25.557068700326646 ], [ 54.593167008321551, 25.557158531855055 ], [ 54.592987345264724, 25.557158531855055 ], [ 54.592987345264724, 25.557248363383469 ], [ 54.592897513736311, 25.557248363383469 ], [ 54.592897513736311, 25.557338194911882 ], [ 54.592717850679492, 25.557338194911882 ], [ 54.592717850679492, 25.557428026440292 ], [ 54.592448356094252, 25.557428026440292 ], [ 54.592448356094252, 25.557517857968705 ], [ 54.591819535395366, 25.557517857968705 ], [ 54.591819535395366, 25.557607689497114 ], [ 54.591011051639661, 25.557607689497114 ], [ 54.591011051639661, 25.557517857968705 ], [ 54.590472062469189, 25.557517857968705 ], [ 54.590472062469189, 25.557428026440292 ], [ 54.589663578713484, 25.557428026440292 ], [ 54.589663578713484, 25.557517857968705 ], [ 54.589483915656658, 25.557517857968705 ], [ 54.589483915656658, 25.557607689497114 ], [ 54.589214421071425, 25.557607689497114 ], [ 54.589214421071425, 25.557697521025528 ], [ 54.589124589543012, 25.557697521025528 ], [ 54.589124589543012, 25.557787352553941 ], [ 54.589034758014598, 25.557787352553941 ], [ 54.589034758014598, 25.557967015610764 ], [ 54.588944926486185, 25.557967015610764 ], [ 54.588944926486185, 25.558146678667587 ], [ 54.588855094957772, 25.558146678667587 ], [ 54.588855094957772, 25.558236510196 ], [ 54.588765263429366, 25.558236510196 ], [ 54.588765263429366, 25.558326341724413 ], [ 54.588675431900953, 25.558326341724413 ], [ 54.588675431900953, 25.558416173252823 ], [ 54.588495768844126, 25.558416173252823 ], [ 54.588495768844126, 25.558506004781236 ], [ 54.5883161057873, 25.558506004781236 ], [ 54.5883161057873, 25.558595836309646 ], [ 54.58813644273048, 25.558595836309646 ], [ 54.58813644273048, 25.558685667838059 ], [ 54.587956779673654, 25.558685667838059 ], [ 54.587956779673654, 25.558595836309646 ], [ 54.587777116616834, 25.558595836309646 ], [ 54.587777116616834, 25.558775499366472 ], [ 54.587687285088421, 25.558775499366472 ], [ 54.587687285088421, 25.558865330894882 ], [ 54.587417790503181, 25.558865330894882 ], [ 54.587417790503181, 25.558775499366472 ], [ 54.587327958974768, 25.558775499366472 ], [ 54.587327958974768, 25.558865330894882 ], [ 54.586968632861122, 25.558865330894882 ], [ 54.586968632861122, 25.558955162423295 ], [ 54.586788969804303, 25.558955162423295 ], [ 54.586788969804303, 25.559044993951709 ], [ 54.586519475219063, 25.559044993951709 ], [ 54.586519475219063, 25.559134825480118 ], [ 54.585441496878119, 25.559134825480118 ], [ 54.585441496878119, 25.559224657008532 ], [ 54.584722844650827, 25.559224657008532 ], [ 54.584722844650827, 25.559314488536945 ], [ 54.584363518537174, 25.559314488536945 ], [ 54.584363518537174, 25.559404320065354 ], [ 54.584183855480354, 25.559404320065354 ], [ 54.584183855480354, 25.559494151593768 ], [ 54.583914360895115, 25.559494151593768 ], [ 54.583914360895115, 25.559583983122177 ], [ 54.583644866309882, 25.559583983122177 ], [ 54.583644866309882, 25.559673814650591 ], [ 54.583285540196236, 25.559673814650591 ], [ 54.583285540196236, 25.559763646179004 ], [ 54.582656719497351, 25.559763646179004 ], [ 54.582656719497351, 25.559853477707414 ], [ 54.582477056440524, 25.559853477707414 ], [ 54.582477056440524, 25.559943309235827 ], [ 54.582207561855292, 25.559943309235827 ], [ 54.582207561855292, 25.56003314076424 ], [ 54.582027898798465, 25.56003314076424 ], [ 54.582027898798465, 25.56012297229265 ], [ 54.581758404213232, 25.56012297229265 ], [ 54.581758404213232, 25.560212803821063 ], [ 54.58094992045752, 25.560212803821063 ], [ 54.58094992045752, 25.560302635349476 ], [ 54.580500762815461, 25.560302635349476 ], [ 54.580500762815461, 25.560392466877886 ], [ 54.579961773644989, 25.560392466877886 ], [ 54.579961773644989, 25.560482298406299 ], [ 54.579692279059756, 25.560482298406299 ], [ 54.579692279059756, 25.560572129934712 ], [ 54.579422784474517, 25.560572129934712 ], [ 54.579422784474517, 25.560661961463122 ], [ 54.578883795304051, 25.560661961463122 ], [ 54.578883795304051, 25.560751792991535 ], [ 54.57789564849152, 25.560751792991535 ], [ 54.57789564849152, 25.560841624519945 ], [ 54.577266827792634, 25.560841624519945 ], [ 54.577266827792634, 25.560931456048358 ], [ 54.576727838622162, 25.560931456048358 ], [ 54.576727838622162, 25.561021287576771 ], [ 54.576458344036922, 25.561021287576771 ], [ 54.576458344036922, 25.561111119105181 ], [ 54.575919354866457, 25.561111119105181 ], [ 54.575919354866457, 25.561200950633594 ], [ 54.57573969180963, 25.561200950633594 ], [ 54.57573969180963, 25.561290782162008 ], [ 54.575380365695985, 25.561290782162008 ], [ 54.575380365695985, 25.561380613690417 ], [ 54.574751544997099, 25.561380613690417 ], [ 54.574751544997099, 25.561470445218831 ], [ 54.573583735127741, 25.561470445218831 ], [ 54.573583735127741, 25.561380613690417 ], [ 54.573224409014095, 25.561380613690417 ], [ 54.573224409014095, 25.561470445218831 ], [ 54.572954914428863, 25.561470445218831 ], [ 54.572954914428863, 25.561560276747244 ], [ 54.572865082900449, 25.561560276747244 ], [ 54.572865082900449, 25.561650108275654 ], [ 54.572505756786796, 25.561650108275654 ], [ 54.572505756786796, 25.561739939804067 ], [ 54.572146430673151, 25.561739939804067 ], [ 54.572146430673151, 25.561829771332476 ], [ 54.571966767616331, 25.561829771332476 ], [ 54.571966767616331, 25.56191960286089 ], [ 54.571787104559505, 25.56191960286089 ], [ 54.571787104559505, 25.561829771332476 ], [ 54.571607441502678, 25.561829771332476 ], [ 54.571607441502678, 25.56191960286089 ], [ 54.571248115389032, 25.56191960286089 ], [ 54.571248115389032, 25.562009434389303 ], [ 54.5709786208038, 25.562009434389303 ], [ 54.5709786208038, 25.562099265917713 ], [ 54.570259968576501, 25.562099265917713 ], [ 54.570259968576501, 25.562189097446126 ], [ 54.570080305519674, 25.562189097446126 ], [ 54.570080305519674, 25.562278928974539 ], [ 54.569990473991268, 25.562278928974539 ], [ 54.569990473991268, 25.562368760502949 ], [ 54.569900642462855, 25.562368760502949 ], [ 54.569900642462855, 25.562458592031362 ], [ 54.569720979406029, 25.562458592031362 ], [ 54.569720979406029, 25.562548423559775 ], [ 54.569541316349202, 25.562548423559775 ], [ 54.569541316349202, 25.562638255088185 ], [ 54.569271821763969, 25.562638255088185 ], [ 54.569271821763969, 25.562728086616598 ], [ 54.569092158707143, 25.562728086616598 ], [ 54.569092158707143, 25.562817918145008 ], [ 54.56882266412191, 25.562817918145008 ], [ 54.56882266412191, 25.562907749673421 ], [ 54.568553169536671, 25.562907749673421 ], [ 54.568553169536671, 25.562997581201834 ], [ 54.567744685780966, 25.562997581201834 ], [ 54.567744685780966, 25.562907749673421 ], [ 54.567475191195733, 25.562907749673421 ], [ 54.567475191195733, 25.562817918145008 ], [ 54.567295528138906, 25.562817918145008 ], [ 54.567295528138906, 25.562728086616598 ], [ 54.567026033553667, 25.562728086616598 ], [ 54.567026033553667, 25.562638255088185 ], [ 54.566307381326375, 25.562638255088185 ], [ 54.566307381326375, 25.562728086616598 ], [ 54.565678560627489, 25.562728086616598 ], [ 54.565678560627489, 25.562817918145008 ], [ 54.56549889757067, 25.562817918145008 ], [ 54.56549889757067, 25.562907749673421 ], [ 54.565409066042257, 25.562907749673421 ], [ 54.565409066042257, 25.562997581201834 ], [ 54.56522940298543, 25.562997581201834 ], [ 54.56522940298543, 25.563087412730244 ], [ 54.564870076871784, 25.563087412730244 ], [ 54.564870076871784, 25.562997581201834 ], [ 54.564780245343371, 25.562997581201834 ], [ 54.564780245343371, 25.563267075787071 ], [ 54.564600582286545, 25.563267075787071 ], [ 54.564600582286545, 25.56335690731548 ], [ 54.564331087701312, 25.56335690731548 ], [ 54.564331087701312, 25.563267075787071 ], [ 54.564241256172899, 25.563267075787071 ], [ 54.564241256172899, 25.56335690731548 ], [ 54.563522603945607, 25.56335690731548 ], [ 54.563522603945607, 25.563267075787071 ], [ 54.563342940888781, 25.563267075787071 ], [ 54.563342940888781, 25.563177244258657 ], [ 54.562983614775135, 25.563177244258657 ], [ 54.562983614775135, 25.563087412730244 ], [ 54.562624288661482, 25.563087412730244 ], [ 54.562624288661482, 25.562997581201834 ], [ 54.562085299491009, 25.562997581201834 ], [ 54.562085299491009, 25.563087412730244 ], [ 54.56163614184895, 25.563087412730244 ], [ 54.56163614184895, 25.563177244258657 ], [ 54.560378500451186, 25.563177244258657 ], [ 54.560378500451186, 25.563087412730244 ], [ 54.56019883739436, 25.563087412730244 ], [ 54.56019883739436, 25.562997581201834 ], [ 54.559839511280714, 25.562997581201834 ], [ 54.559839511280714, 25.562907749673421 ], [ 54.559659848223887, 25.562907749673421 ], [ 54.559659848223887, 25.562817918145008 ], [ 54.559390353638655, 25.562817918145008 ], [ 54.559390353638655, 25.562728086616598 ], [ 54.559210690581828, 25.562728086616598 ], [ 54.559210690581828, 25.562638255088185 ], [ 54.558941195996596, 25.562638255088185 ], [ 54.558941195996596, 25.562548423559775 ], [ 54.558851364468183, 25.562548423559775 ], [ 54.558851364468183, 25.562638255088185 ], [ 54.558671701411356, 25.562638255088185 ], [ 54.558671701411356, 25.562548423559775 ], [ 54.55858186988295, 25.562548423559775 ], [ 54.55858186988295, 25.562458592031362 ], [ 54.558492038354537, 25.562458592031362 ], [ 54.558492038354537, 25.562278928974539 ], [ 54.55858186988295, 25.562278928974539 ], [ 54.55858186988295, 25.562189097446126 ], [ 54.558761532939769, 25.562189097446126 ], [ 54.558761532939769, 25.562278928974539 ], [ 54.558941195996596, 25.562278928974539 ], [ 54.558941195996596, 25.562368760502949 ], [ 54.559570016695481, 25.562368760502949 ], [ 54.559570016695481, 25.562278928974539 ], [ 54.559749679752301, 25.562278928974539 ], [ 54.559749679752301, 25.562189097446126 ], [ 54.559839511280714, 25.562189097446126 ], [ 54.559839511280714, 25.562099265917713 ], [ 54.56001917433754, 25.562099265917713 ], [ 54.56001917433754, 25.562009434389303 ], [ 54.560109005865947, 25.562009434389303 ], [ 54.560109005865947, 25.56191960286089 ], [ 54.56019883739436, 25.56191960286089 ], [ 54.56019883739436, 25.561829771332476 ], [ 54.560288668922773, 25.561829771332476 ], [ 54.560288668922773, 25.561739939804067 ], [ 54.560378500451186, 25.561739939804067 ], [ 54.560378500451186, 25.561380613690417 ], [ 54.5604683319796, 25.561380613690417 ], [ 54.5604683319796, 25.561200950633594 ], [ 54.560378500451186, 25.561200950633594 ], [ 54.560378500451186, 25.561111119105181 ], [ 54.560288668922773, 25.561111119105181 ], [ 54.560288668922773, 25.561021287576771 ], [ 54.560109005865947, 25.561021287576771 ], [ 54.560109005865947, 25.560931456048358 ], [ 54.56001917433754, 25.560931456048358 ], [ 54.56001917433754, 25.560841624519945 ], [ 54.559839511280714, 25.560841624519945 ], [ 54.559839511280714, 25.560751792991535 ], [ 54.559659848223887, 25.560751792991535 ], [ 54.559659848223887, 25.560661961463122 ], [ 54.559570016695481, 25.560661961463122 ], [ 54.559570016695481, 25.560572129934712 ], [ 54.559210690581828, 25.560572129934712 ], [ 54.559210690581828, 25.560482298406299 ], [ 54.558941195996596, 25.560482298406299 ], [ 54.558941195996596, 25.560572129934712 ], [ 54.558851364468183, 25.560572129934712 ], [ 54.558851364468183, 25.560482298406299 ], [ 54.558222543769297, 25.560482298406299 ], [ 54.558222543769297, 25.560392466877886 ], [ 54.558042880712478, 25.560392466877886 ], [ 54.558042880712478, 25.560302635349476 ], [ 54.557953049184064, 25.560302635349476 ], [ 54.557953049184064, 25.560212803821063 ], [ 54.557863217655651, 25.560212803821063 ], [ 54.557863217655651, 25.56012297229265 ], [ 54.557683554598825, 25.56012297229265 ], [ 54.557683554598825, 25.56003314076424 ], [ 54.557593723070418, 25.56003314076424 ], [ 54.557593723070418, 25.559943309235827 ], [ 54.557503891542005, 25.559943309235827 ], [ 54.557503891542005, 25.559853477707414 ], [ 54.557414060013592, 25.559853477707414 ], [ 54.557414060013592, 25.559763646179004 ], [ 54.557234396956765, 25.559763646179004 ], [ 54.557234396956765, 25.559673814650591 ], [ 54.556964902371533, 25.559673814650591 ], [ 54.556964902371533, 25.559583983122177 ], [ 54.556785239314706, 25.559583983122177 ], [ 54.556785239314706, 25.559494151593768 ], [ 54.556695407786293, 25.559494151593768 ], [ 54.556695407786293, 25.559404320065354 ], [ 54.556246250144234, 25.559404320065354 ], [ 54.556246250144234, 25.559314488536945 ], [ 54.555707260973762, 25.559314488536945 ], [ 54.555707260973762, 25.559224657008532 ], [ 54.555437766388529, 25.559224657008532 ], [ 54.555437766388529, 25.559134825480118 ], [ 54.555347934860116, 25.559134825480118 ], [ 54.555347934860116, 25.559044993951709 ], [ 54.555168271803289, 25.559044993951709 ], [ 54.555168271803289, 25.558955162423295 ], [ 54.55498860874647, 25.558955162423295 ], [ 54.55498860874647, 25.558865330894882 ], [ 54.554898777218057, 25.558865330894882 ], [ 54.554898777218057, 25.558775499366472 ], [ 54.554808945689643, 25.558775499366472 ], [ 54.554808945689643, 25.558685667838059 ], [ 54.55471911416123, 25.558685667838059 ], [ 54.55471911416123, 25.558506004781236 ], [ 54.554539451104411, 25.558506004781236 ], [ 54.554539451104411, 25.558326341724413 ], [ 54.554449619575998, 25.558326341724413 ], [ 54.554449619575998, 25.558236510196 ], [ 54.554359788047584, 25.558236510196 ], [ 54.554359788047584, 25.557967015610764 ], [ 54.554269956519171, 25.557967015610764 ], [ 54.554269956519171, 25.557877184082351 ], [ 54.554180124990758, 25.557877184082351 ], [ 54.554180124990758, 25.557607689497114 ], [ 54.554090293462352, 25.557607689497114 ], [ 54.554090293462352, 25.557428026440292 ], [ 54.554000461933938, 25.557428026440292 ], [ 54.554000461933938, 25.557248363383469 ], [ 54.553910630405525, 25.557248363383469 ], [ 54.553910630405525, 25.557158531855055 ], [ 54.553820798877112, 25.557158531855055 ], [ 54.553820798877112, 25.556978868798232 ], [ 54.553641135820293, 25.556978868798232 ], [ 54.553641135820293, 25.556889037269819 ], [ 54.553551304291879, 25.556889037269819 ], [ 54.553551304291879, 25.55679920574141 ], [ 54.553461472763466, 25.55679920574141 ], [ 54.553461472763466, 25.556709374212996 ], [ 54.55328180970664, 25.556709374212996 ], [ 54.55328180970664, 25.556619542684583 ], [ 54.553191978178226, 25.556619542684583 ], [ 54.553191978178226, 25.556529711156173 ], [ 54.553012315121407, 25.556529711156173 ], [ 54.553012315121407, 25.55643987962776 ], [ 54.552024168308876, 25.55643987962776 ], [ 54.552024168308876, 25.55635004809935 ], [ 54.55166484219523, 25.55635004809935 ], [ 54.55166484219523, 25.556260216570937 ], [ 54.551305516081577, 25.556260216570937 ], [ 54.551305516081577, 25.556170385042524 ], [ 54.551036021496344, 25.556170385042524 ], [ 54.551036021496344, 25.556080553514114 ], [ 54.550946189967931, 25.556080553514114 ], [ 54.550946189967931, 25.555990721985701 ], [ 54.549868211626986, 25.555990721985701 ], [ 54.549868211626986, 25.555900890457288 ], [ 54.54950888551334, 25.555900890457288 ], [ 54.54950888551334, 25.555811058928878 ], [ 54.549239390928101, 25.555811058928878 ], [ 54.549239390928101, 25.555900890457288 ], [ 54.548969896342868, 25.555900890457288 ], [ 54.548969896342868, 25.555990721985701 ], [ 54.548700401757635, 25.555990721985701 ], [ 54.548700401757635, 25.556080553514114 ], [ 54.548161412587163, 25.556080553514114 ], [ 54.548161412587163, 25.555990721985701 ], [ 54.547442760359864, 25.555990721985701 ], [ 54.547442760359864, 25.555900890457288 ], [ 54.546903771189392, 25.555900890457288 ], [ 54.546903771189392, 25.555811058928878 ], [ 54.54591562437686, 25.555811058928878 ], [ 54.54591562437686, 25.555721227400465 ], [ 54.545735961320041, 25.555721227400465 ], [ 54.545735961320041, 25.555631395872052 ], [ 54.545556298263215, 25.555631395872052 ], [ 54.545556298263215, 25.555451732815229 ], [ 54.545466466734801, 25.555451732815229 ], [ 54.545466466734801, 25.555272069758406 ], [ 54.545376635206388, 25.555272069758406 ], [ 54.545376635206388, 25.554822912116347 ], [ 54.545466466734801, 25.554822912116347 ], [ 54.545466466734801, 25.55464324905952 ], [ 54.545376635206388, 25.55464324905952 ], [ 54.545376635206388, 25.554373754474287 ], [ 54.545466466734801, 25.554373754474287 ], [ 54.545466466734801, 25.554283922945874 ], [ 54.545556298263215, 25.554283922945874 ], [ 54.545556298263215, 25.553834765303815 ], [ 54.545466466734801, 25.553834765303815 ], [ 54.545466466734801, 25.553565270718579 ], [ 54.545376635206388, 25.553565270718579 ], [ 54.545376635206388, 25.55311611307652 ], [ 54.545196972149569, 25.55311611307652 ], [ 54.545196972149569, 25.553026281548107 ], [ 54.545107140621155, 25.553026281548107 ], [ 54.545107140621155, 25.552936450019693 ], [ 54.544927477564329, 25.552936450019693 ], [ 54.544927477564329, 25.552846618491284 ], [ 54.544837646035916, 25.552846618491284 ], [ 54.544837646035916, 25.55275678696287 ], [ 54.544657982979096, 25.55275678696287 ], [ 54.544657982979096, 25.552666955434457 ], [ 54.54447831992227, 25.552666955434457 ], [ 54.54447831992227, 25.552577123906048 ], [ 54.544208825337037, 25.552577123906048 ], [ 54.544208825337037, 25.552487292377634 ], [ 54.544029162280211, 25.552487292377634 ], [ 54.544029162280211, 25.552397460849225 ], [ 54.543939330751797, 25.552397460849225 ], [ 54.543939330751797, 25.552307629320811 ], [ 54.543849499223384, 25.552307629320811 ], [ 54.543849499223384, 25.552217797792398 ], [ 54.543759667694978, 25.552217797792398 ], [ 54.543759667694978, 25.552038134735575 ], [ 54.543669836166565, 25.552038134735575 ], [ 54.543669836166565, 25.551678808621926 ], [ 54.543580004638152, 25.551678808621926 ], [ 54.543580004638152, 25.551499145565103 ], [ 54.543490173109738, 25.551499145565103 ], [ 54.543490173109738, 25.551409314036693 ], [ 54.543400341581325, 25.551409314036693 ], [ 54.543400341581325, 25.55096015639463 ], [ 54.543310510052912, 25.55096015639463 ], [ 54.543310510052912, 25.550870324866221 ], [ 54.543220678524506, 25.550870324866221 ], [ 54.543220678524506, 25.550690661809394 ], [ 54.543130846996092, 25.550690661809394 ], [ 54.543130846996092, 25.550600830280985 ], [ 54.543041015467679, 25.550600830280985 ], [ 54.543041015467679, 25.550331335695748 ], [ 54.542951183939266, 25.550331335695748 ], [ 54.542951183939266, 25.550241504167335 ], [ 54.542861352410853, 25.550241504167335 ], [ 54.542861352410853, 25.550151672638926 ], [ 54.542681689354033, 25.550151672638926 ], [ 54.542681689354033, 25.550061841110512 ], [ 54.541963037126735, 25.550061841110512 ], [ 54.541963037126735, 25.549972009582099 ], [ 54.541873205598321, 25.549972009582099 ], [ 54.541873205598321, 25.549882178053689 ], [ 54.541693542541502, 25.549882178053689 ], [ 54.541693542541502, 25.549972009582099 ], [ 54.541603711013089, 25.549972009582099 ], [ 54.541603711013089, 25.550061841110512 ], [ 54.541513879484675, 25.550061841110512 ], [ 54.541513879484675, 25.550151672638926 ], [ 54.541334216427849, 25.550151672638926 ], [ 54.541334216427849, 25.550241504167335 ], [ 54.541244384899443, 25.550241504167335 ], [ 54.541244384899443, 25.550331335695748 ], [ 54.540974890314203, 25.550331335695748 ], [ 54.540974890314203, 25.550421167224162 ], [ 54.54070539572897, 25.550421167224162 ], [ 54.54070539572897, 25.550331335695748 ], [ 54.540525732672144, 25.550331335695748 ], [ 54.540525732672144, 25.550241504167335 ], [ 54.540435901143731, 25.550241504167335 ], [ 54.540435901143731, 25.550151672638926 ], [ 54.540346069615318, 25.550151672638926 ], [ 54.540346069615318, 25.550061841110512 ], [ 54.540256238086911, 25.550061841110512 ], [ 54.540256238086911, 25.549972009582099 ], [ 54.540166406558498, 25.549972009582099 ], [ 54.540166406558498, 25.549882178053689 ], [ 54.539986743501672, 25.549882178053689 ], [ 54.539986743501672, 25.549792346525276 ], [ 54.539807080444852, 25.549792346525276 ], [ 54.539807080444852, 25.549702514996863 ], [ 54.53926809127438, 25.549702514996863 ], [ 54.53926809127438, 25.549612683468453 ], [ 54.539088428217553, 25.549612683468453 ], [ 54.539088428217553, 25.54952285194004 ], [ 54.53899859668914, 25.54952285194004 ], [ 54.53899859668914, 25.54943302041163 ], [ 54.538908765160727, 25.54943302041163 ], [ 54.538908765160727, 25.549343188883217 ], [ 54.538729102103908, 25.549343188883217 ], [ 54.538729102103908, 25.549253357354804 ], [ 54.538639270575494, 25.549253357354804 ], [ 54.538639270575494, 25.549163525826394 ], [ 54.538549439047081, 25.549163525826394 ], [ 54.538549439047081, 25.549073694297981 ], [ 54.538459607518668, 25.549073694297981 ], [ 54.538459607518668, 25.548983862769568 ], [ 54.538369775990255, 25.548983862769568 ], [ 54.538369775990255, 25.548894031241158 ], [ 54.538279944461848, 25.548894031241158 ], [ 54.538279944461848, 25.548804199712745 ], [ 54.538190112933435, 25.548804199712745 ], [ 54.538190112933435, 25.548714368184331 ], [ 54.538100281405022, 25.548714368184331 ], [ 54.538100281405022, 25.548624536655922 ], [ 54.538010449876609, 25.548624536655922 ], [ 54.538010449876609, 25.548534705127508 ], [ 54.537830786819789, 25.548534705127508 ], [ 54.537830786819789, 25.548444873599099 ], [ 54.537740955291376, 25.548444873599099 ], [ 54.537740955291376, 25.548355042070686 ], [ 54.53756129223455, 25.548355042070686 ], [ 54.53756129223455, 25.548265210542272 ], [ 54.537471460706136, 25.548265210542272 ], [ 54.537471460706136, 25.548175379013863 ], [ 54.537381629177723, 25.548175379013863 ], [ 54.537381629177723, 25.547995715957036 ], [ 54.537291797649317, 25.547995715957036 ], [ 54.537291797649317, 25.547816052900213 ], [ 54.537201966120904, 25.547816052900213 ], [ 54.537201966120904, 25.54763638984339 ], [ 54.537112134592491, 25.54763638984339 ], [ 54.537112134592491, 25.547546558314977 ], [ 54.537022303064077, 25.547546558314977 ], [ 54.537022303064077, 25.547366895258154 ], [ 54.536932471535664, 25.547366895258154 ], [ 54.536932471535664, 25.547097400672918 ], [ 54.536842640007258, 25.547097400672918 ], [ 54.536842640007258, 25.547007569144505 ], [ 54.536752808478845, 25.547007569144505 ], [ 54.536752808478845, 25.546738074559268 ], [ 54.536662976950431, 25.546738074559268 ], [ 54.536662976950431, 25.546558411502446 ], [ 54.536573145422018, 25.546558411502446 ], [ 54.536573145422018, 25.546288916917209 ], [ 54.536483313893605, 25.546288916917209 ], [ 54.536483313893605, 25.5461990853888 ], [ 54.536393482365192, 25.5461990853888 ], [ 54.536393482365192, 25.546109253860386 ], [ 54.536303650836786, 25.546109253860386 ], [ 54.536303650836786, 25.546019422331973 ], [ 54.536213819308372, 25.546019422331973 ], [ 54.536213819308372, 25.545929590803564 ], [ 54.536123987779959, 25.545929590803564 ], [ 54.536123987779959, 25.54583975927515 ], [ 54.536034156251546, 25.54583975927515 ], [ 54.536034156251546, 25.545749927746737 ], [ 54.535854493194726, 25.545749927746737 ], [ 54.535854493194726, 25.545660096218327 ], [ 54.5356748301379, 25.545660096218327 ], [ 54.5356748301379, 25.545570264689914 ], [ 54.535495167081073, 25.545570264689914 ], [ 54.535495167081073, 25.545480433161504 ], [ 54.535315504024254, 25.545480433161504 ], [ 54.535315504024254, 25.545390601633091 ], [ 54.535225672495841, 25.545390601633091 ], [ 54.535225672495841, 25.545300770104678 ], [ 54.535135840967428, 25.545300770104678 ], [ 54.535135840967428, 25.545210938576268 ], [ 54.535046009439014, 25.545210938576268 ], [ 54.535046009439014, 25.545121107047855 ], [ 54.534956177910601, 25.545121107047855 ], [ 54.534956177910601, 25.544941443991032 ], [ 54.534776514853782, 25.544941443991032 ], [ 54.534776514853782, 25.544851612462619 ], [ 54.534237525683309, 25.544851612462619 ], [ 54.534237525683309, 25.544941443991032 ], [ 54.53396803109807, 25.544941443991032 ], [ 54.53396803109807, 25.545031275519442 ], [ 54.533698536512837, 25.545031275519442 ], [ 54.533698536512837, 25.545121107047855 ], [ 54.533608704984424, 25.545121107047855 ], [ 54.533608704984424, 25.545210938576268 ], [ 54.533518873456011, 25.545210938576268 ], [ 54.533518873456011, 25.545300770104678 ], [ 54.533339210399191, 25.545300770104678 ], [ 54.533339210399191, 25.545480433161504 ], [ 54.533249378870778, 25.545480433161504 ], [ 54.533249378870778, 25.545570264689914 ], [ 54.533159547342365, 25.545570264689914 ], [ 54.533159547342365, 25.545660096218327 ], [ 54.533069715813951, 25.545660096218327 ], [ 54.533069715813951, 25.545749927746737 ], [ 54.532979884285538, 25.545749927746737 ], [ 54.532979884285538, 25.54583975927515 ], [ 54.532800221228719, 25.54583975927515 ], [ 54.532800221228719, 25.545929590803564 ], [ 54.532710389700306, 25.545929590803564 ], [ 54.532710389700306, 25.546019422331973 ], [ 54.532620558171892, 25.546019422331973 ], [ 54.532620558171892, 25.546109253860386 ], [ 54.532440895115066, 25.546109253860386 ], [ 54.532440895115066, 25.5461990853888 ], [ 54.53235106358666, 25.5461990853888 ], [ 54.53235106358666, 25.546288916917209 ], [ 54.532171400529833, 25.546288916917209 ], [ 54.532171400529833, 25.546378748445623 ], [ 54.531991737473007, 25.546378748445623 ], [ 54.531991737473007, 25.546468579974036 ], [ 54.531901905944594, 25.546468579974036 ], [ 54.531901905944594, 25.546648243030859 ], [ 54.531812074416187, 25.546648243030859 ], [ 54.531812074416187, 25.546738074559268 ], [ 54.531632411359361, 25.546738074559268 ], [ 54.531632411359361, 25.546827906087682 ], [ 54.531452748302534, 25.546827906087682 ], [ 54.531452748302534, 25.546917737616095 ], [ 54.531183253717302, 25.546917737616095 ], [ 54.531183253717302, 25.547007569144505 ], [ 54.531093422188889, 25.547007569144505 ], [ 54.531093422188889, 25.547097400672918 ], [ 54.530823927603656, 25.547097400672918 ], [ 54.530823927603656, 25.547187232201331 ], [ 54.529835780791124, 25.547187232201331 ], [ 54.529835780791124, 25.547277063729741 ], [ 54.529656117734298, 25.547277063729741 ], [ 54.529656117734298, 25.547366895258154 ], [ 54.529476454677472, 25.547366895258154 ], [ 54.529476454677472, 25.547456726786567 ], [ 54.529386623149065, 25.547456726786567 ], [ 54.529386623149065, 25.547546558314977 ], [ 54.529027297035412, 25.547546558314977 ], [ 54.529027297035412, 25.54763638984339 ], [ 54.527949318694468, 25.54763638984339 ], [ 54.527949318694468, 25.5477262213718 ], [ 54.527410329524002, 25.5477262213718 ], [ 54.527410329524002, 25.54763638984339 ], [ 54.526781508825117, 25.54763638984339 ], [ 54.526781508825117, 25.547546558314977 ], [ 54.526332351183058, 25.547546558314977 ], [ 54.526332351183058, 25.54763638984339 ], [ 54.525613698955759, 25.54763638984339 ], [ 54.525613698955759, 25.5477262213718 ], [ 54.5251645413137, 25.5477262213718 ], [ 54.5251645413137, 25.547816052900213 ], [ 54.524715383671641, 25.547816052900213 ], [ 54.524715383671641, 25.547905884428626 ], [ 54.523996731444342, 25.547905884428626 ], [ 54.523996731444342, 25.547995715957036 ], [ 54.523906899915936, 25.547995715957036 ], [ 54.523906899915936, 25.548085547485449 ], [ 54.523817068387523, 25.548085547485449 ], [ 54.523817068387523, 25.548444873599099 ], [ 54.523727236859109, 25.548444873599099 ], [ 54.523727236859109, 25.548624536655922 ], [ 54.523637405330696, 25.548624536655922 ], [ 54.523637405330696, 25.548714368184331 ], [ 54.523547573802283, 25.548714368184331 ], [ 54.523547573802283, 25.548804199712745 ], [ 54.523457742273877, 25.548804199712745 ], [ 54.523457742273877, 25.548894031241158 ], [ 54.523367910745463, 25.548894031241158 ], [ 54.523367910745463, 25.548983862769568 ], [ 54.52327807921705, 25.548983862769568 ], [ 54.52327807921705, 25.549073694297981 ], [ 54.523188247688637, 25.549073694297981 ], [ 54.523188247688637, 25.549163525826394 ], [ 54.52300858463181, 25.549163525826394 ], [ 54.52300858463181, 25.549253357354804 ], [ 54.522918753103404, 25.549253357354804 ], [ 54.522918753103404, 25.549343188883217 ], [ 54.522828921574991, 25.549343188883217 ], [ 54.522828921574991, 25.54943302041163 ], [ 54.522739090046578, 25.54943302041163 ], [ 54.522739090046578, 25.54952285194004 ], [ 54.522200100876105, 25.54952285194004 ], [ 54.522200100876105, 25.549612683468453 ], [ 54.522020437819279, 25.549612683468453 ], [ 54.522020437819279, 25.549702514996863 ], [ 54.521930606290873, 25.549702514996863 ], [ 54.521930606290873, 25.549792346525276 ], [ 54.52184077476246, 25.549792346525276 ], [ 54.52184077476246, 25.549972009582099 ], [ 54.521750943234046, 25.549972009582099 ], [ 54.521750943234046, 25.550151672638926 ], [ 54.521661111705633, 25.550151672638926 ], [ 54.521661111705633, 25.550241504167335 ], [ 54.52157128017722, 25.550241504167335 ], [ 54.52157128017722, 25.550331335695748 ], [ 54.5213916171204, 25.550331335695748 ], [ 54.5213916171204, 25.550421167224162 ], [ 54.521211954063574, 25.550421167224162 ], [ 54.521211954063574, 25.550510998752571 ], [ 54.521122122535161, 25.550510998752571 ], [ 54.521122122535161, 25.550600830280985 ], [ 54.520942459478341, 25.550600830280985 ], [ 54.520942459478341, 25.550690661809394 ], [ 54.520852627949928, 25.550690661809394 ], [ 54.520852627949928, 25.550780493337808 ], [ 54.520762796421515, 25.550780493337808 ], [ 54.520762796421515, 25.550870324866221 ], [ 54.520672964893102, 25.550870324866221 ], [ 54.520672964893102, 25.55096015639463 ], [ 54.520583133364688, 25.55096015639463 ], [ 54.520583133364688, 25.551049987923044 ], [ 54.520493301836282, 25.551049987923044 ], [ 54.520493301836282, 25.551139819451457 ], [ 54.520403470307869, 25.551139819451457 ], [ 54.520403470307869, 25.551229650979867 ], [ 54.520313638779456, 25.551229650979867 ], [ 54.520313638779456, 25.55131948250828 ], [ 54.519864481137397, 25.55131948250828 ], [ 54.519864481137397, 25.551409314036693 ], [ 54.518876334324865, 25.551409314036693 ], [ 54.518876334324865, 25.551229650979867 ], [ 54.518786502796452, 25.551229650979867 ], [ 54.518786502796452, 25.531826040842887 ], [ 54.541693542541502, 25.531826040842887 ], [ 54.541693542541502, 25.531915872371297 ], [ 54.541783374069915, 25.531915872371297 ], [ 54.541783374069915, 25.531826040842887 ], [ 54.564690413814958, 25.531826040842887 ], [ 54.564690413814958, 25.531915872371297 ], [ 54.564780245343371, 25.531915872371297 ], [ 54.564780245343371, 25.531826040842887 ], [ 54.587687285088421, 25.531826040842887 ], [ 54.587687285088421, 25.531915872371297 ], [ 54.587866948145241, 25.531915872371297 ], [ 54.587866948145241, 25.531826040842887 ], [ 54.610684156361877, 25.531826040842887 ], [ 54.610684156361877, 25.531915872371297 ], [ 54.61077398789029, 25.531915872371297 ], [ 54.61077398789029, 25.531826040842887 ], [ 54.63368102763534, 25.531826040842887 ], [ 54.63368102763534, 25.531915872371297 ], [ 54.633770859163754, 25.531915872371297 ], [ 54.633770859163754, 25.531826040842887 ], [ 54.648503229823312, 25.531826040842887 ], [ 54.648503229823312, 25.532454861541769 ], [ 54.648413398294899, 25.532454861541769 ], [ 54.648413398294899, 25.532544693070182 ], [ 54.648503229823312, 25.532544693070182 ], [ 54.648503229823312, 25.532724356127005 ], [ 54.648593061351725, 25.532724356127005 ], [ 54.648593061351725, 25.532814187655418 ], [ 54.648682892880132, 25.532814187655418 ], [ 54.648682892880132, 25.532904019183828 ], [ 54.648862555936958, 25.532904019183828 ], [ 54.648862555936958, 25.532993850712241 ], [ 54.648952387465371, 25.532993850712241 ], [ 54.648952387465371, 25.533083682240655 ], [ 54.649042218993785, 25.533083682240655 ], [ 54.649042218993785, 25.533263345297478 ], [ 54.649221882050604, 25.533263345297478 ], [ 54.649221882050604, 25.533353176825891 ], [ 54.649581208164257, 25.533353176825891 ], [ 54.649581208164257, 25.533622671411123 ], [ 54.649671039692663, 25.533622671411123 ], [ 54.649671039692663, 25.533712502939537 ], [ 54.649760871221076, 25.533712502939537 ], [ 54.649760871221076, 25.53380233446795 ], [ 54.649940534277903, 25.53380233446795 ], [ 54.649940534277903, 25.53389216599636 ], [ 54.650030365806316, 25.53389216599636 ], [ 54.650030365806316, 25.534161660581596 ], [ 54.649940534277903, 25.534161660581596 ], [ 54.649940534277903, 25.534431155166832 ], [ 54.64985070274949, 25.534431155166832 ], [ 54.64985070274949, 25.534610818223655 ], [ 54.649760871221076, 25.534610818223655 ], [ 54.649760871221076, 25.534970144337304 ], [ 54.64985070274949, 25.534970144337304 ], [ 54.64985070274949, 25.535149807394127 ], [ 54.649940534277903, 25.535149807394127 ], [ 54.649940534277903, 25.53523963892254 ], [ 54.650479523448375, 25.53523963892254 ], [ 54.650479523448375, 25.535329470450954 ], [ 54.650749018033608, 25.535329470450954 ], [ 54.650749018033608, 25.535419301979363 ], [ 54.650928681090434, 25.535419301979363 ], [ 54.650928681090434, 25.535509133507777 ], [ 54.651018512618847, 25.535509133507777 ], [ 54.651018512618847, 25.535598965036186 ], [ 54.651377838732493, 25.535598965036186 ], [ 54.651377838732493, 25.5356887965646 ], [ 54.651467670260907, 25.5356887965646 ], [ 54.651467670260907, 25.535778628093013 ], [ 54.65155750178932, 25.535778628093013 ], [ 54.65155750178932, 25.535868459621422 ], [ 54.651647333317726, 25.535868459621422 ], [ 54.651647333317726, 25.535958291149836 ], [ 54.651826996374552, 25.535958291149836 ], [ 54.651826996374552, 25.536048122678249 ], [ 54.651916827902966, 25.536048122678249 ], [ 54.651916827902966, 25.536137954206659 ], [ 54.652006659431379, 25.536137954206659 ], [ 54.652006659431379, 25.536407448791895 ], [ 54.652096490959792, 25.536407448791895 ], [ 54.652096490959792, 25.536856606433954 ], [ 54.652276154016612, 25.536856606433954 ], [ 54.652276154016612, 25.536946437962367 ], [ 54.652365985545025, 25.536946437962367 ], [ 54.652365985545025, 25.536856606433954 ], [ 54.652455817073438, 25.536856606433954 ], [ 54.652455817073438, 25.536407448791895 ], [ 54.652365985545025, 25.536407448791895 ], [ 54.652365985545025, 25.536137954206659 ], [ 54.652276154016612, 25.536137954206659 ], [ 54.652276154016612, 25.5356887965646 ], [ 54.652186322488198, 25.5356887965646 ], [ 54.652186322488198, 25.535598965036186 ], [ 54.652096490959792, 25.535598965036186 ], [ 54.652096490959792, 25.53523963892254 ], [ 54.652006659431379, 25.53523963892254 ], [ 54.652006659431379, 25.535059975865718 ], [ 54.651916827902966, 25.535059975865718 ], [ 54.651916827902966, 25.534970144337304 ], [ 54.651826996374552, 25.534970144337304 ], [ 54.651826996374552, 25.534880312808891 ], [ 54.651737164846139, 25.534880312808891 ], [ 54.651737164846139, 25.534790481280481 ], [ 54.651647333317726, 25.534790481280481 ], [ 54.651647333317726, 25.534700649752068 ], [ 54.65155750178932, 25.534700649752068 ], [ 54.65155750178932, 25.534431155166832 ], [ 54.651467670260907, 25.534431155166832 ], [ 54.651467670260907, 25.534341323638422 ], [ 54.651377838732493, 25.534341323638422 ], [ 54.651377838732493, 25.534161660581596 ], [ 54.65128800720408, 25.534161660581596 ], [ 54.65128800720408, 25.534071829053186 ], [ 54.651198175675667, 25.534071829053186 ], [ 54.651198175675667, 25.53380233446795 ], [ 54.651108344147261, 25.53380233446795 ], [ 54.651108344147261, 25.533712502939537 ], [ 54.651018512618847, 25.533712502939537 ], [ 54.651018512618847, 25.533622671411123 ], [ 54.650838849562021, 25.533622671411123 ], [ 54.650838849562021, 25.533532839882714 ], [ 54.650659186505194, 25.533532839882714 ], [ 54.650659186505194, 25.5334430083543 ], [ 54.650479523448375, 25.5334430083543 ], [ 54.650479523448375, 25.533353176825891 ], [ 54.650299860391549, 25.533353176825891 ], [ 54.650299860391549, 25.533263345297478 ], [ 54.650120197334729, 25.533263345297478 ], [ 54.650120197334729, 25.533173513769064 ], [ 54.649940534277903, 25.533173513769064 ], [ 54.649940534277903, 25.532993850712241 ], [ 54.64985070274949, 25.532993850712241 ], [ 54.64985070274949, 25.532904019183828 ], [ 54.649940534277903, 25.532904019183828 ], [ 54.649940534277903, 25.532724356127005 ], [ 54.64985070274949, 25.532724356127005 ], [ 54.64985070274949, 25.532365030013359 ], [ 54.649760871221076, 25.532365030013359 ], [ 54.649760871221076, 25.532275198484946 ], [ 54.649491376635844, 25.532275198484946 ], [ 54.649491376635844, 25.532185366956533 ], [ 54.64940154510743, 25.532185366956533 ], [ 54.64940154510743, 25.53200570389971 ], [ 54.649491376635844, 25.53200570389971 ], [ 54.649491376635844, 25.531915872371297 ], [ 54.649581208164257, 25.531915872371297 ], [ 54.649581208164257, 25.531826040842887 ], [ 54.656588067380383, 25.531826040842887 ], [ 54.656588067380383, 25.532095535428123 ], [ 54.656677898908796, 25.532095535428123 ], [ 54.656677898908796, 25.532185366956533 ], [ 54.65676773043721, 25.532185366956533 ], [ 54.65676773043721, 25.532095535428123 ], [ 54.656857561965623, 25.532095535428123 ], [ 54.656857561965623, 25.531915872371297 ], [ 54.656947393494036, 25.531915872371297 ], [ 54.656947393494036, 25.531826040842887 ], [ 54.67967477018226, 25.531826040842887 ], [ 54.67967477018226, 25.531915872371297 ], [ 54.679764601710673, 25.531915872371297 ], [ 54.679764601710673, 25.531826040842887 ], [ 54.695574950711176, 25.531826040842887 ], [ 54.695574950711176, 25.532634524598592 ], [ 54.695664782239582, 25.532634524598592 ], [ 54.695664782239582, 25.532904019183828 ], [ 54.695574950711176, 25.532904019183828 ], [ 54.695574950711176, 25.5334430083543 ], [ 54.695485119182763, 25.5334430083543 ], [ 54.695485119182763, 25.53389216599636 ], [ 54.695574950711176, 25.53389216599636 ], [ 54.695574950711176, 25.533981997524773 ], [ 54.695664782239582, 25.533981997524773 ], [ 54.695664782239582, 25.534071829053186 ], [ 54.695754613767996, 25.534071829053186 ], [ 54.695754613767996, 25.534161660581596 ], [ 54.696113939881648, 25.534161660581596 ], [ 54.696113939881648, 25.534251492110009 ], [ 54.696293602938468, 25.534251492110009 ], [ 54.696293602938468, 25.534341323638422 ], [ 54.696473265995294, 25.534341323638422 ], [ 54.696473265995294, 25.534431155166832 ], [ 54.696563097523708, 25.534431155166832 ], [ 54.696563097523708, 25.534520986695245 ], [ 54.696742760580527, 25.534520986695245 ], [ 54.696742760580527, 25.534700649752068 ], [ 54.696922423637353, 25.534700649752068 ], [ 54.696922423637353, 25.534790481280481 ], [ 54.697012255165767, 25.534790481280481 ], [ 54.697012255165767, 25.534880312808891 ], [ 54.69710208669418, 25.534880312808891 ], [ 54.69710208669418, 25.534970144337304 ], [ 54.697281749750999, 25.534970144337304 ], [ 54.697281749750999, 25.535059975865718 ], [ 54.697641075864645, 25.535059975865718 ], [ 54.697641075864645, 25.535149807394127 ], [ 54.698090233506711, 25.535149807394127 ], [ 54.698090233506711, 25.53523963892254 ], [ 54.698359728091944, 25.53523963892254 ], [ 54.698359728091944, 25.535329470450954 ], [ 54.698449559620357, 25.535329470450954 ], [ 54.698449559620357, 25.535419301979363 ], [ 54.698539391148771, 25.535419301979363 ], [ 54.698539391148771, 25.535509133507777 ], [ 54.698629222677184, 25.535509133507777 ], [ 54.698629222677184, 25.535598965036186 ], [ 54.69871905420559, 25.535598965036186 ], [ 54.69871905420559, 25.5356887965646 ], [ 54.698808885734003, 25.5356887965646 ], [ 54.698808885734003, 25.535958291149836 ], [ 54.698898717262416, 25.535958291149836 ], [ 54.698898717262416, 25.536048122678249 ], [ 54.69898854879083, 25.536048122678249 ], [ 54.69898854879083, 25.536137954206659 ], [ 54.699168211847649, 25.536137954206659 ], [ 54.699168211847649, 25.536227785735072 ], [ 54.699258043376062, 25.536227785735072 ], [ 54.699258043376062, 25.536317617263485 ], [ 54.699437706432889, 25.536317617263485 ], [ 54.699437706432889, 25.536407448791895 ], [ 54.699527537961302, 25.536407448791895 ], [ 54.699527537961302, 25.536497280320308 ], [ 54.699617369489715, 25.536497280320308 ], [ 54.699617369489715, 25.536587111848718 ], [ 54.699707201018121, 25.536587111848718 ], [ 54.699707201018121, 25.536766774905544 ], [ 54.699886864074948, 25.536766774905544 ], [ 54.699886864074948, 25.536856606433954 ], [ 54.699976695603361, 25.536856606433954 ], [ 54.699976695603361, 25.536946437962367 ], [ 54.70015635866018, 25.536946437962367 ], [ 54.70015635866018, 25.53703626949078 ], [ 54.700336021717007, 25.53703626949078 ], [ 54.700336021717007, 25.537305764076017 ], [ 54.70042585324542, 25.537305764076017 ], [ 54.70042585324542, 25.53748542713284 ], [ 54.700515684773833, 25.53748542713284 ], [ 54.700515684773833, 25.537575258661249 ], [ 54.700605516302247, 25.537575258661249 ], [ 54.700605516302247, 25.537665090189662 ], [ 54.700695347830653, 25.537665090189662 ], [ 54.700695347830653, 25.537754921718076 ], [ 54.700785179359066, 25.537754921718076 ], [ 54.700785179359066, 25.537934584774899 ], [ 54.700875010887479, 25.537934584774899 ], [ 54.700875010887479, 25.538293910888548 ], [ 54.700964842415893, 25.538293910888548 ], [ 54.700964842415893, 25.538383742416958 ], [ 54.701054673944306, 25.538383742416958 ], [ 54.701054673944306, 25.538563405473781 ], [ 54.701144505472712, 25.538563405473781 ], [ 54.701144505472712, 25.539461720757902 ], [ 54.701234337001125, 25.539461720757902 ], [ 54.701234337001125, 25.539641383814725 ], [ 54.701324168529538, 25.539641383814725 ], [ 54.701324168529538, 25.539910878399962 ], [ 54.701414000057952, 25.539910878399962 ], [ 54.701414000057952, 25.540090541456784 ], [ 54.701503831586365, 25.540090541456784 ], [ 54.701503831586365, 25.540360036042021 ], [ 54.701593663114778, 25.540360036042021 ], [ 54.701593663114778, 25.540449867570434 ], [ 54.701503831586365, 25.540449867570434 ], [ 54.701503831586365, 25.540539699098844 ], [ 54.701593663114778, 25.540539699098844 ], [ 54.701593663114778, 25.540629530627257 ], [ 54.701683494643184, 25.540629530627257 ], [ 54.701683494643184, 25.54080919368408 ], [ 54.701773326171597, 25.54080919368408 ], [ 54.701773326171597, 25.541078688269316 ], [ 54.701863157700011, 25.541078688269316 ], [ 54.701863157700011, 25.541168519797729 ], [ 54.701952989228424, 25.541168519797729 ], [ 54.701952989228424, 25.541348182854552 ], [ 54.702132652285243, 25.541348182854552 ], [ 54.702132652285243, 25.541438014382965 ], [ 54.702222483813657, 25.541438014382965 ], [ 54.702222483813657, 25.541527845911375 ], [ 54.702402146870483, 25.541527845911375 ], [ 54.702402146870483, 25.541438014382965 ], [ 54.70258180992731, 25.541438014382965 ], [ 54.70258180992731, 25.541527845911375 ], [ 54.702761472984129, 25.541527845911375 ], [ 54.702761472984129, 25.554463586002697 ], [ 54.702671641455716, 25.554463586002697 ], [ 54.702671641455716, 25.55455341753111 ], [ 54.702491978398896, 25.55455341753111 ], [ 54.702491978398896, 25.55464324905952 ], [ 54.70231231534207, 25.55464324905952 ], [ 54.70231231534207, 25.554733080587933 ], [ 54.701952989228424, 25.554733080587933 ], [ 54.701952989228424, 25.554822912116347 ], [ 54.70258180992731, 25.554822912116347 ], [ 54.70258180992731, 25.554912743644756 ], [ 54.702402146870483, 25.554912743644756 ], [ 54.702402146870483, 25.555092406701583 ], [ 54.70258180992731, 25.555092406701583 ], [ 54.70258180992731, 25.555451732815229 ], [ 54.702671641455716, 25.555451732815229 ], [ 54.702671641455716, 25.555541564343642 ], [ 54.702761472984129, 25.555541564343642 ], [ 54.702761472984129, 25.557607689497114 ], [ 54.702671641455716, 25.557607689497114 ], [ 54.702671641455716, 25.557787352553941 ], [ 54.70258180992731, 25.557787352553941 ], [ 54.70258180992731, 25.557967015610764 ], [ 54.702402146870483, 25.557967015610764 ], [ 54.702402146870483, 25.557787352553941 ], [ 54.702222483813657, 25.557787352553941 ], [ 54.702222483813657, 25.557697521025528 ], [ 54.701683494643184, 25.557697521025528 ], [ 54.701683494643184, 25.557607689497114 ], [ 54.701593663114778, 25.557607689497114 ], [ 54.701593663114778, 25.557697521025528 ], [ 54.700964842415893, 25.557697521025528 ], [ 54.700964842415893, 25.557787352553941 ], [ 54.700605516302247, 25.557787352553941 ], [ 54.700605516302247, 25.557697521025528 ], [ 54.700336021717007, 25.557697521025528 ], [ 54.700336021717007, 25.557607689497114 ], [ 54.70015635866018, 25.557607689497114 ], [ 54.70015635866018, 25.557517857968705 ], [ 54.700066527131774, 25.557517857968705 ], [ 54.700066527131774, 25.557428026440292 ], [ 54.699886864074948, 25.557428026440292 ], [ 54.699886864074948, 25.557338194911882 ], [ 54.699797032546535, 25.557338194911882 ], [ 54.699797032546535, 25.557248363383469 ], [ 54.699707201018121, 25.557248363383469 ], [ 54.699707201018121, 25.557158531855055 ], [ 54.699617369489715, 25.557158531855055 ], [ 54.699617369489715, 25.557068700326646 ], [ 54.699527537961302, 25.557068700326646 ], [ 54.699527537961302, 25.556889037269819 ], [ 54.699437706432889, 25.556889037269819 ], [ 54.699437706432889, 25.55679920574141 ], [ 54.699347874904475, 25.55679920574141 ], [ 54.699347874904475, 25.556619542684583 ], [ 54.699258043376062, 25.556619542684583 ], [ 54.699258043376062, 25.556529711156173 ], [ 54.699168211847649, 25.556529711156173 ], [ 54.699168211847649, 25.55635004809935 ], [ 54.69898854879083, 25.55635004809935 ], [ 54.69898854879083, 25.556260216570937 ], [ 54.698090233506711, 25.556260216570937 ], [ 54.698090233506711, 25.556170385042524 ], [ 54.697910570449885, 25.556170385042524 ], [ 54.697910570449885, 25.556080553514114 ], [ 54.697820738921472, 25.556080553514114 ], [ 54.697820738921472, 25.555990721985701 ], [ 54.697641075864645, 25.555990721985701 ], [ 54.697641075864645, 25.555900890457288 ], [ 54.697551244336239, 25.555900890457288 ], [ 54.697551244336239, 25.555811058928878 ], [ 54.697461412807826, 25.555811058928878 ], [ 54.697461412807826, 25.555721227400465 ], [ 54.697371581279413, 25.555721227400465 ], [ 54.697371581279413, 25.555541564343642 ], [ 54.697281749750999, 25.555541564343642 ], [ 54.697281749750999, 25.555272069758406 ], [ 54.697191918222586, 25.555272069758406 ], [ 54.697191918222586, 25.554822912116347 ], [ 54.696922423637353, 25.554822912116347 ], [ 54.696922423637353, 25.554733080587933 ], [ 54.696652929052114, 25.554733080587933 ], [ 54.696652929052114, 25.55464324905952 ], [ 54.696473265995294, 25.55464324905952 ], [ 54.696473265995294, 25.55455341753111 ], [ 54.696203771410055, 25.55455341753111 ], [ 54.696203771410055, 25.554463586002697 ], [ 54.696293602938468, 25.554463586002697 ], [ 54.696293602938468, 25.554373754474287 ], [ 54.696203771410055, 25.554373754474287 ], [ 54.696203771410055, 25.554283922945874 ], [ 54.696113939881648, 25.554283922945874 ], [ 54.696113939881648, 25.553834765303815 ], [ 54.696203771410055, 25.553834765303815 ], [ 54.696203771410055, 25.553475439190166 ], [ 54.696113939881648, 25.553475439190166 ], [ 54.696113939881648, 25.553385607661756 ], [ 54.696024108353235, 25.553385607661756 ], [ 54.696024108353235, 25.553295776133343 ], [ 54.695485119182763, 25.553295776133343 ], [ 54.695485119182763, 25.55320594460493 ], [ 54.695215624597523, 25.55320594460493 ], [ 54.695215624597523, 25.55311611307652 ], [ 54.695035961540704, 25.55311611307652 ], [ 54.695035961540704, 25.553026281548107 ], [ 54.694946130012291, 25.553026281548107 ], [ 54.694946130012291, 25.552936450019693 ], [ 54.694766466955464, 25.552936450019693 ], [ 54.694766466955464, 25.552846618491284 ], [ 54.694676635427051, 25.552846618491284 ], [ 54.694676635427051, 25.55275678696287 ], [ 54.694586803898645, 25.55275678696287 ], [ 54.694586803898645, 25.552397460849225 ], [ 54.694227477784992, 25.552397460849225 ], [ 54.694227477784992, 25.552127966263988 ], [ 54.694137646256586, 25.552127966263988 ], [ 54.694137646256586, 25.551229650979867 ], [ 54.694047814728172, 25.551229650979867 ], [ 54.694047814728172, 25.551139819451457 ], [ 54.693957983199759, 25.551139819451457 ], [ 54.693957983199759, 25.55096015639463 ], [ 54.693778320142933, 25.55096015639463 ], [ 54.693778320142933, 25.550870324866221 ], [ 54.693688488614519, 25.550870324866221 ], [ 54.693688488614519, 25.550780493337808 ], [ 54.693598657086113, 25.550780493337808 ], [ 54.693598657086113, 25.550690661809394 ], [ 54.693418994029287, 25.550690661809394 ], [ 54.693418994029287, 25.550600830280985 ], [ 54.69323933097246, 25.550600830280985 ], [ 54.69323933097246, 25.550510998752571 ], [ 54.692790173330401, 25.550510998752571 ], [ 54.692790173330401, 25.550421167224162 ], [ 54.692520678745169, 25.550421167224162 ], [ 54.692520678745169, 25.550331335695748 ], [ 54.692430847216755, 25.550331335695748 ], [ 54.692430847216755, 25.550241504167335 ], [ 54.692341015688342, 25.550241504167335 ], [ 54.692341015688342, 25.550151672638926 ], [ 54.692251184159929, 25.550151672638926 ], [ 54.692251184159929, 25.549972009582099 ], [ 54.692071521103109, 25.549972009582099 ], [ 54.692071521103109, 25.549882178053689 ], [ 54.691891858046283, 25.549882178053689 ], [ 54.691891858046283, 25.549792346525276 ], [ 54.691712194989456, 25.549792346525276 ], [ 54.691712194989456, 25.549702514996863 ], [ 54.691532531932637, 25.549702514996863 ], [ 54.691532531932637, 25.549612683468453 ], [ 54.691442700404224, 25.549612683468453 ], [ 54.691442700404224, 25.54952285194004 ], [ 54.691263037347397, 25.54952285194004 ], [ 54.691263037347397, 25.54943302041163 ], [ 54.691173205818991, 25.54943302041163 ], [ 54.691173205818991, 25.549343188883217 ], [ 54.691083374290578, 25.549343188883217 ], [ 54.691083374290578, 25.549163525826394 ], [ 54.690993542762165, 25.549163525826394 ], [ 54.690993542762165, 25.549073694297981 ], [ 54.690903711233751, 25.549073694297981 ], [ 54.690903711233751, 25.548983862769568 ], [ 54.690813879705338, 25.548983862769568 ], [ 54.690813879705338, 25.548894031241158 ], [ 54.690724048176925, 25.548894031241158 ], [ 54.690724048176925, 25.548804199712745 ], [ 54.690634216648519, 25.548804199712745 ], [ 54.690634216648519, 25.548714368184331 ], [ 54.690544385120106, 25.548714368184331 ], [ 54.690544385120106, 25.548624536655922 ], [ 54.690005395949633, 25.548624536655922 ], [ 54.690005395949633, 25.548534705127508 ], [ 54.689825732892807, 25.548534705127508 ], [ 54.689825732892807, 25.548355042070686 ], [ 54.689735901364394, 25.548355042070686 ], [ 54.689735901364394, 25.548265210542272 ], [ 54.689646069835987, 25.548265210542272 ], [ 54.689646069835987, 25.548085547485449 ], [ 54.689556238307574, 25.548085547485449 ], [ 54.689556238307574, 25.547905884428626 ], [ 54.689466406779161, 25.547905884428626 ], [ 54.689466406779161, 25.5477262213718 ], [ 54.689376575250748, 25.5477262213718 ], [ 54.689376575250748, 25.547546558314977 ], [ 54.689286743722334, 25.547546558314977 ], [ 54.689286743722334, 25.547456726786567 ], [ 54.689196912193928, 25.547456726786567 ], [ 54.689196912193928, 25.547366895258154 ], [ 54.689107080665515, 25.547366895258154 ], [ 54.689107080665515, 25.547277063729741 ], [ 54.689017249137102, 25.547277063729741 ], [ 54.689017249137102, 25.547187232201331 ], [ 54.688837586080275, 25.547187232201331 ], [ 54.688837586080275, 25.547097400672918 ], [ 54.688747754551862, 25.547097400672918 ], [ 54.688747754551862, 25.547007569144505 ], [ 54.688657923023456, 25.547007569144505 ], [ 54.688657923023456, 25.546917737616095 ], [ 54.688568091495043, 25.546917737616095 ], [ 54.688568091495043, 25.546827906087682 ], [ 54.688388428438216, 25.546827906087682 ], [ 54.688388428438216, 25.546738074559268 ], [ 54.688208765381397, 25.546738074559268 ], [ 54.688208765381397, 25.546648243030859 ], [ 54.688118933852984, 25.546648243030859 ], [ 54.688118933852984, 25.546468579974036 ], [ 54.68802910232457, 25.546468579974036 ], [ 54.68802910232457, 25.546288916917209 ], [ 54.687939270796157, 25.546288916917209 ], [ 54.687939270796157, 25.5461990853888 ], [ 54.687669776210925, 25.5461990853888 ], [ 54.687669776210925, 25.546109253860386 ], [ 54.687310450097272, 25.546109253860386 ], [ 54.687310450097272, 25.546019422331973 ], [ 54.687220618568865, 25.546019422331973 ], [ 54.687220618568865, 25.545929590803564 ], [ 54.687130787040452, 25.545929590803564 ], [ 54.687130787040452, 25.54583975927515 ], [ 54.686951123983626, 25.54583975927515 ], [ 54.686951123983626, 25.545749927746737 ], [ 54.686771460926799, 25.545749927746737 ], [ 54.686771460926799, 25.545660096218327 ], [ 54.686681629398393, 25.545660096218327 ], [ 54.686681629398393, 25.545570264689914 ], [ 54.68659179786998, 25.545570264689914 ], [ 54.68659179786998, 25.545480433161504 ], [ 54.686501966341567, 25.545480433161504 ], [ 54.686501966341567, 25.545390601633091 ], [ 54.686232471756334, 25.545390601633091 ], [ 54.686232471756334, 25.545300770104678 ], [ 54.685962977171094, 25.545300770104678 ], [ 54.685962977171094, 25.545210938576268 ], [ 54.685693482585862, 25.545210938576268 ], [ 54.685693482585862, 25.545300770104678 ], [ 54.685603651057448, 25.545300770104678 ], [ 54.685603651057448, 25.545390601633091 ], [ 54.68488499883015, 25.545390601633091 ], [ 54.68488499883015, 25.545480433161504 ], [ 54.684525672716504, 25.545480433161504 ], [ 54.684525672716504, 25.545570264689914 ], [ 54.68443584118809, 25.545570264689914 ], [ 54.68443584118809, 25.545480433161504 ], [ 54.684346009659677, 25.545480433161504 ], [ 54.684346009659677, 25.545390601633091 ], [ 54.684256178131271, 25.545390601633091 ], [ 54.684256178131271, 25.545210938576268 ], [ 54.684166346602858, 25.545210938576268 ], [ 54.684166346602858, 25.545031275519442 ], [ 54.684076515074445, 25.545031275519442 ], [ 54.684076515074445, 25.544582117877383 ], [ 54.683986683546031, 25.544582117877383 ], [ 54.683986683546031, 25.54440245482056 ], [ 54.683896852017618, 25.54440245482056 ], [ 54.683896852017618, 25.544312623292146 ], [ 54.683627357432385, 25.544312623292146 ], [ 54.683627357432385, 25.544222791763737 ], [ 54.682818873676673, 25.544222791763737 ], [ 54.682818873676673, 25.544132960235324 ], [ 54.682549379091441, 25.544132960235324 ], [ 54.682549379091441, 25.54404312870691 ], [ 54.682279884506208, 25.54404312870691 ], [ 54.682279884506208, 25.543953297178501 ], [ 54.682190052977795, 25.543953297178501 ], [ 54.682190052977795, 25.54404312870691 ], [ 54.682100221449382, 25.54404312870691 ], [ 54.682100221449382, 25.544132960235324 ], [ 54.681561232278909, 25.544132960235324 ], [ 54.681561232278909, 25.54404312870691 ], [ 54.681381569222083, 25.54404312870691 ], [ 54.681381569222083, 25.544132960235324 ], [ 54.681291737693677, 25.544132960235324 ], [ 54.681291737693677, 25.544312623292146 ], [ 54.681201906165263, 25.544312623292146 ], [ 54.681201906165263, 25.54440245482056 ], [ 54.68111207463685, 25.54440245482056 ], [ 54.68111207463685, 25.544582117877383 ], [ 54.681022243108437, 25.544582117877383 ], [ 54.681022243108437, 25.544671949405796 ], [ 54.68084258005161, 25.544671949405796 ], [ 54.68084258005161, 25.544761780934206 ], [ 54.680752748523204, 25.544761780934206 ], [ 54.680752748523204, 25.544671949405796 ], [ 54.680303590881145, 25.544671949405796 ], [ 54.680303590881145, 25.544761780934206 ], [ 54.679944264767492, 25.544761780934206 ], [ 54.679944264767492, 25.544582117877383 ], [ 54.679854433239079, 25.544582117877383 ], [ 54.679854433239079, 25.544222791763737 ], [ 54.679764601710673, 25.544222791763737 ], [ 54.679764601710673, 25.54404312870691 ], [ 54.679584938653846, 25.54404312870691 ], [ 54.679584938653846, 25.544132960235324 ], [ 54.67940527559702, 25.544132960235324 ], [ 54.67940527559702, 25.54404312870691 ], [ 54.679315444068614, 25.54404312870691 ], [ 54.679315444068614, 25.544132960235324 ], [ 54.678866286426548, 25.544132960235324 ], [ 54.678866286426548, 25.54404312870691 ], [ 54.678776454898141, 25.54404312870691 ], [ 54.678776454898141, 25.543953297178501 ], [ 54.678596791841315, 25.543953297178501 ], [ 54.678596791841315, 25.543863465650087 ], [ 54.678506960312902, 25.543863465650087 ], [ 54.678506960312902, 25.543773634121674 ], [ 54.678417128784488, 25.543773634121674 ], [ 54.678417128784488, 25.543414308008028 ], [ 54.678506960312902, 25.543414308008028 ], [ 54.678506960312902, 25.543054981894379 ], [ 54.678417128784488, 25.543054981894379 ], [ 54.678417128784488, 25.542875318837556 ], [ 54.678327297256082, 25.542875318837556 ], [ 54.678327297256082, 25.542785487309143 ], [ 54.678147634199256, 25.542785487309143 ], [ 54.678147634199256, 25.542695655780733 ], [ 54.678057802670843, 25.542695655780733 ], [ 54.678057802670843, 25.54260582425232 ], [ 54.677967971142429, 25.54260582425232 ], [ 54.677967971142429, 25.542515992723906 ], [ 54.67778830808561, 25.542515992723906 ], [ 54.67778830808561, 25.542426161195497 ], [ 54.677339150443551, 25.542426161195497 ], [ 54.677339150443551, 25.542336329667084 ], [ 54.677069655858311, 25.542336329667084 ], [ 54.677069655858311, 25.542246498138674 ], [ 54.676800161273079, 25.542246498138674 ], [ 54.676800161273079, 25.542156666610261 ], [ 54.676620498216252, 25.542156666610261 ], [ 54.676620498216252, 25.542066835081847 ], [ 54.676440835159426, 25.542066835081847 ], [ 54.676440835159426, 25.541977003553438 ], [ 54.676171340574193, 25.541977003553438 ], [ 54.676171340574193, 25.541887172025024 ], [ 54.67608150904578, 25.541887172025024 ], [ 54.67608150904578, 25.541977003553438 ], [ 54.675812014460547, 25.541977003553438 ], [ 54.675812014460547, 25.542066835081847 ], [ 54.675362856818488, 25.542066835081847 ], [ 54.675362856818488, 25.542156666610261 ], [ 54.675273025290075, 25.542156666610261 ], [ 54.675273025290075, 25.541977003553438 ], [ 54.675003530704835, 25.541977003553438 ], [ 54.675003530704835, 25.541887172025024 ], [ 54.674913699176422, 25.541887172025024 ], [ 54.674913699176422, 25.541797340496611 ], [ 54.674644204591189, 25.541797340496611 ], [ 54.674644204591189, 25.541887172025024 ], [ 54.674464541534363, 25.541887172025024 ], [ 54.674464541534363, 25.542156666610261 ], [ 54.674554373062776, 25.542156666610261 ], [ 54.674554373062776, 25.542246498138674 ], [ 54.674644204591189, 25.542246498138674 ], [ 54.674644204591189, 25.54260582425232 ], [ 54.674554373062776, 25.54260582425232 ], [ 54.674554373062776, 25.542785487309143 ], [ 54.674464541534363, 25.542785487309143 ], [ 54.674464541534363, 25.542875318837556 ], [ 54.674374710005957, 25.542875318837556 ], [ 54.674374710005957, 25.542965150365969 ], [ 54.674284878477543, 25.542965150365969 ], [ 54.674284878477543, 25.543054981894379 ], [ 54.674015383892304, 25.543054981894379 ], [ 54.674015383892304, 25.542965150365969 ], [ 54.67392555236389, 25.542965150365969 ], [ 54.67392555236389, 25.542875318837556 ], [ 54.673835720835484, 25.542875318837556 ], [ 54.673835720835484, 25.542785487309143 ], [ 54.673745889307071, 25.542785487309143 ], [ 54.673745889307071, 25.542695655780733 ], [ 54.673656057778658, 25.542695655780733 ], [ 54.673656057778658, 25.54260582425232 ], [ 54.673476394721831, 25.54260582425232 ], [ 54.673476394721831, 25.542426161195497 ], [ 54.673296731665012, 25.542426161195497 ], [ 54.673296731665012, 25.542336329667084 ], [ 54.673117068608185, 25.542336329667084 ], [ 54.673117068608185, 25.542246498138674 ], [ 54.673027237079772, 25.542246498138674 ], [ 54.673027237079772, 25.541797340496611 ], [ 54.672847574022953, 25.541797340496611 ], [ 54.672847574022953, 25.541707508968202 ], [ 54.6724882479093, 25.541707508968202 ], [ 54.6724882479093, 25.541438014382965 ], [ 54.67230858485248, 25.541438014382965 ], [ 54.67230858485248, 25.541348182854552 ], [ 54.672128921795654, 25.541348182854552 ], [ 54.672128921795654, 25.541438014382965 ], [ 54.671859427210421, 25.541438014382965 ], [ 54.671859427210421, 25.541527845911375 ], [ 54.671500101096768, 25.541527845911375 ], [ 54.671500101096768, 25.541438014382965 ], [ 54.671589932625182, 25.541438014382965 ], [ 54.671589932625182, 25.541258351326142 ], [ 54.671679764153595, 25.541258351326142 ], [ 54.671679764153595, 25.541078688269316 ], [ 54.671589932625182, 25.541078688269316 ], [ 54.671589932625182, 25.540988856740906 ], [ 54.671500101096768, 25.540988856740906 ], [ 54.671500101096768, 25.540899025212493 ], [ 54.671140774983122, 25.540899025212493 ], [ 54.671140774983122, 25.54080919368408 ], [ 54.671050943454709, 25.54080919368408 ], [ 54.671050943454709, 25.54071936215567 ], [ 54.670961111926296, 25.54071936215567 ], [ 54.670961111926296, 25.540270204513611 ], [ 54.67060178581265, 25.540270204513611 ], [ 54.67060178581265, 25.540360036042021 ], [ 54.670332291227417, 25.540360036042021 ], [ 54.670332291227417, 25.540449867570434 ], [ 54.670242459699004, 25.540449867570434 ], [ 54.670242459699004, 25.54080919368408 ], [ 54.670152628170591, 25.54080919368408 ], [ 54.670152628170591, 25.540988856740906 ], [ 54.670062796642178, 25.540988856740906 ], [ 54.670062796642178, 25.541258351326142 ], [ 54.670422122755831, 25.541258351326142 ], [ 54.670422122755831, 25.541527845911375 ], [ 54.670511954284237, 25.541527845911375 ], [ 54.670511954284237, 25.541887172025024 ], [ 54.670422122755831, 25.541887172025024 ], [ 54.670422122755831, 25.541977003553438 ], [ 54.669883133585358, 25.541977003553438 ], [ 54.669883133585358, 25.542066835081847 ], [ 54.669703470528532, 25.542066835081847 ], [ 54.669703470528532, 25.542246498138674 ], [ 54.669793302056945, 25.542246498138674 ], [ 54.669793302056945, 25.542156666610261 ], [ 54.669883133585358, 25.542156666610261 ], [ 54.669883133585358, 25.542246498138674 ], [ 54.669972965113764, 25.542246498138674 ], [ 54.669972965113764, 25.542336329667084 ], [ 54.670152628170591, 25.542336329667084 ], [ 54.670152628170591, 25.542426161195497 ], [ 54.670242459699004, 25.542426161195497 ], [ 54.670242459699004, 25.542515992723906 ], [ 54.670691617341063, 25.542515992723906 ], [ 54.670691617341063, 25.542426161195497 ], [ 54.670781448869477, 25.542426161195497 ], [ 54.670781448869477, 25.542336329667084 ], [ 54.671230606511536, 25.542336329667084 ], [ 54.671230606511536, 25.542246498138674 ], [ 54.671589932625182, 25.542246498138674 ], [ 54.671589932625182, 25.542336329667084 ], [ 54.671679764153595, 25.542336329667084 ], [ 54.671679764153595, 25.542426161195497 ], [ 54.671769595682008, 25.542426161195497 ], [ 54.671769595682008, 25.54260582425232 ], [ 54.671679764153595, 25.54260582425232 ], [ 54.671679764153595, 25.542695655780733 ], [ 54.671589932625182, 25.542695655780733 ], [ 54.671589932625182, 25.542785487309143 ], [ 54.671679764153595, 25.542785487309143 ], [ 54.671679764153595, 25.542875318837556 ], [ 54.671769595682008, 25.542875318837556 ], [ 54.671769595682008, 25.542965150365969 ], [ 54.671859427210421, 25.542965150365969 ], [ 54.671859427210421, 25.543054981894379 ], [ 54.671949258738827, 25.543054981894379 ], [ 54.671949258738827, 25.543144813422792 ], [ 54.672128921795654, 25.543144813422792 ], [ 54.672128921795654, 25.543234644951205 ], [ 54.672039090267241, 25.543234644951205 ], [ 54.672039090267241, 25.543773634121674 ], [ 54.672128921795654, 25.543773634121674 ], [ 54.672128921795654, 25.544132960235324 ], [ 54.672218753324067, 25.544132960235324 ], [ 54.672218753324067, 25.54440245482056 ], [ 54.672039090267241, 25.54440245482056 ], [ 54.672039090267241, 25.544492286348969 ], [ 54.671769595682008, 25.544492286348969 ], [ 54.671769595682008, 25.544671949405796 ], [ 54.671859427210421, 25.544671949405796 ], [ 54.671859427210421, 25.545300770104678 ], [ 54.671949258738827, 25.545300770104678 ], [ 54.671949258738827, 25.545570264689914 ], [ 54.672039090267241, 25.545570264689914 ], [ 54.672039090267241, 25.545660096218327 ], [ 54.673027237079772, 25.545660096218327 ], [ 54.673027237079772, 25.545570264689914 ], [ 54.673476394721831, 25.545570264689914 ], [ 54.673476394721831, 25.545660096218327 ], [ 54.673566226250244, 25.545660096218327 ], [ 54.673566226250244, 25.54583975927515 ], [ 54.673656057778658, 25.54583975927515 ], [ 54.673656057778658, 25.545929590803564 ], [ 54.673745889307071, 25.545929590803564 ], [ 54.673745889307071, 25.546917737616095 ], [ 54.673656057778658, 25.546917737616095 ], [ 54.673656057778658, 25.547007569144505 ], [ 54.673566226250244, 25.547007569144505 ], [ 54.673566226250244, 25.547187232201331 ], [ 54.673476394721831, 25.547187232201331 ], [ 54.673476394721831, 25.547905884428626 ], [ 54.673566226250244, 25.547905884428626 ], [ 54.673566226250244, 25.548085547485449 ], [ 54.673656057778658, 25.548085547485449 ], [ 54.673656057778658, 25.548355042070686 ], [ 54.673745889307071, 25.548355042070686 ], [ 54.673745889307071, 25.548624536655922 ], [ 54.673835720835484, 25.548624536655922 ], [ 54.673835720835484, 25.549253357354804 ], [ 54.673745889307071, 25.549253357354804 ], [ 54.673745889307071, 25.549343188883217 ], [ 54.673656057778658, 25.549343188883217 ], [ 54.673656057778658, 25.54943302041163 ], [ 54.673566226250244, 25.54943302041163 ], [ 54.673566226250244, 25.54952285194004 ], [ 54.673476394721831, 25.54952285194004 ], [ 54.673476394721831, 25.549612683468453 ], [ 54.673386563193425, 25.549612683468453 ], [ 54.673386563193425, 25.549702514996863 ], [ 54.673296731665012, 25.549702514996863 ], [ 54.673296731665012, 25.549792346525276 ], [ 54.673206900136599, 25.549792346525276 ], [ 54.673206900136599, 25.549972009582099 ], [ 54.673117068608185, 25.549972009582099 ], [ 54.673117068608185, 25.550061841110512 ], [ 54.672847574022953, 25.550061841110512 ], [ 54.672847574022953, 25.549972009582099 ], [ 54.672757742494539, 25.549972009582099 ], [ 54.672757742494539, 25.549882178053689 ], [ 54.672667910966126, 25.549882178053689 ], [ 54.672667910966126, 25.549702514996863 ], [ 54.672578079437713, 25.549702514996863 ], [ 54.672578079437713, 25.54943302041163 ], [ 54.6724882479093, 25.54943302041163 ], [ 54.6724882479093, 25.549343188883217 ], [ 54.672398416380894, 25.549343188883217 ], [ 54.672398416380894, 25.549163525826394 ], [ 54.67230858485248, 25.549163525826394 ], [ 54.67230858485248, 25.549073694297981 ], [ 54.672218753324067, 25.549073694297981 ], [ 54.672218753324067, 25.548894031241158 ], [ 54.672128921795654, 25.548894031241158 ], [ 54.672128921795654, 25.548804199712745 ], [ 54.672039090267241, 25.548804199712745 ], [ 54.672039090267241, 25.548624536655922 ], [ 54.671949258738827, 25.548624536655922 ], [ 54.671949258738827, 25.548265210542272 ], [ 54.671859427210421, 25.548265210542272 ], [ 54.671859427210421, 25.54763638984339 ], [ 54.671949258738827, 25.54763638984339 ], [ 54.671949258738827, 25.547546558314977 ], [ 54.672039090267241, 25.547546558314977 ], [ 54.672039090267241, 25.547456726786567 ], [ 54.672128921795654, 25.547456726786567 ], [ 54.672128921795654, 25.547366895258154 ], [ 54.672218753324067, 25.547366895258154 ], [ 54.672218753324067, 25.547187232201331 ], [ 54.67230858485248, 25.547187232201331 ], [ 54.67230858485248, 25.547007569144505 ], [ 54.672398416380894, 25.547007569144505 ], [ 54.672398416380894, 25.546648243030859 ], [ 54.67230858485248, 25.546648243030859 ], [ 54.67230858485248, 25.546558411502446 ], [ 54.672218753324067, 25.546558411502446 ], [ 54.672218753324067, 25.546378748445623 ], [ 54.672128921795654, 25.546378748445623 ], [ 54.672128921795654, 25.546288916917209 ], [ 54.671589932625182, 25.546288916917209 ], [ 54.671589932625182, 25.546378748445623 ], [ 54.671320438039949, 25.546378748445623 ], [ 54.671320438039949, 25.546468579974036 ], [ 54.67087128039789, 25.546468579974036 ], [ 54.67087128039789, 25.546288916917209 ], [ 54.670691617341063, 25.546288916917209 ], [ 54.670691617341063, 25.5461990853888 ], [ 54.670332291227417, 25.5461990853888 ], [ 54.670332291227417, 25.546109253860386 ], [ 54.670062796642178, 25.546109253860386 ], [ 54.670062796642178, 25.546019422331973 ], [ 54.669703470528532, 25.546019422331973 ], [ 54.669703470528532, 25.546109253860386 ], [ 54.669523807471705, 25.546109253860386 ], [ 54.669523807471705, 25.5461990853888 ], [ 54.669433975943299, 25.5461990853888 ], [ 54.669433975943299, 25.546288916917209 ], [ 54.669344144414886, 25.546288916917209 ], [ 54.669344144414886, 25.546468579974036 ], [ 54.669433975943299, 25.546468579974036 ], [ 54.669433975943299, 25.546558411502446 ], [ 54.669523807471705, 25.546558411502446 ], [ 54.669523807471705, 25.546738074559268 ], [ 54.669613639000119, 25.546738074559268 ], [ 54.669613639000119, 25.546827906087682 ], [ 54.669703470528532, 25.546827906087682 ], [ 54.669703470528532, 25.547007569144505 ], [ 54.669793302056945, 25.547007569144505 ], [ 54.669793302056945, 25.547097400672918 ], [ 54.669883133585358, 25.547097400672918 ], [ 54.669883133585358, 25.547187232201331 ], [ 54.670062796642178, 25.547187232201331 ], [ 54.670062796642178, 25.547277063729741 ], [ 54.670152628170591, 25.547277063729741 ], [ 54.670152628170591, 25.547366895258154 ], [ 54.670242459699004, 25.547366895258154 ], [ 54.670242459699004, 25.547816052900213 ], [ 54.670332291227417, 25.547816052900213 ], [ 54.670332291227417, 25.548175379013863 ], [ 54.670422122755831, 25.548175379013863 ], [ 54.670422122755831, 25.548265210542272 ], [ 54.67060178581265, 25.548265210542272 ], [ 54.67060178581265, 25.548355042070686 ], [ 54.670691617341063, 25.548355042070686 ], [ 54.670691617341063, 25.548444873599099 ], [ 54.670781448869477, 25.548444873599099 ], [ 54.670781448869477, 25.548624536655922 ], [ 54.67087128039789, 25.548624536655922 ], [ 54.67087128039789, 25.548714368184331 ], [ 54.670961111926296, 25.548714368184331 ], [ 54.670961111926296, 25.548894031241158 ], [ 54.671050943454709, 25.548894031241158 ], [ 54.671050943454709, 25.549073694297981 ], [ 54.671140774983122, 25.549073694297981 ], [ 54.671140774983122, 25.549163525826394 ], [ 54.671230606511536, 25.549163525826394 ], [ 54.671230606511536, 25.549253357354804 ], [ 54.671320438039949, 25.549253357354804 ], [ 54.671320438039949, 25.54943302041163 ], [ 54.671410269568362, 25.54943302041163 ], [ 54.671410269568362, 25.549702514996863 ], [ 54.671500101096768, 25.549702514996863 ], [ 54.671500101096768, 25.549882178053689 ], [ 54.671589932625182, 25.549882178053689 ], [ 54.671589932625182, 25.549972009582099 ], [ 54.671679764153595, 25.549972009582099 ], [ 54.671679764153595, 25.550241504167335 ], [ 54.671769595682008, 25.550241504167335 ], [ 54.671769595682008, 25.550421167224162 ], [ 54.671859427210421, 25.550421167224162 ], [ 54.671859427210421, 25.550510998752571 ], [ 54.671949258738827, 25.550510998752571 ], [ 54.671949258738827, 25.550870324866221 ], [ 54.672039090267241, 25.550870324866221 ], [ 54.672039090267241, 25.551049987923044 ], [ 54.672128921795654, 25.551049987923044 ], [ 54.672128921795654, 25.551229650979867 ], [ 54.672218753324067, 25.551229650979867 ], [ 54.672218753324067, 25.551409314036693 ], [ 54.67230858485248, 25.551409314036693 ], [ 54.67230858485248, 25.551499145565103 ], [ 54.672398416380894, 25.551499145565103 ], [ 54.672398416380894, 25.551678808621926 ], [ 54.6724882479093, 25.551678808621926 ], [ 54.6724882479093, 25.551858471678752 ], [ 54.672578079437713, 25.551858471678752 ], [ 54.672578079437713, 25.551948303207162 ], [ 54.672667910966126, 25.551948303207162 ], [ 54.672667910966126, 25.552038134735575 ], [ 54.672757742494539, 25.552038134735575 ], [ 54.672757742494539, 25.552127966263988 ], [ 54.673027237079772, 25.552127966263988 ], [ 54.673027237079772, 25.552307629320811 ], [ 54.673117068608185, 25.552307629320811 ], [ 54.673117068608185, 25.552397460849225 ], [ 54.673206900136599, 25.552397460849225 ], [ 54.673206900136599, 25.552487292377634 ], [ 54.673386563193425, 25.552487292377634 ], [ 54.673386563193425, 25.552397460849225 ], [ 54.673745889307071, 25.552397460849225 ], [ 54.673745889307071, 25.552487292377634 ], [ 54.67392555236389, 25.552487292377634 ], [ 54.67392555236389, 25.552846618491284 ], [ 54.674015383892304, 25.552846618491284 ], [ 54.674015383892304, 25.553744933775402 ], [ 54.674105215420717, 25.553744933775402 ], [ 54.674105215420717, 25.553834765303815 ], [ 54.67419504694913, 25.553834765303815 ], [ 54.67419504694913, 25.553924596832225 ], [ 54.674284878477543, 25.553924596832225 ], [ 54.674284878477543, 25.554014428360638 ], [ 54.674374710005957, 25.554014428360638 ], [ 54.674374710005957, 25.554194091417461 ], [ 54.674464541534363, 25.554194091417461 ], [ 54.674464541534363, 25.554373754474287 ], [ 54.674554373062776, 25.554373754474287 ], [ 54.674554373062776, 25.55464324905952 ], [ 54.674464541534363, 25.55464324905952 ], [ 54.674464541534363, 25.554822912116347 ], [ 54.675003530704835, 25.554822912116347 ], [ 54.675003530704835, 25.554912743644756 ], [ 54.675093362233248, 25.554912743644756 ], [ 54.675093362233248, 25.555361901286819 ], [ 54.675183193761661, 25.555361901286819 ], [ 54.675183193761661, 25.555541564343642 ], [ 54.675273025290075, 25.555541564343642 ], [ 54.675273025290075, 25.556080553514114 ], [ 54.675362856818488, 25.556080553514114 ], [ 54.675362856818488, 25.55643987962776 ], [ 54.675452688346894, 25.55643987962776 ], [ 54.675452688346894, 25.557158531855055 ], [ 54.675542519875307, 25.557158531855055 ], [ 54.675542519875307, 25.557607689497114 ], [ 54.675632351403721, 25.557607689497114 ], [ 54.675632351403721, 25.557877184082351 ], [ 54.675722182932134, 25.557877184082351 ], [ 54.675722182932134, 25.557967015610764 ], [ 54.675812014460547, 25.557967015610764 ], [ 54.675812014460547, 25.558056847139177 ], [ 54.675901845988953, 25.558056847139177 ], [ 54.675901845988953, 25.558146678667587 ], [ 54.675991677517366, 25.558146678667587 ], [ 54.675991677517366, 25.558326341724413 ], [ 54.67608150904578, 25.558326341724413 ], [ 54.67608150904578, 25.558595836309646 ], [ 54.676171340574193, 25.558595836309646 ], [ 54.676171340574193, 25.558775499366472 ], [ 54.676261172102606, 25.558775499366472 ], [ 54.676261172102606, 25.558955162423295 ], [ 54.676351003631019, 25.558955162423295 ], [ 54.676351003631019, 25.559404320065354 ], [ 54.676261172102606, 25.559404320065354 ], [ 54.676261172102606, 25.559673814650591 ], [ 54.676351003631019, 25.559673814650591 ], [ 54.676351003631019, 25.56003314076424 ], [ 54.676261172102606, 25.56003314076424 ], [ 54.676261172102606, 25.560212803821063 ], [ 54.676171340574193, 25.560212803821063 ], [ 54.676171340574193, 25.560841624519945 ], [ 54.67608150904578, 25.560841624519945 ], [ 54.67608150904578, 25.560931456048358 ], [ 54.675991677517366, 25.560931456048358 ], [ 54.675991677517366, 25.561021287576771 ], [ 54.676351003631019, 25.561021287576771 ], [ 54.676351003631019, 25.560841624519945 ], [ 54.676261172102606, 25.560841624519945 ], [ 54.676261172102606, 25.560751792991535 ], [ 54.676351003631019, 25.560751792991535 ], [ 54.676351003631019, 25.560661961463122 ], [ 54.676530666687839, 25.560661961463122 ], [ 54.676530666687839, 25.560572129934712 ], [ 54.676710329744665, 25.560572129934712 ], [ 54.676710329744665, 25.560661961463122 ], [ 54.676800161273079, 25.560661961463122 ], [ 54.676800161273079, 25.560751792991535 ], [ 54.676889992801485, 25.560751792991535 ], [ 54.676889992801485, 25.560841624519945 ], [ 54.676979824329898, 25.560841624519945 ], [ 54.676979824329898, 25.561200950633594 ], [ 54.677069655858311, 25.561200950633594 ], [ 54.677069655858311, 25.561560276747244 ], [ 54.676979824329898, 25.561560276747244 ], [ 54.676979824329898, 25.561829771332476 ], [ 54.676889992801485, 25.561829771332476 ], [ 54.676889992801485, 25.56191960286089 ], [ 54.676800161273079, 25.56191960286089 ], [ 54.676800161273079, 25.562009434389303 ], [ 54.676710329744665, 25.562009434389303 ], [ 54.676710329744665, 25.562099265917713 ], [ 54.676620498216252, 25.562099265917713 ], [ 54.676620498216252, 25.562189097446126 ], [ 54.676530666687839, 25.562189097446126 ], [ 54.676530666687839, 25.562278928974539 ], [ 54.676440835159426, 25.562278928974539 ], [ 54.676440835159426, 25.562458592031362 ], [ 54.676530666687839, 25.562458592031362 ], [ 54.676530666687839, 25.562638255088185 ], [ 54.676889992801485, 25.562638255088185 ], [ 54.676889992801485, 25.562548423559775 ], [ 54.677069655858311, 25.562548423559775 ], [ 54.677069655858311, 25.562638255088185 ], [ 54.677159487386724, 25.562638255088185 ], [ 54.677159487386724, 25.562458592031362 ], [ 54.677249318915138, 25.562458592031362 ], [ 54.677249318915138, 25.562638255088185 ], [ 54.677428981971957, 25.562638255088185 ], [ 54.677428981971957, 25.562907749673421 ], [ 54.67751881350037, 25.562907749673421 ], [ 54.67751881350037, 25.563177244258657 ], [ 54.677428981971957, 25.563177244258657 ], [ 54.677428981971957, 25.563267075787071 ], [ 54.677339150443551, 25.563267075787071 ], [ 54.677339150443551, 25.56335690731548 ], [ 54.677249318915138, 25.56335690731548 ], [ 54.677249318915138, 25.563446738843894 ], [ 54.677159487386724, 25.563446738843894 ], [ 54.677159487386724, 25.563626401900716 ], [ 54.677069655858311, 25.563626401900716 ], [ 54.677069655858311, 25.563895896485953 ], [ 54.677159487386724, 25.563895896485953 ], [ 54.677159487386724, 25.564075559542776 ], [ 54.677249318915138, 25.564075559542776 ], [ 54.677249318915138, 25.564165391071189 ], [ 54.677339150443551, 25.564165391071189 ], [ 54.677339150443551, 25.564255222599602 ], [ 54.67751881350037, 25.564255222599602 ], [ 54.67751881350037, 25.564345054128012 ], [ 54.677698476557197, 25.564345054128012 ], [ 54.677698476557197, 25.564524717184838 ], [ 54.67778830808561, 25.564524717184838 ], [ 54.67778830808561, 25.564704380241661 ], [ 54.677878139614016, 25.564704380241661 ], [ 54.677878139614016, 25.564973874826897 ], [ 54.677967971142429, 25.564973874826897 ], [ 54.677967971142429, 25.565243369412133 ], [ 54.678057802670843, 25.565243369412133 ], [ 54.678057802670843, 25.565423032468956 ], [ 54.678147634199256, 25.565423032468956 ], [ 54.678147634199256, 25.565602695525779 ], [ 54.678237465727669, 25.565602695525779 ], [ 54.678237465727669, 25.565692527054193 ], [ 54.678417128784488, 25.565692527054193 ], [ 54.678417128784488, 25.565782358582602 ], [ 54.678596791841315, 25.565782358582602 ], [ 54.678596791841315, 25.566051853167838 ], [ 54.678686623369728, 25.566051853167838 ], [ 54.678686623369728, 25.566141684696252 ], [ 54.678596791841315, 25.566141684696252 ], [ 54.678596791841315, 25.566411179281488 ], [ 54.678417128784488, 25.566411179281488 ], [ 54.678417128784488, 25.566321347753075 ], [ 54.678327297256082, 25.566321347753075 ], [ 54.678327297256082, 25.566231516224665 ], [ 54.678237465727669, 25.566231516224665 ], [ 54.678237465727669, 25.566051853167838 ], [ 54.678147634199256, 25.566051853167838 ], [ 54.678147634199256, 25.565872190111016 ], [ 54.678057802670843, 25.565872190111016 ], [ 54.678057802670843, 25.565782358582602 ], [ 54.677698476557197, 25.565782358582602 ], [ 54.677698476557197, 25.565692527054193 ], [ 54.677069655858311, 25.565692527054193 ], [ 54.677069655858311, 25.565782358582602 ], [ 54.676979824329898, 25.565782358582602 ], [ 54.676979824329898, 25.565872190111016 ], [ 54.677069655858311, 25.565872190111016 ], [ 54.677069655858311, 25.566141684696252 ], [ 54.676889992801485, 25.566141684696252 ], [ 54.676889992801485, 25.566231516224665 ], [ 54.676979824329898, 25.566231516224665 ], [ 54.676979824329898, 25.566321347753075 ], [ 54.677069655858311, 25.566321347753075 ], [ 54.677069655858311, 25.566411179281488 ], [ 54.677159487386724, 25.566411179281488 ], [ 54.677159487386724, 25.566501010809901 ], [ 54.677249318915138, 25.566501010809901 ], [ 54.677249318915138, 25.566590842338311 ], [ 54.677878139614016, 25.566590842338311 ], [ 54.677878139614016, 25.566680673866724 ], [ 54.678237465727669, 25.566680673866724 ], [ 54.678237465727669, 25.566860336923547 ], [ 54.678327297256082, 25.566860336923547 ], [ 54.678327297256082, 25.56695016845196 ], [ 54.678237465727669, 25.56695016845196 ], [ 54.678237465727669, 25.567219663037196 ], [ 54.678327297256082, 25.567219663037196 ], [ 54.678327297256082, 25.567309494565606 ], [ 54.678237465727669, 25.567309494565606 ], [ 54.678237465727669, 25.567578989150842 ], [ 54.678147634199256, 25.567578989150842 ], [ 54.678147634199256, 25.567668820679256 ], [ 54.678057802670843, 25.567668820679256 ], [ 54.678057802670843, 25.567758652207665 ], [ 54.678147634199256, 25.567758652207665 ], [ 54.678147634199256, 25.567938315264492 ], [ 54.678237465727669, 25.567938315264492 ], [ 54.678237465727669, 25.568297641378138 ], [ 54.678147634199256, 25.568297641378138 ], [ 54.678147634199256, 25.568477304434964 ], [ 54.678057802670843, 25.568477304434964 ], [ 54.678057802670843, 25.568656967491787 ], [ 54.678147634199256, 25.568656967491787 ], [ 54.678147634199256, 25.568926462077023 ], [ 54.678237465727669, 25.568926462077023 ], [ 54.678237465727669, 25.569106125133846 ], [ 54.678327297256082, 25.569106125133846 ], [ 54.678327297256082, 25.569195956662259 ], [ 54.678506960312902, 25.569195956662259 ], [ 54.678506960312902, 25.569285788190669 ], [ 54.678596791841315, 25.569285788190669 ], [ 54.678596791841315, 25.569375619719082 ], [ 54.678686623369728, 25.569375619719082 ], [ 54.678686623369728, 25.569465451247495 ], [ 54.678776454898141, 25.569465451247495 ], [ 54.678776454898141, 25.569555282775905 ], [ 54.679315444068614, 25.569555282775905 ], [ 54.679315444068614, 25.569734945832728 ], [ 54.67940527559702, 25.569734945832728 ], [ 54.67940527559702, 25.569465451247495 ], [ 54.679584938653846, 25.569465451247495 ], [ 54.679584938653846, 25.569645114304318 ], [ 54.679764601710673, 25.569645114304318 ], [ 54.679764601710673, 25.568207809849728 ], [ 54.679854433239079, 25.568207809849728 ], [ 54.679854433239079, 25.567938315264492 ], [ 54.680034096295905, 25.567938315264492 ], [ 54.680034096295905, 25.567848483736078 ], [ 54.680213759352732, 25.567848483736078 ], [ 54.680213759352732, 25.567938315264492 ], [ 54.680303590881145, 25.567938315264492 ], [ 54.680303590881145, 25.568028146792901 ], [ 54.680393422409551, 25.568028146792901 ], [ 54.680393422409551, 25.568477304434964 ], [ 54.680483253937965, 25.568477304434964 ], [ 54.680483253937965, 25.568567135963374 ], [ 54.680573085466378, 25.568567135963374 ], [ 54.680573085466378, 25.568656967491787 ], [ 54.680662916994791, 25.568656967491787 ], [ 54.680662916994791, 25.568746799020197 ], [ 54.680752748523204, 25.568746799020197 ], [ 54.680752748523204, 25.568926462077023 ], [ 54.68084258005161, 25.568926462077023 ], [ 54.68084258005161, 25.569106125133846 ], [ 54.680932411580024, 25.569106125133846 ], [ 54.680932411580024, 25.569195956662259 ], [ 54.681022243108437, 25.569195956662259 ], [ 54.681022243108437, 25.569375619719082 ], [ 54.680932411580024, 25.569375619719082 ], [ 54.680932411580024, 25.569555282775905 ], [ 54.68084258005161, 25.569555282775905 ], [ 54.68084258005161, 25.570363766531614 ], [ 54.680932411580024, 25.570363766531614 ], [ 54.680932411580024, 25.570543429588437 ], [ 54.681022243108437, 25.570543429588437 ], [ 54.681022243108437, 25.57063326111685 ], [ 54.68111207463685, 25.57063326111685 ], [ 54.68111207463685, 25.57072309264526 ], [ 54.681201906165263, 25.57072309264526 ], [ 54.681201906165263, 25.570812924173673 ], [ 54.681291737693677, 25.570812924173673 ], [ 54.681291737693677, 25.570992587230496 ], [ 54.681381569222083, 25.570992587230496 ], [ 54.681381569222083, 25.571172250287322 ], [ 54.681471400750496, 25.571172250287322 ], [ 54.681471400750496, 25.573058712383972 ], [ 54.681561232278909, 25.573058712383972 ], [ 54.681561232278909, 25.573597701554444 ], [ 54.681651063807323, 25.573597701554444 ], [ 54.681651063807323, 25.573777364611267 ], [ 54.681740895335736, 25.573777364611267 ], [ 54.681740895335736, 25.57395702766809 ], [ 54.681830726864142, 25.57395702766809 ], [ 54.681830726864142, 25.574675679895385 ], [ 54.681740895335736, 25.574675679895385 ], [ 54.681740895335736, 25.574765511423799 ], [ 54.681561232278909, 25.574765511423799 ], [ 54.681561232278909, 25.574855342952212 ], [ 54.681381569222083, 25.574855342952212 ], [ 54.681381569222083, 25.574945174480622 ], [ 54.681201906165263, 25.574945174480622 ], [ 54.681201906165263, 25.575035006009035 ], [ 54.68111207463685, 25.575035006009035 ], [ 54.68111207463685, 25.575124837537448 ], [ 54.681022243108437, 25.575124837537448 ], [ 54.681022243108437, 25.575214669065858 ], [ 54.680932411580024, 25.575214669065858 ], [ 54.680932411580024, 25.575304500594271 ], [ 54.68084258005161, 25.575304500594271 ], [ 54.68084258005161, 25.575663826707917 ], [ 54.680932411580024, 25.575663826707917 ], [ 54.680932411580024, 25.575843489764743 ], [ 54.681022243108437, 25.575843489764743 ], [ 54.681022243108437, 25.576023152821566 ], [ 54.68111207463685, 25.576023152821566 ], [ 54.68111207463685, 25.576292647406802 ], [ 54.681201906165263, 25.576292647406802 ], [ 54.681201906165263, 25.576562141992039 ], [ 54.681291737693677, 25.576562141992039 ], [ 54.681291737693677, 25.576921468105684 ], [ 54.681381569222083, 25.576921468105684 ], [ 54.681381569222083, 25.57764012033298 ], [ 54.681201906165263, 25.57764012033298 ], [ 54.681201906165263, 25.577819783389806 ], [ 54.680932411580024, 25.577819783389806 ], [ 54.680932411580024, 25.577999446446629 ], [ 54.681022243108437, 25.577999446446629 ], [ 54.681022243108437, 25.578179109503452 ], [ 54.68111207463685, 25.578179109503452 ], [ 54.68111207463685, 25.578718098673924 ], [ 54.681022243108437, 25.578718098673924 ], [ 54.681022243108437, 25.579077424787574 ], [ 54.68111207463685, 25.579077424787574 ], [ 54.68111207463685, 25.579257087844397 ], [ 54.681201906165263, 25.579257087844397 ], [ 54.681201906165263, 25.579526582429633 ], [ 54.681291737693677, 25.579526582429633 ], [ 54.681291737693677, 25.579796077014869 ], [ 54.681381569222083, 25.579796077014869 ], [ 54.681381569222083, 25.579885908543279 ], [ 54.681471400750496, 25.579885908543279 ], [ 54.681471400750496, 25.580514729242164 ], [ 54.681561232278909, 25.580514729242164 ], [ 54.681561232278909, 25.580604560770578 ], [ 54.681471400750496, 25.580604560770578 ], [ 54.681471400750496, 25.580784223827401 ], [ 54.681291737693677, 25.580784223827401 ], [ 54.681291737693677, 25.58087405535581 ], [ 54.681201906165263, 25.58087405535581 ], [ 54.681201906165263, 25.581053718412637 ], [ 54.68111207463685, 25.581053718412637 ], [ 54.68111207463685, 25.581143549941046 ], [ 54.681022243108437, 25.581143549941046 ], [ 54.681022243108437, 25.581323212997873 ], [ 54.680932411580024, 25.581323212997873 ], [ 54.680932411580024, 25.581592707583109 ], [ 54.681022243108437, 25.581592707583109 ], [ 54.681022243108437, 25.582940180509286 ], [ 54.68111207463685, 25.582940180509286 ], [ 54.68111207463685, 25.583119843566109 ], [ 54.681201906165263, 25.583119843566109 ], [ 54.681201906165263, 25.583209675094523 ], [ 54.681291737693677, 25.583209675094523 ], [ 54.681291737693677, 25.583389338151346 ], [ 54.681471400750496, 25.583389338151346 ], [ 54.681471400750496, 25.583479169679759 ], [ 54.681651063807323, 25.583479169679759 ], [ 54.681651063807323, 25.583569001208172 ], [ 54.681830726864142, 25.583569001208172 ], [ 54.681830726864142, 25.583658832736582 ], [ 54.682010389920968, 25.583658832736582 ], [ 54.682010389920968, 25.583748664264995 ], [ 54.682190052977795, 25.583748664264995 ], [ 54.682190052977795, 25.583838495793405 ], [ 54.682279884506208, 25.583838495793405 ], [ 54.682279884506208, 25.583928327321818 ], [ 54.682369716034614, 25.583928327321818 ], [ 54.682369716034614, 25.584018158850231 ], [ 54.682459547563028, 25.584018158850231 ], [ 54.682459547563028, 25.584107990378641 ], [ 54.682639210619854, 25.584107990378641 ], [ 54.682639210619854, 25.584197821907054 ], [ 54.682729042148267, 25.584197821907054 ], [ 54.682729042148267, 25.584287653435467 ], [ 54.682818873676673, 25.584287653435467 ], [ 54.682818873676673, 25.584377484963877 ], [ 54.682908705205087, 25.584377484963877 ], [ 54.682908705205087, 25.58446731649229 ], [ 54.6829985367335, 25.58446731649229 ], [ 54.6829985367335, 25.584826642605936 ], [ 54.683088368261913, 25.584826642605936 ], [ 54.683088368261913, 25.585365631776408 ], [ 54.6829985367335, 25.585365631776408 ], [ 54.6829985367335, 25.585545294833235 ], [ 54.682908705205087, 25.585545294833235 ], [ 54.682908705205087, 25.585724957890058 ], [ 54.682818873676673, 25.585724957890058 ], [ 54.682818873676673, 25.585904620946881 ], [ 54.682908705205087, 25.585904620946881 ], [ 54.682908705205087, 25.586174115532117 ], [ 54.6829985367335, 25.586174115532117 ], [ 54.6829985367335, 25.58635377858894 ], [ 54.683088368261913, 25.58635377858894 ], [ 54.683088368261913, 25.586713104702589 ], [ 54.6829985367335, 25.586713104702589 ], [ 54.6829985367335, 25.586802936230999 ], [ 54.682818873676673, 25.586802936230999 ], [ 54.682818873676673, 25.586892767759412 ], [ 54.682639210619854, 25.586892767759412 ], [ 54.682639210619854, 25.586982599287825 ], [ 54.682549379091441, 25.586982599287825 ], [ 54.682549379091441, 25.587072430816235 ], [ 54.682369716034614, 25.587072430816235 ], [ 54.682369716034614, 25.587162262344648 ], [ 54.682459547563028, 25.587162262344648 ], [ 54.682459547563028, 25.587252093873062 ], [ 54.682369716034614, 25.587252093873062 ], [ 54.682369716034614, 25.587341925401471 ], [ 54.682459547563028, 25.587341925401471 ], [ 54.682459547563028, 25.587701251515121 ], [ 54.682549379091441, 25.587701251515121 ], [ 54.682549379091441, 25.587970746100357 ], [ 54.682639210619854, 25.587970746100357 ], [ 54.682639210619854, 25.588330072214003 ], [ 54.682549379091441, 25.588330072214003 ], [ 54.682549379091441, 25.588599566799239 ], [ 54.682639210619854, 25.588599566799239 ], [ 54.682639210619854, 25.588689398327652 ], [ 54.682729042148267, 25.588689398327652 ], [ 54.682729042148267, 25.589048724441298 ], [ 54.682818873676673, 25.589048724441298 ], [ 54.682818873676673, 25.589228387498125 ], [ 54.682908705205087, 25.589228387498125 ], [ 54.682908705205087, 25.589408050554947 ], [ 54.6829985367335, 25.589408050554947 ], [ 54.6829985367335, 25.589767376668593 ], [ 54.683088368261913, 25.589767376668593 ], [ 54.683088368261913, 25.59003687125383 ], [ 54.6829985367335, 25.59003687125383 ], [ 54.6829985367335, 25.590126702782243 ], [ 54.682908705205087, 25.590126702782243 ], [ 54.682908705205087, 25.590575860424302 ], [ 54.682818873676673, 25.590575860424302 ], [ 54.682818873676673, 25.590665691952715 ], [ 54.682908705205087, 25.590665691952715 ], [ 54.682908705205087, 25.590935186537951 ], [ 54.6829985367335, 25.590935186537951 ], [ 54.6829985367335, 25.591204681123187 ], [ 54.682908705205087, 25.591204681123187 ], [ 54.682908705205087, 25.591564007236833 ], [ 54.6829985367335, 25.591564007236833 ], [ 54.6829985367335, 25.591653838765247 ], [ 54.682908705205087, 25.591653838765247 ], [ 54.682908705205087, 25.591923333350483 ], [ 54.682818873676673, 25.591923333350483 ], [ 54.682818873676673, 25.592192827935719 ], [ 54.682729042148267, 25.592192827935719 ], [ 54.682729042148267, 25.592282659464129 ], [ 54.682639210619854, 25.592282659464129 ], [ 54.682639210619854, 25.592372490992542 ], [ 54.682549379091441, 25.592372490992542 ], [ 54.682549379091441, 25.592462322520955 ], [ 54.682459547563028, 25.592462322520955 ], [ 54.682459547563028, 25.592731817106188 ], [ 54.682639210619854, 25.592731817106188 ], [ 54.682639210619854, 25.592821648634601 ], [ 54.682729042148267, 25.592821648634601 ], [ 54.682729042148267, 25.59318097474825 ], [ 54.682818873676673, 25.59318097474825 ], [ 54.682818873676673, 25.59327080627666 ], [ 54.682908705205087, 25.59327080627666 ], [ 54.682908705205087, 25.593450469333487 ], [ 54.6829985367335, 25.593450469333487 ], [ 54.6829985367335, 25.593540300861896 ], [ 54.683088368261913, 25.593540300861896 ], [ 54.683088368261913, 25.593630132390309 ], [ 54.683178199790326, 25.593630132390309 ], [ 54.683178199790326, 25.593719963918723 ], [ 54.683807020489205, 25.593719963918723 ], [ 54.683807020489205, 25.593809795447132 ], [ 54.683896852017618, 25.593809795447132 ], [ 54.683896852017618, 25.593899626975546 ], [ 54.684076515074445, 25.593899626975546 ], [ 54.684076515074445, 25.593989458503955 ], [ 54.684166346602858, 25.593989458503955 ], [ 54.684166346602858, 25.594169121560782 ], [ 54.684256178131271, 25.594169121560782 ], [ 54.684256178131271, 25.594258953089192 ], [ 54.684346009659677, 25.594258953089192 ], [ 54.684346009659677, 25.594348784617605 ], [ 54.68443584118809, 25.594348784617605 ], [ 54.68443584118809, 25.594887773788077 ], [ 54.684346009659677, 25.594887773788077 ], [ 54.684346009659677, 25.5950674368449 ], [ 54.68443584118809, 25.5950674368449 ], [ 54.68443584118809, 25.595247099901723 ], [ 54.684346009659677, 25.595247099901723 ], [ 54.684346009659677, 25.595336931430136 ], [ 54.68443584118809, 25.595336931430136 ], [ 54.68443584118809, 25.595426762958549 ], [ 54.684346009659677, 25.595426762958549 ], [ 54.684346009659677, 25.595516594486959 ], [ 54.68443584118809, 25.595516594486959 ], [ 54.68443584118809, 25.595786089072195 ], [ 54.684525672716504, 25.595786089072195 ], [ 54.684525672716504, 25.596145415185845 ], [ 54.684615504244917, 25.596145415185845 ], [ 54.684615504244917, 25.596414909771081 ], [ 54.68470533577333, 25.596414909771081 ], [ 54.68470533577333, 25.596504741299491 ], [ 54.684795167301736, 25.596504741299491 ], [ 54.684795167301736, 25.596594572827904 ], [ 54.68488499883015, 25.596594572827904 ], [ 54.68488499883015, 25.596684404356317 ], [ 54.684974830358563, 25.596684404356317 ], [ 54.684974830358563, 25.596774235884727 ], [ 54.685064661886976, 25.596774235884727 ], [ 54.685064661886976, 25.59686406741314 ], [ 54.685154493415389, 25.59686406741314 ], [ 54.685154493415389, 25.59695389894155 ], [ 54.685334156472209, 25.59695389894155 ], [ 54.685334156472209, 25.597043730469963 ], [ 54.685423988000622, 25.597043730469963 ], [ 54.685423988000622, 25.597133561998376 ], [ 54.685513819529035, 25.597133561998376 ], [ 54.685513819529035, 25.597223393526786 ], [ 54.685603651057448, 25.597223393526786 ], [ 54.685603651057448, 25.597403056583612 ], [ 54.685693482585862, 25.597403056583612 ], [ 54.685693482585862, 25.597672551168849 ], [ 54.685783314114268, 25.597672551168849 ], [ 54.685783314114268, 25.598031877282494 ], [ 54.685693482585862, 25.598031877282494 ], [ 54.685693482585862, 25.598211540339317 ], [ 54.685603651057448, 25.598211540339317 ], [ 54.685603651057448, 25.598391203396144 ], [ 54.685513819529035, 25.598391203396144 ], [ 54.685513819529035, 25.598481034924554 ], [ 54.685423988000622, 25.598481034924554 ], [ 54.685423988000622, 25.598570866452967 ], [ 54.685244324943802, 25.598570866452967 ], [ 54.685244324943802, 25.59866069798138 ], [ 54.685154493415389, 25.59866069798138 ], [ 54.685154493415389, 25.59875052950979 ], [ 54.685064661886976, 25.59875052950979 ], [ 54.685064661886976, 25.599020024095026 ], [ 54.684974830358563, 25.599020024095026 ], [ 54.684974830358563, 25.599738676322321 ], [ 54.685064661886976, 25.599738676322321 ], [ 54.685064661886976, 25.600008170907557 ], [ 54.685154493415389, 25.600008170907557 ], [ 54.685154493415389, 25.600457328549616 ], [ 54.685244324943802, 25.600457328549616 ], [ 54.685244324943802, 25.600636991606443 ], [ 54.685064661886976, 25.600636991606443 ], [ 54.685064661886976, 25.600816654663266 ], [ 54.68470533577333, 25.600816654663266 ], [ 54.68470533577333, 25.601175980776912 ], [ 54.684615504244917, 25.601175980776912 ], [ 54.684615504244917, 25.601355643833738 ], [ 54.68470533577333, 25.601355643833738 ], [ 54.68470533577333, 25.601625138418974 ], [ 54.684795167301736, 25.601625138418974 ], [ 54.684795167301736, 25.601714969947384 ], [ 54.68488499883015, 25.601714969947384 ], [ 54.68488499883015, 25.602882779816738 ], [ 54.684974830358563, 25.602882779816738 ], [ 54.684974830358563, 25.603242105930388 ], [ 54.685064661886976, 25.603242105930388 ], [ 54.685064661886976, 25.603601432044037 ], [ 54.684974830358563, 25.603601432044037 ], [ 54.684974830358563, 25.604140421214506 ], [ 54.68488499883015, 25.604140421214506 ], [ 54.68488499883015, 25.604409915799742 ], [ 54.684795167301736, 25.604409915799742 ], [ 54.684795167301736, 25.604499747328155 ], [ 54.684615504244917, 25.604499747328155 ], [ 54.684615504244917, 25.604589578856569 ], [ 54.68443584118809, 25.604589578856569 ], [ 54.68443584118809, 25.605038736498628 ], [ 54.684615504244917, 25.605038736498628 ], [ 54.684615504244917, 25.605308231083864 ], [ 54.68470533577333, 25.605308231083864 ], [ 54.68470533577333, 25.605847220254333 ], [ 54.684795167301736, 25.605847220254333 ], [ 54.684795167301736, 25.605937051782746 ], [ 54.68488499883015, 25.605937051782746 ], [ 54.68488499883015, 25.606026883311159 ], [ 54.684974830358563, 25.606026883311159 ], [ 54.684974830358563, 25.606206546367982 ], [ 54.685154493415389, 25.606206546367982 ], [ 54.685154493415389, 25.606386209424805 ], [ 54.685244324943802, 25.606386209424805 ], [ 54.685244324943802, 25.606565872481632 ], [ 54.685154493415389, 25.606565872481632 ], [ 54.685154493415389, 25.606745535538455 ], [ 54.685064661886976, 25.606745535538455 ], [ 54.685064661886976, 25.606925198595277 ], [ 54.684974830358563, 25.606925198595277 ], [ 54.684974830358563, 25.607015030123691 ], [ 54.68488499883015, 25.607015030123691 ], [ 54.68488499883015, 25.607284524708927 ], [ 54.684795167301736, 25.607284524708927 ], [ 54.684795167301736, 25.607374356237337 ], [ 54.684346009659677, 25.607374356237337 ], [ 54.684346009659677, 25.60746418776575 ], [ 54.684256178131271, 25.60746418776575 ], [ 54.684256178131271, 25.607554019294163 ], [ 54.684076515074445, 25.607554019294163 ], [ 54.684076515074445, 25.607643850822573 ], [ 54.683986683546031, 25.607643850822573 ], [ 54.683986683546031, 25.607733682350986 ], [ 54.683896852017618, 25.607733682350986 ], [ 54.683896852017618, 25.607823513879396 ], [ 54.683717188960799, 25.607823513879396 ], [ 54.683717188960799, 25.607733682350986 ], [ 54.683447694375559, 25.607733682350986 ], [ 54.683447694375559, 25.607823513879396 ], [ 54.683357862847146, 25.607823513879396 ], [ 54.683357862847146, 25.607913345407809 ], [ 54.683537525903972, 25.607913345407809 ], [ 54.683537525903972, 25.608003176936222 ], [ 54.683627357432385, 25.608003176936222 ], [ 54.683627357432385, 25.608093008464632 ], [ 54.683537525903972, 25.608093008464632 ], [ 54.683537525903972, 25.608272671521458 ], [ 54.683627357432385, 25.608272671521458 ], [ 54.683627357432385, 25.608452334578281 ], [ 54.683717188960799, 25.608452334578281 ], [ 54.683717188960799, 25.608542166106695 ], [ 54.683627357432385, 25.608542166106695 ], [ 54.683627357432385, 25.608811660691927 ], [ 54.683717188960799, 25.608811660691927 ], [ 54.683717188960799, 25.608991323748754 ], [ 54.683807020489205, 25.608991323748754 ], [ 54.683807020489205, 25.609081155277163 ], [ 54.683717188960799, 25.609081155277163 ], [ 54.683717188960799, 25.60926081833399 ], [ 54.683896852017618, 25.60926081833399 ], [ 54.683896852017618, 25.6093506498624 ], [ 54.684076515074445, 25.6093506498624 ], [ 54.684076515074445, 25.609440481390813 ], [ 54.684166346602858, 25.609440481390813 ], [ 54.684166346602858, 25.609620144447636 ], [ 54.684256178131271, 25.609620144447636 ], [ 54.684256178131271, 25.609709975976049 ], [ 54.684166346602858, 25.609709975976049 ], [ 54.684166346602858, 25.609889639032872 ], [ 54.684256178131271, 25.609889639032872 ], [ 54.684256178131271, 25.609979470561285 ], [ 54.684525672716504, 25.609979470561285 ], [ 54.684525672716504, 25.610159133618108 ], [ 54.684615504244917, 25.610159133618108 ], [ 54.684615504244917, 25.610338796674931 ], [ 54.68470533577333, 25.610338796674931 ], [ 54.68470533577333, 25.610608291260167 ], [ 54.68488499883015, 25.610608291260167 ], [ 54.68488499883015, 25.61069812278858 ], [ 54.685064661886976, 25.61069812278858 ], [ 54.685064661886976, 25.610608291260167 ], [ 54.685154493415389, 25.610608291260167 ], [ 54.685154493415389, 25.610518459731757 ], [ 54.685334156472209, 25.610518459731757 ], [ 54.685334156472209, 25.610787954316994 ], [ 54.685244324943802, 25.610787954316994 ], [ 54.685244324943802, 25.611057448902226 ], [ 54.685334156472209, 25.611057448902226 ], [ 54.685334156472209, 25.611237111959053 ], [ 54.685423988000622, 25.611237111959053 ], [ 54.685423988000622, 25.611506606544289 ], [ 54.685603651057448, 25.611506606544289 ], [ 54.685603651057448, 25.611596438072699 ], [ 54.685783314114268, 25.611596438072699 ], [ 54.685783314114268, 25.611686269601112 ], [ 54.686681629398393, 25.611686269601112 ], [ 54.686681629398393, 25.611596438072699 ], [ 54.686771460926799, 25.611596438072699 ], [ 54.686771460926799, 25.611686269601112 ], [ 54.686951123983626, 25.611686269601112 ], [ 54.686951123983626, 25.611776101129525 ], [ 54.687490113154098, 25.611776101129525 ], [ 54.687490113154098, 25.611686269601112 ], [ 54.687669776210925, 25.611686269601112 ], [ 54.687669776210925, 25.611596438072699 ], [ 54.687579944682511, 25.611596438072699 ], [ 54.687579944682511, 25.611506606544289 ], [ 54.687490113154098, 25.611506606544289 ], [ 54.687490113154098, 25.611416775015876 ], [ 54.687669776210925, 25.611416775015876 ], [ 54.687669776210925, 25.611326943487462 ], [ 54.687579944682511, 25.611326943487462 ], [ 54.687579944682511, 25.611147280430639 ], [ 54.687669776210925, 25.611147280430639 ], [ 54.687669776210925, 25.611057448902226 ], [ 54.687579944682511, 25.611057448902226 ], [ 54.687579944682511, 25.610967617373817 ], [ 54.687669776210925, 25.610967617373817 ], [ 54.687669776210925, 25.610787954316994 ], [ 54.687759607739331, 25.610787954316994 ], [ 54.687759607739331, 25.610518459731757 ], [ 54.687849439267744, 25.610518459731757 ], [ 54.687849439267744, 25.610338796674931 ], [ 54.688118933852984, 25.610338796674931 ], [ 54.688118933852984, 25.610428628203344 ], [ 54.688298596909803, 25.610428628203344 ], [ 54.688298596909803, 25.610518459731757 ], [ 54.688388428438216, 25.610518459731757 ], [ 54.688388428438216, 25.61069812278858 ], [ 54.688568091495043, 25.61069812278858 ], [ 54.688568091495043, 25.610877785845403 ], [ 54.688657923023456, 25.610877785845403 ], [ 54.688657923023456, 25.610967617373817 ], [ 54.688747754551862, 25.610967617373817 ], [ 54.688747754551862, 25.611057448902226 ], [ 54.688837586080275, 25.611057448902226 ], [ 54.688837586080275, 25.611147280430639 ], [ 54.689017249137102, 25.611147280430639 ], [ 54.689017249137102, 25.611237111959053 ], [ 54.689107080665515, 25.611237111959053 ], [ 54.689107080665515, 25.611416775015876 ], [ 54.689196912193928, 25.611416775015876 ], [ 54.689196912193928, 25.611686269601112 ], [ 54.689286743722334, 25.611686269601112 ], [ 54.689286743722334, 25.611865932657935 ], [ 54.689825732892807, 25.611865932657935 ], [ 54.689825732892807, 25.611776101129525 ], [ 54.690095227478047, 25.611776101129525 ], [ 54.690095227478047, 25.611865932657935 ], [ 54.69018505900646, 25.611865932657935 ], [ 54.69018505900646, 25.612045595714758 ], [ 54.690274890534866, 25.612045595714758 ], [ 54.690274890534866, 25.612225258771584 ], [ 54.690364722063279, 25.612225258771584 ], [ 54.690364722063279, 25.612404921828407 ], [ 54.690454553591692, 25.612404921828407 ], [ 54.690454553591692, 25.61249475335682 ], [ 54.690544385120106, 25.61249475335682 ], [ 54.690544385120106, 25.61258458488523 ], [ 54.690634216648519, 25.61258458488523 ], [ 54.690634216648519, 25.612674416413643 ], [ 54.690724048176925, 25.612674416413643 ], [ 54.690724048176925, 25.612764247942057 ], [ 54.690813879705338, 25.612764247942057 ], [ 54.690813879705338, 25.612854079470466 ], [ 54.690903711233751, 25.612854079470466 ], [ 54.690903711233751, 25.613033742527289 ], [ 54.690993542762165, 25.613033742527289 ], [ 54.690993542762165, 25.613123574055702 ], [ 54.691083374290578, 25.613123574055702 ], [ 54.691083374290578, 25.613213405584116 ], [ 54.691173205818991, 25.613213405584116 ], [ 54.691173205818991, 25.613303237112525 ], [ 54.691263037347397, 25.613303237112525 ], [ 54.691263037347397, 25.613482900169352 ], [ 54.691352868875811, 25.613482900169352 ], [ 54.691352868875811, 25.613752394754588 ], [ 54.691263037347397, 25.613752394754588 ], [ 54.691263037347397, 25.613842226282998 ], [ 54.691173205818991, 25.613842226282998 ], [ 54.691173205818991, 25.613932057811411 ], [ 54.691083374290578, 25.613932057811411 ], [ 54.691083374290578, 25.614021889339821 ], [ 54.690993542762165, 25.614021889339821 ], [ 54.690993542762165, 25.614111720868234 ], [ 54.690903711233751, 25.614111720868234 ], [ 54.690903711233751, 25.614201552396647 ], [ 54.690813879705338, 25.614201552396647 ], [ 54.690813879705338, 25.614291383925057 ], [ 54.690724048176925, 25.614291383925057 ], [ 54.690724048176925, 25.614560878510293 ], [ 54.690813879705338, 25.614560878510293 ], [ 54.690813879705338, 25.614920204623942 ], [ 54.690903711233751, 25.614920204623942 ], [ 54.690903711233751, 25.615099867680765 ], [ 54.691083374290578, 25.615099867680765 ], [ 54.691083374290578, 25.615189699209179 ], [ 54.691173205818991, 25.615189699209179 ], [ 54.691173205818991, 25.615279530737588 ], [ 54.691263037347397, 25.615279530737588 ], [ 54.691263037347397, 25.615369362266001 ], [ 54.691532531932637, 25.615369362266001 ], [ 54.691532531932637, 25.615459193794415 ], [ 54.69162236346105, 25.615459193794415 ], [ 54.69162236346105, 25.615638856851238 ], [ 54.691712194989456, 25.615638856851238 ], [ 54.691712194989456, 25.615728688379651 ], [ 54.69180202651787, 25.615728688379651 ], [ 54.69180202651787, 25.615818519908061 ], [ 54.691891858046283, 25.615818519908061 ], [ 54.691891858046283, 25.615908351436474 ], [ 54.692071521103109, 25.615908351436474 ], [ 54.692071521103109, 25.615998182964884 ], [ 54.692161352631523, 25.615998182964884 ], [ 54.692161352631523, 25.61617784602171 ], [ 54.692251184159929, 25.61617784602171 ], [ 54.692251184159929, 25.61626767755012 ], [ 54.692341015688342, 25.61626767755012 ], [ 54.692341015688342, 25.616447340606946 ], [ 54.692430847216755, 25.616447340606946 ], [ 54.692430847216755, 25.616537172135356 ], [ 54.692520678745169, 25.616537172135356 ], [ 54.692520678745169, 25.616627003663769 ], [ 54.692610510273582, 25.616627003663769 ], [ 54.692610510273582, 25.616716835192182 ], [ 54.692700341801988, 25.616716835192182 ], [ 54.692700341801988, 25.616986329777415 ], [ 54.692790173330401, 25.616986329777415 ], [ 54.692790173330401, 25.617345655891064 ], [ 54.692880004858814, 25.617345655891064 ], [ 54.692880004858814, 25.617525318947887 ], [ 54.692969836387228, 25.617525318947887 ], [ 54.692969836387228, 25.617615150476301 ], [ 54.693059667915641, 25.617615150476301 ], [ 54.693059667915641, 25.617794813533123 ], [ 54.693149499444054, 25.617794813533123 ], [ 54.693149499444054, 25.617974476589946 ], [ 54.693059667915641, 25.617974476589946 ], [ 54.693059667915641, 25.618154139646773 ], [ 54.693149499444054, 25.618154139646773 ], [ 54.693149499444054, 25.618243971175183 ], [ 54.693329162500874, 25.618243971175183 ], [ 54.693329162500874, 25.618333802703596 ], [ 54.693418994029287, 25.618333802703596 ], [ 54.693418994029287, 25.618423634232009 ], [ 54.693329162500874, 25.618423634232009 ], [ 54.693329162500874, 25.618513465760419 ], [ 54.693149499444054, 25.618513465760419 ], [ 54.693149499444054, 25.618603297288832 ], [ 54.692880004858814, 25.618603297288832 ], [ 54.692880004858814, 25.618693128817245 ], [ 54.692700341801988, 25.618693128817245 ], [ 54.692700341801988, 25.618603297288832 ], [ 54.692341015688342, 25.618603297288832 ], [ 54.692341015688342, 25.618693128817245 ], [ 54.692071521103109, 25.618693128817245 ], [ 54.692071521103109, 25.618782960345655 ], [ 54.691981689574696, 25.618782960345655 ], [ 54.691981689574696, 25.618872791874068 ], [ 54.691891858046283, 25.618872791874068 ], [ 54.691891858046283, 25.618962623402478 ], [ 54.69180202651787, 25.618962623402478 ], [ 54.69180202651787, 25.619142286459304 ], [ 54.691712194989456, 25.619142286459304 ], [ 54.691712194989456, 25.619321949516127 ], [ 54.69162236346105, 25.619321949516127 ], [ 54.69162236346105, 25.619411781044541 ], [ 54.691442700404224, 25.619411781044541 ], [ 54.691442700404224, 25.619591444101363 ], [ 54.691352868875811, 25.619591444101363 ], [ 54.691352868875811, 25.619681275629777 ], [ 54.691442700404224, 25.619681275629777 ], [ 54.691442700404224, 25.6198609386866 ], [ 54.691532531932637, 25.6198609386866 ], [ 54.691532531932637, 25.619950770215009 ], [ 54.691712194989456, 25.619950770215009 ], [ 54.691712194989456, 25.620040601743423 ], [ 54.691981689574696, 25.620040601743423 ], [ 54.691981689574696, 25.619950770215009 ], [ 54.692161352631523, 25.619950770215009 ], [ 54.692161352631523, 25.6198609386866 ], [ 54.692790173330401, 25.6198609386866 ], [ 54.692790173330401, 25.619950770215009 ], [ 54.692969836387228, 25.619950770215009 ], [ 54.692969836387228, 25.620040601743423 ], [ 54.693059667915641, 25.620040601743423 ], [ 54.693059667915641, 25.620220264800246 ], [ 54.693149499444054, 25.620220264800246 ], [ 54.693149499444054, 25.620489759385482 ], [ 54.693059667915641, 25.620489759385482 ], [ 54.693059667915641, 25.620579590913895 ], [ 54.693149499444054, 25.620579590913895 ], [ 54.693149499444054, 25.620759253970718 ], [ 54.693059667915641, 25.620759253970718 ], [ 54.693059667915641, 25.620938917027541 ], [ 54.692880004858814, 25.620938917027541 ], [ 54.692880004858814, 25.621028748555954 ], [ 54.692700341801988, 25.621028748555954 ], [ 54.692700341801988, 25.621118580084367 ], [ 54.692610510273582, 25.621118580084367 ], [ 54.692610510273582, 25.621208411612777 ], [ 54.692161352631523, 25.621208411612777 ], [ 54.692161352631523, 25.621118580084367 ], [ 54.691981689574696, 25.621118580084367 ], [ 54.691981689574696, 25.621028748555954 ], [ 54.692161352631523, 25.621028748555954 ], [ 54.692161352631523, 25.620938917027541 ], [ 54.692251184159929, 25.620938917027541 ], [ 54.692251184159929, 25.620669422442308 ], [ 54.692161352631523, 25.620669422442308 ], [ 54.692161352631523, 25.620579590913895 ], [ 54.692071521103109, 25.620579590913895 ], [ 54.692071521103109, 25.620669422442308 ], [ 54.691891858046283, 25.620669422442308 ], [ 54.691891858046283, 25.620849085499131 ], [ 54.691712194989456, 25.620849085499131 ], [ 54.691712194989456, 25.620938917027541 ], [ 54.69162236346105, 25.620938917027541 ], [ 54.69162236346105, 25.621028748555954 ], [ 54.691263037347397, 25.621028748555954 ], [ 54.691263037347397, 25.621118580084367 ], [ 54.690903711233751, 25.621118580084367 ], [ 54.690903711233751, 25.621208411612777 ], [ 54.690813879705338, 25.621208411612777 ], [ 54.690813879705338, 25.62129824314119 ], [ 54.690724048176925, 25.62129824314119 ], [ 54.690724048176925, 25.621388074669603 ], [ 54.690544385120106, 25.621388074669603 ], [ 54.690544385120106, 25.621477906198013 ], [ 54.690364722063279, 25.621477906198013 ], [ 54.690364722063279, 25.62165756925484 ], [ 54.690274890534866, 25.62165756925484 ], [ 54.690274890534866, 25.621747400783249 ], [ 54.690364722063279, 25.621747400783249 ], [ 54.690364722063279, 25.621837232311663 ], [ 54.690274890534866, 25.621837232311663 ], [ 54.690274890534866, 25.621927063840072 ], [ 54.690095227478047, 25.621927063840072 ], [ 54.690095227478047, 25.622016895368485 ], [ 54.690005395949633, 25.622016895368485 ], [ 54.690005395949633, 25.621927063840072 ], [ 54.68991556442122, 25.621927063840072 ], [ 54.68991556442122, 25.621837232311663 ], [ 54.689735901364394, 25.621837232311663 ], [ 54.689735901364394, 25.62129824314119 ], [ 54.689466406779161, 25.62129824314119 ], [ 54.689466406779161, 25.621208411612777 ], [ 54.689196912193928, 25.621208411612777 ], [ 54.689196912193928, 25.621118580084367 ], [ 54.689107080665515, 25.621118580084367 ], [ 54.689107080665515, 25.621208411612777 ], [ 54.689017249137102, 25.621208411612777 ], [ 54.689017249137102, 25.621118580084367 ], [ 54.688747754551862, 25.621118580084367 ], [ 54.688747754551862, 25.621028748555954 ], [ 54.688657923023456, 25.621028748555954 ], [ 54.688657923023456, 25.620938917027541 ], [ 54.688568091495043, 25.620938917027541 ], [ 54.688568091495043, 25.620849085499131 ], [ 54.688388428438216, 25.620849085499131 ], [ 54.688388428438216, 25.620759253970718 ], [ 54.68802910232457, 25.620759253970718 ], [ 54.68802910232457, 25.620938917027541 ], [ 54.687939270796157, 25.620938917027541 ], [ 54.687939270796157, 25.621028748555954 ], [ 54.68802910232457, 25.621028748555954 ], [ 54.68802910232457, 25.621388074669603 ], [ 54.688118933852984, 25.621388074669603 ], [ 54.688118933852984, 25.621477906198013 ], [ 54.688298596909803, 25.621477906198013 ], [ 54.688298596909803, 25.621567737726426 ], [ 54.688568091495043, 25.621567737726426 ], [ 54.688568091495043, 25.62165756925484 ], [ 54.688657923023456, 25.62165756925484 ], [ 54.688657923023456, 25.621747400783249 ], [ 54.688747754551862, 25.621747400783249 ], [ 54.688747754551862, 25.622016895368485 ], [ 54.688837586080275, 25.622016895368485 ], [ 54.688837586080275, 25.622106726896899 ], [ 54.688927417608689, 25.622106726896899 ], [ 54.688927417608689, 25.622196558425308 ], [ 54.689017249137102, 25.622196558425308 ], [ 54.689017249137102, 25.622286389953722 ], [ 54.689107080665515, 25.622286389953722 ], [ 54.689107080665515, 25.622555884538958 ], [ 54.689196912193928, 25.622555884538958 ], [ 54.689196912193928, 25.622645716067371 ], [ 54.689286743722334, 25.622645716067371 ], [ 54.689286743722334, 25.622735547595781 ], [ 54.689376575250748, 25.622735547595781 ], [ 54.689376575250748, 25.622825379124194 ], [ 54.689466406779161, 25.622825379124194 ], [ 54.689466406779161, 25.622915210652604 ], [ 54.689825732892807, 25.622915210652604 ], [ 54.689825732892807, 25.622825379124194 ], [ 54.69018505900646, 25.622825379124194 ], [ 54.69018505900646, 25.622915210652604 ], [ 54.690454553591692, 25.622915210652604 ], [ 54.690454553591692, 25.623005042181017 ], [ 54.690544385120106, 25.623005042181017 ], [ 54.690544385120106, 25.62309487370943 ], [ 54.690634216648519, 25.62309487370943 ], [ 54.690634216648519, 25.623274536766253 ], [ 54.690724048176925, 25.623274536766253 ], [ 54.690724048176925, 25.623364368294666 ], [ 54.690813879705338, 25.623364368294666 ], [ 54.690813879705338, 25.623454199823076 ], [ 54.690903711233751, 25.623454199823076 ], [ 54.690903711233751, 25.623633862879903 ], [ 54.690813879705338, 25.623633862879903 ], [ 54.690813879705338, 25.623813525936725 ], [ 54.692071521103109, 25.623813525936725 ], [ 54.692071521103109, 25.624442346635607 ], [ 54.691981689574696, 25.624442346635607 ], [ 54.691981689574696, 25.624532178164021 ], [ 54.692071521103109, 25.624532178164021 ], [ 54.692071521103109, 25.624711841220844 ], [ 54.691981689574696, 25.624711841220844 ], [ 54.691981689574696, 25.625071167334493 ], [ 54.691442700404224, 25.625071167334493 ], [ 54.691442700404224, 25.625160998862903 ], [ 54.691352868875811, 25.625160998862903 ], [ 54.691352868875811, 25.625250830391316 ], [ 54.691263037347397, 25.625250830391316 ], [ 54.691263037347397, 25.625340661919729 ], [ 54.691173205818991, 25.625340661919729 ], [ 54.691173205818991, 25.625430493448139 ], [ 54.690993542762165, 25.625430493448139 ], [ 54.690993542762165, 25.625520324976552 ], [ 54.690454553591692, 25.625520324976552 ], [ 54.690454553591692, 25.625430493448139 ], [ 54.68991556442122, 25.625430493448139 ], [ 54.68991556442122, 25.625340661919729 ], [ 54.689825732892807, 25.625340661919729 ], [ 54.689825732892807, 25.625430493448139 ], [ 54.689286743722334, 25.625430493448139 ], [ 54.689286743722334, 25.625340661919729 ], [ 54.689107080665515, 25.625340661919729 ], [ 54.689107080665515, 25.625250830391316 ], [ 54.689017249137102, 25.625250830391316 ], [ 54.689017249137102, 25.625160998862903 ], [ 54.688927417608689, 25.625160998862903 ], [ 54.688927417608689, 25.625071167334493 ], [ 54.688837586080275, 25.625071167334493 ], [ 54.688837586080275, 25.62498133580608 ], [ 54.688747754551862, 25.62498133580608 ], [ 54.688747754551862, 25.624891504277667 ], [ 54.688657923023456, 25.624891504277667 ], [ 54.688657923023456, 25.624801672749257 ], [ 54.688568091495043, 25.624801672749257 ], [ 54.688568091495043, 25.624711841220844 ], [ 54.688388428438216, 25.624711841220844 ], [ 54.688388428438216, 25.624622009692434 ], [ 54.688298596909803, 25.624622009692434 ], [ 54.688298596909803, 25.624532178164021 ], [ 54.688208765381397, 25.624532178164021 ], [ 54.688208765381397, 25.624352515107198 ], [ 54.688118933852984, 25.624352515107198 ], [ 54.688118933852984, 25.624172852050371 ], [ 54.68802910232457, 25.624172852050371 ], [ 54.68802910232457, 25.624083020521962 ], [ 54.687939270796157, 25.624083020521962 ], [ 54.687939270796157, 25.623903357465135 ], [ 54.68802910232457, 25.623903357465135 ], [ 54.68802910232457, 25.623813525936725 ], [ 54.687400281625685, 25.623813525936725 ], [ 54.687400281625685, 25.623903357465135 ], [ 54.687490113154098, 25.623903357465135 ], [ 54.687490113154098, 25.623993188993548 ], [ 54.687579944682511, 25.623993188993548 ], [ 54.687579944682511, 25.624172852050371 ], [ 54.687759607739331, 25.624172852050371 ], [ 54.687759607739331, 25.624352515107198 ], [ 54.687669776210925, 25.624352515107198 ], [ 54.687669776210925, 25.624532178164021 ], [ 54.687579944682511, 25.624532178164021 ], [ 54.687579944682511, 25.624711841220844 ], [ 54.687490113154098, 25.624711841220844 ], [ 54.687490113154098, 25.624801672749257 ], [ 54.687310450097272, 25.624801672749257 ], [ 54.687310450097272, 25.624891504277667 ], [ 54.687220618568865, 25.624891504277667 ], [ 54.687220618568865, 25.624801672749257 ], [ 54.686861292455212, 25.624801672749257 ], [ 54.686861292455212, 25.624891504277667 ], [ 54.686681629398393, 25.624891504277667 ], [ 54.686681629398393, 25.624801672749257 ], [ 54.686501966341567, 25.624801672749257 ], [ 54.686501966341567, 25.624711841220844 ], [ 54.686412134813153, 25.624711841220844 ], [ 54.686412134813153, 25.624622009692434 ], [ 54.68632230328474, 25.624622009692434 ], [ 54.68632230328474, 25.624532178164021 ], [ 54.686232471756334, 25.624532178164021 ], [ 54.686232471756334, 25.624262683578785 ], [ 54.686142640227921, 25.624262683578785 ], [ 54.686142640227921, 25.624083020521962 ], [ 54.686052808699507, 25.624083020521962 ], [ 54.686052808699507, 25.623993188993548 ], [ 54.686142640227921, 25.623993188993548 ], [ 54.686142640227921, 25.623813525936725 ], [ 54.686771460926799, 25.623813525936725 ], [ 54.686771460926799, 25.623723694408312 ], [ 54.686501966341567, 25.623723694408312 ], [ 54.686501966341567, 25.623633862879903 ], [ 54.686412134813153, 25.623633862879903 ], [ 54.686412134813153, 25.623723694408312 ], [ 54.685873145642681, 25.623723694408312 ], [ 54.685873145642681, 25.623633862879903 ], [ 54.684615504244917, 25.623633862879903 ], [ 54.684615504244917, 25.623723694408312 ], [ 54.684525672716504, 25.623723694408312 ], [ 54.684525672716504, 25.623813525936725 ], [ 54.685423988000622, 25.623813525936725 ], [ 54.685423988000622, 25.623993188993548 ], [ 54.685513819529035, 25.623993188993548 ], [ 54.685513819529035, 25.624352515107198 ], [ 54.685423988000622, 25.624352515107198 ], [ 54.685423988000622, 25.624801672749257 ], [ 54.685513819529035, 25.624801672749257 ], [ 54.685513819529035, 25.625430493448139 ], [ 54.685603651057448, 25.625430493448139 ], [ 54.685603651057448, 25.625520324976552 ], [ 54.685693482585862, 25.625520324976552 ], [ 54.685693482585862, 25.625610156504965 ], [ 54.685783314114268, 25.625610156504965 ], [ 54.685783314114268, 25.625699988033375 ], [ 54.685873145642681, 25.625699988033375 ], [ 54.685873145642681, 25.625789819561788 ], [ 54.685962977171094, 25.625789819561788 ], [ 54.685962977171094, 25.625879651090202 ], [ 54.686232471756334, 25.625879651090202 ], [ 54.686232471756334, 25.625969482618611 ], [ 54.686412134813153, 25.625969482618611 ], [ 54.686412134813153, 25.626059314147025 ], [ 54.686681629398393, 25.626059314147025 ], [ 54.686681629398393, 25.625969482618611 ], [ 54.686771460926799, 25.625969482618611 ], [ 54.686771460926799, 25.625789819561788 ], [ 54.686861292455212, 25.625789819561788 ], [ 54.686861292455212, 25.625699988033375 ], [ 54.686951123983626, 25.625699988033375 ], [ 54.686951123983626, 25.625610156504965 ], [ 54.687040955512039, 25.625610156504965 ], [ 54.687040955512039, 25.625699988033375 ], [ 54.687220618568865, 25.625699988033375 ], [ 54.687220618568865, 25.625789819561788 ], [ 54.687579944682511, 25.625789819561788 ], [ 54.687579944682511, 25.625879651090202 ], [ 54.687669776210925, 25.625879651090202 ], [ 54.687669776210925, 25.625969482618611 ], [ 54.687939270796157, 25.625969482618611 ], [ 54.687939270796157, 25.626059314147025 ], [ 54.68802910232457, 25.626059314147025 ], [ 54.68802910232457, 25.626149145675434 ], [ 54.688118933852984, 25.626149145675434 ], [ 54.688118933852984, 25.626238977203847 ], [ 54.688208765381397, 25.626238977203847 ], [ 54.688208765381397, 25.626328808732261 ], [ 54.688388428438216, 25.626328808732261 ], [ 54.688388428438216, 25.62641864026067 ], [ 54.688568091495043, 25.62641864026067 ], [ 54.688568091495043, 25.626508471789084 ], [ 54.688747754551862, 25.626508471789084 ], [ 54.688747754551862, 25.626598303317497 ], [ 54.688837586080275, 25.626598303317497 ], [ 54.688837586080275, 25.62677796637432 ], [ 54.688927417608689, 25.62677796637432 ], [ 54.688927417608689, 25.626957629431143 ], [ 54.689017249137102, 25.626957629431143 ], [ 54.689017249137102, 25.627047460959556 ], [ 54.689107080665515, 25.627047460959556 ], [ 54.689107080665515, 25.627227124016379 ], [ 54.689196912193928, 25.627227124016379 ], [ 54.689196912193928, 25.627496618601615 ], [ 54.689286743722334, 25.627496618601615 ], [ 54.689286743722334, 25.627586450130028 ], [ 54.689376575250748, 25.627586450130028 ], [ 54.689376575250748, 25.627766113186851 ], [ 54.689466406779161, 25.627766113186851 ], [ 54.689466406779161, 25.627855944715265 ], [ 54.689376575250748, 25.627855944715265 ], [ 54.689376575250748, 25.627945776243674 ], [ 54.689286743722334, 25.627945776243674 ], [ 54.689286743722334, 25.628035607772087 ], [ 54.688837586080275, 25.628035607772087 ], [ 54.688837586080275, 25.627945776243674 ], [ 54.688298596909803, 25.627945776243674 ], [ 54.688298596909803, 25.628035607772087 ], [ 54.68802910232457, 25.628035607772087 ], [ 54.68802910232457, 25.628125439300497 ], [ 54.687759607739331, 25.628125439300497 ], [ 54.687759607739331, 25.62821527082891 ], [ 54.687490113154098, 25.62821527082891 ], [ 54.687490113154098, 25.628394933885733 ], [ 54.687400281625685, 25.628394933885733 ], [ 54.687400281625685, 25.62857459694256 ], [ 54.687310450097272, 25.62857459694256 ], [ 54.687310450097272, 25.628664428470969 ], [ 54.687220618568865, 25.628664428470969 ], [ 54.687220618568865, 25.628844091527796 ], [ 54.687130787040452, 25.628844091527796 ], [ 54.687130787040452, 25.629113586113029 ], [ 54.687220618568865, 25.629113586113029 ], [ 54.687220618568865, 25.629203417641442 ], [ 54.687130787040452, 25.629203417641442 ], [ 54.687130787040452, 25.629293249169855 ], [ 54.687040955512039, 25.629293249169855 ], [ 54.687040955512039, 25.629472912226678 ], [ 54.686951123983626, 25.629472912226678 ], [ 54.686951123983626, 25.629742406811914 ], [ 54.686861292455212, 25.629742406811914 ], [ 54.686861292455212, 25.629832238340327 ], [ 54.686771460926799, 25.629832238340327 ], [ 54.686771460926799, 25.629922069868737 ], [ 54.686681629398393, 25.629922069868737 ], [ 54.686681629398393, 25.630191564453973 ], [ 54.68659179786998, 25.630191564453973 ], [ 54.68659179786998, 25.630371227510796 ], [ 54.686501966341567, 25.630371227510796 ], [ 54.686501966341567, 25.630461059039209 ], [ 54.686412134813153, 25.630461059039209 ], [ 54.686412134813153, 25.630550890567623 ], [ 54.685962977171094, 25.630550890567623 ], [ 54.685962977171094, 25.630640722096032 ], [ 54.685783314114268, 25.630640722096032 ], [ 54.685783314114268, 25.630730553624446 ], [ 54.685693482585862, 25.630730553624446 ], [ 54.685693482585862, 25.630820385152859 ], [ 54.685603651057448, 25.630820385152859 ], [ 54.685603651057448, 25.631089879738091 ], [ 54.685693482585862, 25.631089879738091 ], [ 54.685693482585862, 25.631539037380154 ], [ 54.685603651057448, 25.631539037380154 ], [ 54.685603651057448, 25.631718700436977 ], [ 54.685513819529035, 25.631718700436977 ], [ 54.685513819529035, 25.631988195022213 ], [ 54.685423988000622, 25.631988195022213 ], [ 54.685423988000622, 25.632078026550623 ], [ 54.685334156472209, 25.632078026550623 ], [ 54.685334156472209, 25.632257689607449 ], [ 54.685244324943802, 25.632257689607449 ], [ 54.685244324943802, 25.632617015721095 ], [ 54.685154493415389, 25.632617015721095 ], [ 54.685154493415389, 25.632706847249509 ], [ 54.685064661886976, 25.632706847249509 ], [ 54.685064661886976, 25.632886510306331 ], [ 54.685154493415389, 25.632886510306331 ], [ 54.685154493415389, 25.632976341834745 ], [ 54.685244324943802, 25.632976341834745 ], [ 54.685244324943802, 25.633066173363154 ], [ 54.685334156472209, 25.633066173363154 ], [ 54.685334156472209, 25.633156004891568 ], [ 54.685154493415389, 25.633156004891568 ], [ 54.685154493415389, 25.633245836419981 ], [ 54.685064661886976, 25.633245836419981 ], [ 54.685064661886976, 25.633335667948391 ], [ 54.684974830358563, 25.633335667948391 ], [ 54.684974830358563, 25.633425499476804 ], [ 54.68488499883015, 25.633425499476804 ], [ 54.68488499883015, 25.633605162533627 ], [ 54.684974830358563, 25.633605162533627 ], [ 54.684974830358563, 25.63369499406204 ], [ 54.68488499883015, 25.63369499406204 ], [ 54.68488499883015, 25.633784825590453 ], [ 54.684795167301736, 25.633784825590453 ], [ 54.684795167301736, 25.633874657118863 ], [ 54.68470533577333, 25.633874657118863 ], [ 54.68470533577333, 25.633964488647276 ], [ 54.684615504244917, 25.633964488647276 ], [ 54.684615504244917, 25.634054320175686 ], [ 54.684525672716504, 25.634054320175686 ], [ 54.684525672716504, 25.634144151704099 ], [ 54.684346009659677, 25.634144151704099 ], [ 54.684346009659677, 25.634233983232512 ], [ 54.684166346602858, 25.634233983232512 ], [ 54.684166346602858, 25.634323814760922 ], [ 54.683986683546031, 25.634323814760922 ], [ 54.683986683546031, 25.634413646289335 ], [ 54.683896852017618, 25.634413646289335 ], [ 54.683896852017618, 25.634503477817749 ], [ 54.683807020489205, 25.634503477817749 ], [ 54.683807020489205, 25.634683140874571 ], [ 54.683717188960799, 25.634683140874571 ], [ 54.683717188960799, 25.634772972402985 ], [ 54.683537525903972, 25.634772972402985 ], [ 54.683537525903972, 25.634862803931394 ], [ 54.683447694375559, 25.634862803931394 ], [ 54.683447694375559, 25.634772972402985 ], [ 54.68326803131874, 25.634772972402985 ], [ 54.68326803131874, 25.634683140874571 ], [ 54.6829985367335, 25.634683140874571 ], [ 54.6829985367335, 25.634593309346158 ], [ 54.682908705205087, 25.634593309346158 ], [ 54.682908705205087, 25.634683140874571 ], [ 54.682459547563028, 25.634683140874571 ], [ 54.682459547563028, 25.634772972402985 ], [ 54.682369716034614, 25.634772972402985 ], [ 54.682369716034614, 25.634862803931394 ], [ 54.682190052977795, 25.634862803931394 ], [ 54.682190052977795, 25.635222130045044 ], [ 54.682100221449382, 25.635222130045044 ], [ 54.682100221449382, 25.635311961573453 ], [ 54.681830726864142, 25.635311961573453 ], [ 54.681830726864142, 25.635401793101867 ], [ 54.681740895335736, 25.635401793101867 ], [ 54.681740895335736, 25.63549162463028 ], [ 54.681651063807323, 25.63549162463028 ], [ 54.681651063807323, 25.635761119215516 ], [ 54.681561232278909, 25.635761119215516 ], [ 54.681561232278909, 25.635850950743926 ], [ 54.681381569222083, 25.635850950743926 ], [ 54.681381569222083, 25.635940782272339 ], [ 54.681022243108437, 25.635940782272339 ], [ 54.681022243108437, 25.636030613800749 ], [ 54.680932411580024, 25.636030613800749 ], [ 54.680932411580024, 25.636120445329162 ], [ 54.68084258005161, 25.636120445329162 ], [ 54.68084258005161, 25.636210276857575 ], [ 54.680752748523204, 25.636210276857575 ], [ 54.680752748523204, 25.636300108385985 ], [ 54.680662916994791, 25.636300108385985 ], [ 54.680662916994791, 25.636569602971221 ], [ 54.680573085466378, 25.636569602971221 ], [ 54.680573085466378, 25.636659434499634 ], [ 54.680393422409551, 25.636659434499634 ], [ 54.680393422409551, 25.636389939914398 ], [ 54.680213759352732, 25.636389939914398 ], [ 54.680213759352732, 25.636479771442811 ], [ 54.680034096295905, 25.636479771442811 ], [ 54.680034096295905, 25.636300108385985 ], [ 54.679944264767492, 25.636300108385985 ], [ 54.679944264767492, 25.636210276857575 ], [ 54.679854433239079, 25.636210276857575 ], [ 54.679854433239079, 25.636030613800749 ], [ 54.679764601710673, 25.636030613800749 ], [ 54.679764601710673, 25.636479771442811 ], [ 54.67967477018226, 25.636479771442811 ], [ 54.67967477018226, 25.636569602971221 ], [ 54.679584938653846, 25.636569602971221 ], [ 54.679584938653846, 25.636749266028048 ], [ 54.67967477018226, 25.636749266028048 ], [ 54.67967477018226, 25.636839097556457 ], [ 54.679764601710673, 25.636839097556457 ], [ 54.679764601710673, 25.637467918255343 ], [ 54.67967477018226, 25.637467918255343 ], [ 54.67967477018226, 25.637647581312166 ], [ 54.679584938653846, 25.637647581312166 ], [ 54.679584938653846, 25.637737412840579 ], [ 54.679495107125433, 25.637737412840579 ], [ 54.679495107125433, 25.637827244368989 ], [ 54.67940527559702, 25.637827244368989 ], [ 54.67940527559702, 25.637557749783753 ], [ 54.679225612540201, 25.637557749783753 ], [ 54.679225612540201, 25.637467918255343 ], [ 54.679135781011787, 25.637467918255343 ], [ 54.679135781011787, 25.637557749783753 ], [ 54.678776454898141, 25.637557749783753 ], [ 54.678776454898141, 25.637647581312166 ], [ 54.678596791841315, 25.637647581312166 ], [ 54.678596791841315, 25.637917075897402 ], [ 54.678506960312902, 25.637917075897402 ], [ 54.678506960312902, 25.638006907425812 ], [ 54.678327297256082, 25.638006907425812 ], [ 54.678327297256082, 25.638096738954225 ], [ 54.67778830808561, 25.638096738954225 ], [ 54.67778830808561, 25.638186570482638 ], [ 54.677608645028783, 25.638186570482638 ], [ 54.677608645028783, 25.638276402011048 ], [ 54.67751881350037, 25.638276402011048 ], [ 54.67751881350037, 25.638366233539461 ], [ 54.677339150443551, 25.638366233539461 ], [ 54.677339150443551, 25.638545896596284 ], [ 54.677249318915138, 25.638545896596284 ], [ 54.677249318915138, 25.63881539118152 ], [ 54.677339150443551, 25.63881539118152 ], [ 54.677339150443551, 25.638995054238343 ], [ 54.677249318915138, 25.638995054238343 ], [ 54.677249318915138, 25.639084885766756 ], [ 54.677339150443551, 25.639084885766756 ], [ 54.677339150443551, 25.639354380351993 ], [ 54.677069655858311, 25.639354380351993 ], [ 54.677069655858311, 25.639444211880406 ], [ 54.676710329744665, 25.639444211880406 ], [ 54.676710329744665, 25.639354380351993 ], [ 54.676171340574193, 25.639354380351993 ], [ 54.676171340574193, 25.639264548823579 ], [ 54.67608150904578, 25.639264548823579 ], [ 54.67608150904578, 25.639354380351993 ], [ 54.675901845988953, 25.639354380351993 ], [ 54.675901845988953, 25.639444211880406 ], [ 54.675812014460547, 25.639444211880406 ], [ 54.675812014460547, 25.639534043408815 ], [ 54.675542519875307, 25.639534043408815 ], [ 54.675542519875307, 25.639623874937229 ], [ 54.675452688346894, 25.639623874937229 ], [ 54.675452688346894, 25.639713706465642 ], [ 54.675273025290075, 25.639713706465642 ], [ 54.675273025290075, 25.639803537994052 ], [ 54.675183193761661, 25.639803537994052 ], [ 54.675183193761661, 25.639893369522465 ], [ 54.675093362233248, 25.639893369522465 ], [ 54.675093362233248, 25.639983201050875 ], [ 54.674913699176422, 25.639983201050875 ], [ 54.674913699176422, 25.640432358692937 ], [ 54.674823867648016, 25.640432358692937 ], [ 54.674823867648016, 25.640971347863406 ], [ 54.674734036119602, 25.640971347863406 ], [ 54.674734036119602, 25.641330673977055 ], [ 54.674644204591189, 25.641330673977055 ], [ 54.674644204591189, 25.641510337033878 ], [ 54.674554373062776, 25.641510337033878 ], [ 54.674554373062776, 25.641600168562292 ], [ 54.674464541534363, 25.641600168562292 ], [ 54.674464541534363, 25.641779831619115 ], [ 54.674374710005957, 25.641779831619115 ], [ 54.674374710005957, 25.641869663147528 ], [ 54.674284878477543, 25.641869663147528 ], [ 54.674284878477543, 25.641959494675937 ], [ 54.67419504694913, 25.641959494675937 ], [ 54.67419504694913, 25.642049326204351 ], [ 54.674015383892304, 25.642049326204351 ], [ 54.674015383892304, 25.642139157732764 ], [ 54.67392555236389, 25.642139157732764 ], [ 54.67392555236389, 25.642228989261174 ], [ 54.673835720835484, 25.642228989261174 ], [ 54.673835720835484, 25.642318820789587 ], [ 54.673745889307071, 25.642318820789587 ], [ 54.673745889307071, 25.642408652318 ], [ 54.673656057778658, 25.642408652318 ], [ 54.673656057778658, 25.642588315374823 ], [ 54.673566226250244, 25.642588315374823 ], [ 54.673566226250244, 25.642678146903236 ], [ 54.673296731665012, 25.642678146903236 ], [ 54.673296731665012, 25.642767978431646 ], [ 54.673386563193425, 25.642767978431646 ], [ 54.673386563193425, 25.642857809960059 ], [ 54.673476394721831, 25.642857809960059 ], [ 54.673476394721831, 25.642947641488472 ], [ 54.673206900136599, 25.642947641488472 ], [ 54.673206900136599, 25.643037473016882 ], [ 54.673386563193425, 25.643037473016882 ], [ 54.673386563193425, 25.643127304545295 ], [ 54.673476394721831, 25.643127304545295 ], [ 54.673476394721831, 25.643396799130532 ], [ 54.673117068608185, 25.643396799130532 ], [ 54.673117068608185, 25.643486630658941 ], [ 54.673027237079772, 25.643486630658941 ], [ 54.673027237079772, 25.643576462187355 ], [ 54.672937405551359, 25.643576462187355 ], [ 54.672937405551359, 25.643666293715768 ], [ 54.673027237079772, 25.643666293715768 ], [ 54.673027237079772, 25.643756125244177 ], [ 54.672578079437713, 25.643756125244177 ], [ 54.672578079437713, 25.643666293715768 ], [ 54.672398416380894, 25.643666293715768 ], [ 54.672398416380894, 25.643576462187355 ], [ 54.67230858485248, 25.643576462187355 ], [ 54.67230858485248, 25.643306967602118 ], [ 54.672128921795654, 25.643306967602118 ], [ 54.672128921795654, 25.643486630658941 ], [ 54.672039090267241, 25.643486630658941 ], [ 54.672039090267241, 25.643576462187355 ], [ 54.671859427210421, 25.643576462187355 ], [ 54.671859427210421, 25.643666293715768 ], [ 54.671769595682008, 25.643666293715768 ], [ 54.671769595682008, 25.643756125244177 ], [ 54.671589932625182, 25.643756125244177 ], [ 54.671589932625182, 25.643845956772591 ], [ 54.671410269568362, 25.643845956772591 ], [ 54.671410269568362, 25.643935788301004 ], [ 54.671320438039949, 25.643935788301004 ], [ 54.671320438039949, 25.644025619829414 ], [ 54.671140774983122, 25.644025619829414 ], [ 54.671140774983122, 25.644115451357827 ], [ 54.67087128039789, 25.644115451357827 ], [ 54.67087128039789, 25.644205282886237 ], [ 54.670781448869477, 25.644205282886237 ], [ 54.670781448869477, 25.644474777471473 ], [ 54.67087128039789, 25.644474777471473 ], [ 54.67087128039789, 25.644564608999886 ], [ 54.670961111926296, 25.644564608999886 ], [ 54.670961111926296, 25.644834103585122 ], [ 54.67087128039789, 25.644834103585122 ], [ 54.67087128039789, 25.645283261227181 ], [ 54.670961111926296, 25.645283261227181 ], [ 54.670961111926296, 25.645373092755595 ], [ 54.671050943454709, 25.645373092755595 ], [ 54.671050943454709, 25.645462924284004 ], [ 54.671140774983122, 25.645462924284004 ], [ 54.671140774983122, 25.64573241886924 ], [ 54.67060178581265, 25.64573241886924 ], [ 54.67060178581265, 25.645552755812417 ], [ 54.670511954284237, 25.645552755812417 ], [ 54.670511954284237, 25.645462924284004 ], [ 54.670332291227417, 25.645462924284004 ], [ 54.670332291227417, 25.645642587340831 ], [ 54.670242459699004, 25.645642587340831 ], [ 54.670242459699004, 25.645822250397654 ], [ 54.670152628170591, 25.645822250397654 ], [ 54.670152628170591, 25.645912081926067 ], [ 54.670332291227417, 25.645912081926067 ], [ 54.670332291227417, 25.646001913454477 ], [ 54.670422122755831, 25.646001913454477 ], [ 54.670422122755831, 25.64609174498289 ], [ 54.670691617341063, 25.64609174498289 ], [ 54.670691617341063, 25.646181576511299 ], [ 54.67087128039789, 25.646181576511299 ], [ 54.67087128039789, 25.646271408039713 ], [ 54.671140774983122, 25.646271408039713 ], [ 54.671140774983122, 25.646181576511299 ], [ 54.671230606511536, 25.646181576511299 ], [ 54.671230606511536, 25.646271408039713 ], [ 54.671320438039949, 25.646271408039713 ], [ 54.671320438039949, 25.646361239568126 ], [ 54.671410269568362, 25.646361239568126 ], [ 54.671410269568362, 25.646451071096536 ], [ 54.671500101096768, 25.646451071096536 ], [ 54.671500101096768, 25.646630734153362 ], [ 54.670961111926296, 25.646630734153362 ], [ 54.670961111926296, 25.646540902624949 ], [ 54.670511954284237, 25.646540902624949 ], [ 54.670511954284237, 25.646451071096536 ], [ 54.670422122755831, 25.646451071096536 ], [ 54.670422122755831, 25.646540902624949 ], [ 54.670332291227417, 25.646540902624949 ], [ 54.670332291227417, 25.646361239568126 ], [ 54.670242459699004, 25.646361239568126 ], [ 54.670242459699004, 25.646271408039713 ], [ 54.669703470528532, 25.646271408039713 ], [ 54.669703470528532, 25.646361239568126 ], [ 54.669613639000119, 25.646361239568126 ], [ 54.669613639000119, 25.646451071096536 ], [ 54.669883133585358, 25.646451071096536 ], [ 54.669883133585358, 25.646540902624949 ], [ 54.669703470528532, 25.646540902624949 ], [ 54.669703470528532, 25.646630734153362 ], [ 54.66916448135806, 25.646630734153362 ], [ 54.66916448135806, 25.646540902624949 ], [ 54.669074649829646, 25.646540902624949 ], [ 54.669074649829646, 25.646630734153362 ], [ 54.668445829130768, 25.646630734153362 ], [ 54.668445829130768, 25.646720565681772 ], [ 54.667817008431882, 25.646720565681772 ], [ 54.667817008431882, 25.646810397210185 ], [ 54.668625492187587, 25.646810397210185 ], [ 54.668625492187587, 25.646900228738598 ], [ 54.668715323716, 25.646900228738598 ], [ 54.668715323716, 25.646990060267008 ], [ 54.669254312886473, 25.646990060267008 ], [ 54.669254312886473, 25.647079891795421 ], [ 54.668715323716, 25.647079891795421 ], [ 54.668715323716, 25.647169723323831 ], [ 54.668625492187587, 25.647169723323831 ], [ 54.668625492187587, 25.64752904943748 ], [ 54.668894986772827, 25.64752904943748 ], [ 54.668894986772827, 25.647618880965894 ], [ 54.669074649829646, 25.647618880965894 ], [ 54.669074649829646, 25.647798544022717 ], [ 54.66916448135806, 25.647798544022717 ], [ 54.66916448135806, 25.64788837555113 ], [ 54.669074649829646, 25.64788837555113 ], [ 54.669074649829646, 25.648247701664776 ], [ 54.66916448135806, 25.648247701664776 ], [ 54.66916448135806, 25.648337533193189 ], [ 54.669344144414886, 25.648337533193189 ], [ 54.669344144414886, 25.648427364721599 ], [ 54.669523807471705, 25.648427364721599 ], [ 54.669523807471705, 25.648966353892071 ], [ 54.669613639000119, 25.648966353892071 ], [ 54.669613639000119, 25.64941551153413 ], [ 54.669523807471705, 25.64941551153413 ], [ 54.669523807471705, 25.649505343062543 ], [ 54.669433975943299, 25.649505343062543 ], [ 54.669433975943299, 25.649685006119366 ], [ 54.669344144414886, 25.649685006119366 ], [ 54.669344144414886, 25.649954500704602 ], [ 54.669254312886473, 25.649954500704602 ], [ 54.669254312886473, 25.650044332233016 ], [ 54.669074649829646, 25.650044332233016 ], [ 54.669074649829646, 25.650134163761425 ], [ 54.668894986772827, 25.650134163761425 ], [ 54.668894986772827, 25.650223995289839 ], [ 54.668625492187587, 25.650223995289839 ], [ 54.668625492187587, 25.650313826818252 ], [ 54.668355997602355, 25.650313826818252 ], [ 54.668355997602355, 25.650403658346661 ], [ 54.668086503017115, 25.650403658346661 ], [ 54.668086503017115, 25.650493489875075 ], [ 54.667906839960295, 25.650493489875075 ], [ 54.667906839960295, 25.650583321403488 ], [ 54.667817008431882, 25.650583321403488 ], [ 54.667817008431882, 25.650673152931898 ], [ 54.667637345375056, 25.650673152931898 ], [ 54.667637345375056, 25.650852815988724 ], [ 54.667547513846642, 25.650852815988724 ], [ 54.667547513846642, 25.651032479045547 ], [ 54.667457682318236, 25.651032479045547 ], [ 54.667457682318236, 25.65121214210237 ], [ 54.667367850789823, 25.65121214210237 ], [ 54.667367850789823, 25.651481636687606 ], [ 54.66727801926141, 25.651481636687606 ], [ 54.66727801926141, 25.651661299744429 ], [ 54.667188187732997, 25.651661299744429 ], [ 54.667188187732997, 25.651751131272842 ], [ 54.667098356204583, 25.651751131272842 ], [ 54.667098356204583, 25.651840962801256 ], [ 54.66700852467617, 25.651840962801256 ], [ 54.66700852467617, 25.651930794329665 ], [ 54.666918693147764, 25.651930794329665 ], [ 54.666918693147764, 25.652020625858079 ], [ 54.666828861619351, 25.652020625858079 ], [ 54.666828861619351, 25.652110457386488 ], [ 54.666739030090937, 25.652110457386488 ], [ 54.666739030090937, 25.652200288914901 ], [ 54.666559367034111, 25.652200288914901 ], [ 54.666559367034111, 25.652379951971724 ], [ 54.666379703977292, 25.652379951971724 ], [ 54.666379703977292, 25.652469783500138 ], [ 54.666289872448878, 25.652469783500138 ], [ 54.666289872448878, 25.652559615028551 ], [ 54.666020377863639, 25.652559615028551 ], [ 54.666020377863639, 25.652649446556961 ], [ 54.665840714806819, 25.652649446556961 ], [ 54.665840714806819, 25.652559615028551 ], [ 54.665481388693166, 25.652559615028551 ], [ 54.665481388693166, 25.652649446556961 ], [ 54.66512206257952, 25.652649446556961 ], [ 54.66512206257952, 25.652739278085374 ], [ 54.665032231051107, 25.652739278085374 ], [ 54.665032231051107, 25.652829109613787 ], [ 54.664852567994288, 25.652829109613787 ], [ 54.664852567994288, 25.652918941142197 ], [ 54.664762736465875, 25.652918941142197 ], [ 54.664762736465875, 25.65300877267061 ], [ 54.664672904937461, 25.65300877267061 ], [ 54.664672904937461, 25.65309860419902 ], [ 54.664583073409048, 25.65309860419902 ], [ 54.664583073409048, 25.653278267255846 ], [ 54.664493241880635, 25.653278267255846 ], [ 54.664493241880635, 25.653368098784256 ], [ 54.664403410352229, 25.653368098784256 ], [ 54.664403410352229, 25.653637593369492 ], [ 54.664313578823815, 25.653637593369492 ], [ 54.664313578823815, 25.653817256426318 ], [ 54.664223747295402, 25.653817256426318 ], [ 54.664223747295402, 25.653907087954728 ], [ 54.664133915766989, 25.653907087954728 ], [ 54.664133915766989, 25.653996919483141 ], [ 54.664044084238576, 25.653996919483141 ], [ 54.664044084238576, 25.654086751011551 ], [ 54.663145768954458, 25.654086751011551 ], [ 54.663145768954458, 25.654176582539964 ], [ 54.663055937426044, 25.654176582539964 ], [ 54.663055937426044, 25.654715571710437 ], [ 54.663145768954458, 25.654715571710437 ], [ 54.663145768954458, 25.654985066295673 ], [ 54.663235600482871, 25.654985066295673 ], [ 54.663235600482871, 25.655164729352496 ], [ 54.663415263539697, 25.655164729352496 ], [ 54.663415263539697, 25.655254560880909 ], [ 54.663505095068103, 25.655254560880909 ], [ 54.663505095068103, 25.655344392409319 ], [ 54.663594926596517, 25.655344392409319 ], [ 54.663594926596517, 25.655524055466145 ], [ 54.66368475812493, 25.655524055466145 ], [ 54.66368475812493, 25.655703718522968 ], [ 54.663774589653343, 25.655703718522968 ], [ 54.663774589653343, 25.655793550051381 ], [ 54.663864421181756, 25.655793550051381 ], [ 54.663864421181756, 25.656063044636614 ], [ 54.663774589653343, 25.656063044636614 ], [ 54.663774589653343, 25.656152876165027 ], [ 54.66368475812493, 25.656152876165027 ], [ 54.66368475812493, 25.656242707693441 ], [ 54.663594926596517, 25.656242707693441 ], [ 54.663594926596517, 25.656422370750263 ], [ 54.663415263539697, 25.656422370750263 ], [ 54.663415263539697, 25.656512202278677 ], [ 54.663325432011284, 25.656512202278677 ], [ 54.663325432011284, 25.656422370750263 ], [ 54.663235600482871, 25.656422370750263 ], [ 54.663235600482871, 25.65633253922185 ], [ 54.663145768954458, 25.65633253922185 ], [ 54.663145768954458, 25.656242707693441 ], [ 54.662876274369225, 25.656242707693441 ], [ 54.662876274369225, 25.656152876165027 ], [ 54.662786442840812, 25.656152876165027 ], [ 54.662786442840812, 25.656063044636614 ], [ 54.662696611312398, 25.656063044636614 ], [ 54.662696611312398, 25.655883381579791 ], [ 54.662606779783985, 25.655883381579791 ], [ 54.662606779783985, 25.655793550051381 ], [ 54.662516948255572, 25.655793550051381 ], [ 54.662516948255572, 25.655703718522968 ], [ 54.661977959085107, 25.655703718522968 ], [ 54.661977959085107, 25.655793550051381 ], [ 54.661888127556693, 25.655793550051381 ], [ 54.661888127556693, 25.655883381579791 ], [ 54.66179829602828, 25.655883381579791 ], [ 54.66179829602828, 25.656063044636614 ], [ 54.661708464499867, 25.656063044636614 ], [ 54.661708464499867, 25.656512202278677 ], [ 54.66179829602828, 25.656512202278677 ], [ 54.66179829602828, 25.656602033807086 ], [ 54.661888127556693, 25.656602033807086 ], [ 54.661888127556693, 25.6566918653355 ], [ 54.661977959085107, 25.6566918653355 ], [ 54.661977959085107, 25.656871528392323 ], [ 54.661888127556693, 25.656871528392323 ], [ 54.661888127556693, 25.656961359920736 ], [ 54.661618632971454, 25.656961359920736 ], [ 54.661618632971454, 25.657051191449145 ], [ 54.66152880144304, 25.657051191449145 ], [ 54.66152880144304, 25.657590180619618 ], [ 54.661349138386221, 25.657590180619618 ], [ 54.661349138386221, 25.657680012148031 ], [ 54.661169475329395, 25.657680012148031 ], [ 54.661169475329395, 25.657769843676444 ], [ 54.661079643800981, 25.657769843676444 ], [ 54.661079643800981, 25.657859675204854 ], [ 54.660899980744162, 25.657859675204854 ], [ 54.660899980744162, 25.657949506733267 ], [ 54.660810149215749, 25.657949506733267 ], [ 54.660810149215749, 25.658039338261677 ], [ 54.660720317687336, 25.658039338261677 ], [ 54.660720317687336, 25.65812916979009 ], [ 54.660450823102103, 25.65812916979009 ], [ 54.660450823102103, 25.658219001318503 ], [ 54.66036099157369, 25.658219001318503 ], [ 54.66036099157369, 25.658847822017385 ], [ 54.660450823102103, 25.658847822017385 ], [ 54.660450823102103, 25.658937653545799 ], [ 54.660630486158922, 25.658937653545799 ], [ 54.660630486158922, 25.659027485074212 ], [ 54.660540654630509, 25.659027485074212 ], [ 54.660540654630509, 25.659117316602622 ], [ 54.66036099157369, 25.659117316602622 ], [ 54.66036099157369, 25.659207148131035 ], [ 54.660271160045276, 25.659207148131035 ], [ 54.660271160045276, 25.659296979659445 ], [ 54.660181328516863, 25.659296979659445 ], [ 54.660181328516863, 25.659386811187858 ], [ 54.66009149698845, 25.659386811187858 ], [ 54.66009149698845, 25.659476642716271 ], [ 54.659911833931631, 25.659476642716271 ], [ 54.659911833931631, 25.659566474244681 ], [ 54.659822002403217, 25.659566474244681 ], [ 54.659822002403217, 25.659656305773094 ], [ 54.659732170874804, 25.659656305773094 ], [ 54.659732170874804, 25.659746137301507 ], [ 54.659642339346391, 25.659746137301507 ], [ 54.659642339346391, 25.659835968829917 ], [ 54.659552507817978, 25.659835968829917 ], [ 54.659552507817978, 25.65992580035833 ], [ 54.659462676289571, 25.65992580035833 ], [ 54.659462676289571, 25.660015631886743 ], [ 54.659372844761158, 25.660015631886743 ], [ 54.659372844761158, 25.660105463415153 ], [ 54.659283013232745, 25.660105463415153 ], [ 54.659283013232745, 25.660195294943566 ], [ 54.659193181704332, 25.660195294943566 ], [ 54.659193181704332, 25.660285126471976 ], [ 54.659103350175918, 25.660285126471976 ], [ 54.659103350175918, 25.660374958000389 ], [ 54.659013518647512, 25.660374958000389 ], [ 54.659013518647512, 25.660464789528802 ], [ 54.658923687119099, 25.660464789528802 ], [ 54.658923687119099, 25.660554621057212 ], [ 54.658744024062273, 25.660554621057212 ], [ 54.658744024062273, 25.660644452585625 ], [ 54.658564361005446, 25.660644452585625 ], [ 54.658564361005446, 25.660734284114039 ], [ 54.65847452947704, 25.660734284114039 ], [ 54.65847452947704, 25.660824115642448 ], [ 54.658384697948627, 25.660824115642448 ], [ 54.658384697948627, 25.660913947170862 ], [ 54.658294866420214, 25.660913947170862 ], [ 54.658294866420214, 25.661003778699275 ], [ 54.6582050348918, 25.661003778699275 ], [ 54.6582050348918, 25.661093610227685 ], [ 54.658115203363387, 25.661093610227685 ], [ 54.658115203363387, 25.661183441756098 ], [ 54.658025371834981, 25.661183441756098 ], [ 54.658025371834981, 25.661273273284507 ], [ 54.657935540306568, 25.661273273284507 ], [ 54.657935540306568, 25.661363104812921 ], [ 54.657845708778154, 25.661363104812921 ], [ 54.657845708778154, 25.66172243092657 ], [ 54.657935540306568, 25.66172243092657 ], [ 54.657935540306568, 25.661991925511806 ], [ 54.658025371834981, 25.661991925511806 ], [ 54.658025371834981, 25.662081757040216 ], [ 54.657845708778154, 25.662081757040216 ], [ 54.657845708778154, 25.662171588568629 ], [ 54.657666045721328, 25.662171588568629 ], [ 54.657666045721328, 25.662081757040216 ], [ 54.657486382664509, 25.662081757040216 ], [ 54.657486382664509, 25.661991925511806 ], [ 54.657396551136095, 25.661991925511806 ], [ 54.657396551136095, 25.661902093983393 ], [ 54.657037225022449, 25.661902093983393 ], [ 54.657037225022449, 25.66181226245498 ], [ 54.656857561965623, 25.66181226245498 ], [ 54.656857561965623, 25.661632599398157 ], [ 54.65676773043721, 25.661632599398157 ], [ 54.65676773043721, 25.66360889302322 ], [ 54.656588067380383, 25.66360889302322 ], [ 54.656588067380383, 25.663788556080043 ], [ 54.656408404323564, 25.663788556080043 ], [ 54.656408404323564, 25.663519061494807 ], [ 54.656318572795151, 25.663519061494807 ], [ 54.656318572795151, 25.663429229966397 ], [ 54.656138909738324, 25.663429229966397 ], [ 54.656138909738324, 25.663339398437984 ], [ 54.656049078209918, 25.663339398437984 ], [ 54.656049078209918, 25.663429229966397 ], [ 54.655959246681505, 25.663429229966397 ], [ 54.655959246681505, 25.663519061494807 ], [ 54.655779583624678, 25.663519061494807 ], [ 54.655779583624678, 25.66360889302322 ], [ 54.655689752096265, 25.66360889302322 ], [ 54.655689752096265, 25.663698724551633 ], [ 54.655420257511032, 25.663698724551633 ], [ 54.655420257511032, 25.663788556080043 ], [ 54.655330425982619, 25.663788556080043 ], [ 54.655330425982619, 25.663878387608456 ], [ 54.655240594454206, 25.663878387608456 ], [ 54.655240594454206, 25.664058050665279 ], [ 54.655150762925793, 25.664058050665279 ], [ 54.655150762925793, 25.664147882193692 ], [ 54.655060931397387, 25.664147882193692 ], [ 54.655060931397387, 25.664237713722102 ], [ 54.654971099868973, 25.664237713722102 ], [ 54.654971099868973, 25.664327545250515 ], [ 54.654791436812147, 25.664327545250515 ], [ 54.654791436812147, 25.664417376778928 ], [ 54.654701605283734, 25.664417376778928 ], [ 54.654701605283734, 25.664597039835751 ], [ 54.65488126834056, 25.664597039835751 ], [ 54.65488126834056, 25.664686871364164 ], [ 54.654971099868973, 25.664686871364164 ], [ 54.654971099868973, 25.664866534420987 ], [ 54.655060931397387, 25.664866534420987 ], [ 54.655060931397387, 25.66504619747781 ], [ 54.655150762925793, 25.66504619747781 ], [ 54.655150762925793, 25.665136029006224 ], [ 54.655240594454206, 25.665136029006224 ], [ 54.655240594454206, 25.665225860534633 ], [ 54.655599920567852, 25.665225860534633 ], [ 54.655599920567852, 25.665136029006224 ], [ 54.655959246681505, 25.665136029006224 ], [ 54.655959246681505, 25.665315692063047 ], [ 54.656049078209918, 25.665315692063047 ], [ 54.656049078209918, 25.665495355119869 ], [ 54.656138909738324, 25.665495355119869 ], [ 54.656138909738324, 25.665585186648283 ], [ 54.656049078209918, 25.665585186648283 ], [ 54.656049078209918, 25.665764849705106 ], [ 54.656138909738324, 25.665764849705106 ], [ 54.656138909738324, 25.665854681233519 ], [ 54.656049078209918, 25.665854681233519 ], [ 54.656049078209918, 25.665944512761932 ], [ 54.656138909738324, 25.665944512761932 ], [ 54.656138909738324, 25.666034344290342 ], [ 54.656049078209918, 25.666034344290342 ], [ 54.656049078209918, 25.666214007347165 ], [ 54.655959246681505, 25.666214007347165 ], [ 54.655959246681505, 25.666303838875578 ], [ 54.655779583624678, 25.666303838875578 ], [ 54.655779583624678, 25.666483501932401 ], [ 54.655150762925793, 25.666483501932401 ], [ 54.655150762925793, 25.666573333460814 ], [ 54.654971099868973, 25.666573333460814 ], [ 54.654971099868973, 25.666663164989227 ], [ 54.65488126834056, 25.666663164989227 ], [ 54.65488126834056, 25.666932659574464 ], [ 54.654791436812147, 25.666932659574464 ], [ 54.654791436812147, 25.667381817216523 ], [ 54.654521942226914, 25.667381817216523 ], [ 54.654521942226914, 25.667561480273346 ], [ 54.654432110698501, 25.667561480273346 ], [ 54.654432110698501, 25.667741143330169 ], [ 54.654342279170088, 25.667741143330169 ], [ 54.654342279170088, 25.667830974858582 ], [ 54.653982953056442, 25.667830974858582 ], [ 54.653982953056442, 25.667741143330169 ], [ 54.653713458471202, 25.667741143330169 ], [ 54.653713458471202, 25.667651311801759 ], [ 54.653533795414383, 25.667651311801759 ], [ 54.653533795414383, 25.667741143330169 ], [ 54.653443963885969, 25.667741143330169 ], [ 54.653443963885969, 25.667830974858582 ], [ 54.653354132357556, 25.667830974858582 ], [ 54.653354132357556, 25.668010637915405 ], [ 54.653264300829143, 25.668010637915405 ], [ 54.653264300829143, 25.668459795557464 ], [ 54.65317446930073, 25.668459795557464 ], [ 54.65317446930073, 25.668819121671113 ], [ 54.653264300829143, 25.668819121671113 ], [ 54.653264300829143, 25.668908953199526 ], [ 54.653354132357556, 25.668908953199526 ], [ 54.653354132357556, 25.668998784727936 ], [ 54.653443963885969, 25.668998784727936 ], [ 54.653443963885969, 25.669088616256349 ], [ 54.653533795414383, 25.669088616256349 ], [ 54.653533795414383, 25.669268279313172 ], [ 54.653713458471202, 25.669268279313172 ], [ 54.653713458471202, 25.669447942369995 ], [ 54.653893121528029, 25.669447942369995 ], [ 54.653893121528029, 25.669627605426822 ], [ 54.653713458471202, 25.669627605426822 ], [ 54.653713458471202, 25.669807268483645 ], [ 54.653623626942789, 25.669807268483645 ], [ 54.653623626942789, 25.669897100012058 ], [ 54.653533795414383, 25.669897100012058 ], [ 54.653533795414383, 25.670076763068881 ], [ 54.653623626942789, 25.670076763068881 ], [ 54.653623626942789, 25.670256426125704 ], [ 54.653533795414383, 25.670256426125704 ], [ 54.653533795414383, 25.670346257654117 ], [ 54.653623626942789, 25.670346257654117 ], [ 54.653623626942789, 25.670436089182527 ], [ 54.653713458471202, 25.670436089182527 ], [ 54.653713458471202, 25.67052592071094 ], [ 54.653803289999615, 25.67052592071094 ], [ 54.653803289999615, 25.670615752239353 ], [ 54.653713458471202, 25.670615752239353 ], [ 54.653713458471202, 25.670705583767763 ], [ 54.653623626942789, 25.670705583767763 ], [ 54.653623626942789, 25.670795415296176 ], [ 54.653533795414383, 25.670795415296176 ], [ 54.653533795414383, 25.670885246824589 ], [ 54.653623626942789, 25.670885246824589 ], [ 54.653623626942789, 25.670975078352999 ], [ 54.653533795414383, 25.670975078352999 ], [ 54.653533795414383, 25.671064909881412 ], [ 54.653443963885969, 25.671064909881412 ], [ 54.653443963885969, 25.671154741409822 ], [ 54.653354132357556, 25.671154741409822 ], [ 54.653354132357556, 25.671244572938235 ], [ 54.653264300829143, 25.671244572938235 ], [ 54.653264300829143, 25.671424235995058 ], [ 54.65317446930073, 25.671424235995058 ], [ 54.65317446930073, 25.671603899051885 ], [ 54.653084637772324, 25.671603899051885 ], [ 54.653084637772324, 25.671693730580294 ], [ 54.65299480624391, 25.671693730580294 ], [ 54.65299480624391, 25.671963225165531 ], [ 54.652904974715497, 25.671963225165531 ], [ 54.652904974715497, 25.672053056693944 ], [ 54.652635480130257, 25.672053056693944 ], [ 54.652635480130257, 25.672142888222353 ], [ 54.652365985545025, 25.672142888222353 ], [ 54.652365985545025, 25.672232719750767 ], [ 54.652096490959792, 25.672232719750767 ], [ 54.652096490959792, 25.67241238280759 ], [ 54.651826996374552, 25.67241238280759 ], [ 54.651826996374552, 25.672502214336003 ], [ 54.651737164846139, 25.672502214336003 ], [ 54.651737164846139, 25.672592045864416 ], [ 54.651647333317726, 25.672592045864416 ], [ 54.651647333317726, 25.672681877392826 ], [ 54.65155750178932, 25.672681877392826 ], [ 54.65155750178932, 25.672861540449652 ], [ 54.651467670260907, 25.672861540449652 ], [ 54.651467670260907, 25.672951371978062 ], [ 54.651377838732493, 25.672951371978062 ], [ 54.651377838732493, 25.673400529620121 ], [ 54.651467670260907, 25.673400529620121 ], [ 54.651467670260907, 25.673580192676948 ], [ 54.65155750178932, 25.673580192676948 ], [ 54.65155750178932, 25.673670024205357 ], [ 54.651647333317726, 25.673670024205357 ], [ 54.651647333317726, 25.673849687262184 ], [ 54.651737164846139, 25.673849687262184 ], [ 54.651737164846139, 25.673939518790593 ], [ 54.651826996374552, 25.673939518790593 ], [ 54.651826996374552, 25.674658171017889 ], [ 54.651737164846139, 25.674658171017889 ], [ 54.651737164846139, 25.674748002546302 ], [ 54.651647333317726, 25.674748002546302 ], [ 54.651647333317726, 25.674837834074715 ], [ 54.65155750178932, 25.674837834074715 ], [ 54.65155750178932, 25.675017497131538 ], [ 54.651467670260907, 25.675017497131538 ], [ 54.651467670260907, 25.675107328659948 ], [ 54.651377838732493, 25.675107328659948 ], [ 54.651377838732493, 25.675286991716774 ], [ 54.65128800720408, 25.675286991716774 ], [ 54.65128800720408, 25.675376823245184 ], [ 54.651198175675667, 25.675376823245184 ], [ 54.651198175675667, 25.675466654773597 ], [ 54.651108344147261, 25.675466654773597 ], [ 54.651108344147261, 25.67600564394407 ], [ 54.651018512618847, 25.67600564394407 ], [ 54.651018512618847, 25.676095475472483 ], [ 54.650928681090434, 25.676095475472483 ], [ 54.650928681090434, 25.676185307000893 ], [ 54.650838849562021, 25.676185307000893 ], [ 54.650838849562021, 25.676275138529306 ], [ 54.650299860391549, 25.676275138529306 ], [ 54.650299860391549, 25.676185307000893 ], [ 54.650120197334729, 25.676185307000893 ], [ 54.650120197334729, 25.676095475472483 ], [ 54.649221882050604, 25.676095475472483 ], [ 54.649221882050604, 25.67600564394407 ], [ 54.649042218993785, 25.67600564394407 ], [ 54.649042218993785, 25.675915812415656 ], [ 54.648682892880132, 25.675915812415656 ], [ 54.648682892880132, 25.67600564394407 ], [ 54.648593061351725, 25.67600564394407 ], [ 54.648593061351725, 25.676185307000893 ], [ 54.648503229823312, 25.676185307000893 ], [ 54.648503229823312, 25.677353116870247 ], [ 54.648952387465371, 25.677353116870247 ], [ 54.648952387465371, 25.67744294839866 ], [ 54.649132050522198, 25.67744294839866 ], [ 54.649132050522198, 25.677532779927073 ], [ 54.649221882050604, 25.677532779927073 ], [ 54.649221882050604, 25.677622611455483 ], [ 54.649311713579017, 25.677622611455483 ], [ 54.649311713579017, 25.677712442983896 ], [ 54.64940154510743, 25.677712442983896 ], [ 54.64940154510743, 25.67780227451231 ], [ 54.649491376635844, 25.67780227451231 ], [ 54.649491376635844, 25.677892106040719 ], [ 54.649671039692663, 25.677892106040719 ], [ 54.649671039692663, 25.677981937569132 ], [ 54.64985070274949, 25.677981937569132 ], [ 54.64985070274949, 25.678071769097546 ], [ 54.650030365806316, 25.678071769097546 ], [ 54.650030365806316, 25.678161600625955 ], [ 54.650210028863135, 25.678161600625955 ], [ 54.650210028863135, 25.678251432154369 ], [ 54.650299860391549, 25.678251432154369 ], [ 54.650299860391549, 25.678520926739605 ], [ 54.650389691919962, 25.678520926739605 ], [ 54.650389691919962, 25.67932941049531 ], [ 54.650479523448375, 25.67932941049531 ], [ 54.650479523448375, 25.679419242023723 ], [ 54.650389691919962, 25.679419242023723 ], [ 54.650389691919962, 25.679868399665782 ], [ 54.650838849562021, 25.679868399665782 ], [ 54.650838849562021, 25.679958231194195 ], [ 54.650928681090434, 25.679958231194195 ], [ 54.650928681090434, 25.680048062722609 ], [ 54.651018512618847, 25.680048062722609 ], [ 54.651018512618847, 25.680137894251018 ], [ 54.65128800720408, 25.680137894251018 ], [ 54.65128800720408, 25.680227725779432 ], [ 54.651377838732493, 25.680227725779432 ], [ 54.651377838732493, 25.680317557307841 ], [ 54.651467670260907, 25.680317557307841 ], [ 54.651467670260907, 25.680497220364668 ], [ 54.65155750178932, 25.680497220364668 ], [ 54.65155750178932, 25.680587051893077 ], [ 54.651647333317726, 25.680587051893077 ], [ 54.651647333317726, 25.680766714949904 ], [ 54.651737164846139, 25.680766714949904 ], [ 54.651737164846139, 25.680856546478314 ], [ 54.651826996374552, 25.680856546478314 ], [ 54.651826996374552, 25.680946378006727 ], [ 54.651737164846139, 25.680946378006727 ], [ 54.651737164846139, 25.681305704120373 ], [ 54.651916827902966, 25.681305704120373 ], [ 54.651916827902966, 25.681395535648786 ], [ 54.652096490959792, 25.681395535648786 ], [ 54.652096490959792, 25.681485367177199 ], [ 54.652186322488198, 25.681485367177199 ], [ 54.652186322488198, 25.681575198705609 ], [ 54.652276154016612, 25.681575198705609 ], [ 54.652276154016612, 25.681665030234022 ], [ 54.652455817073438, 25.681665030234022 ], [ 54.652455817073438, 25.681754861762435 ], [ 54.652545648601851, 25.681754861762435 ], [ 54.652545648601851, 25.681844693290845 ], [ 54.652725311658671, 25.681844693290845 ], [ 54.652725311658671, 25.681934524819258 ], [ 54.652815143187084, 25.681934524819258 ], [ 54.652815143187084, 25.682204019404494 ], [ 54.652725311658671, 25.682204019404494 ], [ 54.652725311658671, 25.682293850932904 ], [ 54.652815143187084, 25.682293850932904 ], [ 54.652815143187084, 25.682383682461317 ], [ 54.653264300829143, 25.682383682461317 ], [ 54.653264300829143, 25.682293850932904 ], [ 54.653354132357556, 25.682293850932904 ], [ 54.653354132357556, 25.682383682461317 ], [ 54.653713458471202, 25.682383682461317 ], [ 54.653713458471202, 25.682473513989731 ], [ 54.653893121528029, 25.682473513989731 ], [ 54.653893121528029, 25.68256334551814 ], [ 54.653982953056442, 25.68256334551814 ], [ 54.653982953056442, 25.682743008574967 ], [ 54.653893121528029, 25.682743008574967 ], [ 54.653893121528029, 25.682832840103377 ], [ 54.653803289999615, 25.682832840103377 ], [ 54.653803289999615, 25.683102334688613 ], [ 54.653713458471202, 25.683102334688613 ], [ 54.653713458471202, 25.683192166217026 ], [ 54.653623626942789, 25.683192166217026 ], [ 54.653623626942789, 25.683281997745436 ], [ 54.653713458471202, 25.683281997745436 ], [ 54.653713458471202, 25.683551492330672 ], [ 54.653533795414383, 25.683551492330672 ], [ 54.653533795414383, 25.683371829273849 ], [ 54.653443963885969, 25.683371829273849 ], [ 54.653443963885969, 25.683281997745436 ], [ 54.653264300829143, 25.683281997745436 ], [ 54.653264300829143, 25.683371829273849 ], [ 54.65317446930073, 25.683371829273849 ], [ 54.65317446930073, 25.683461660802262 ], [ 54.653354132357556, 25.683461660802262 ], [ 54.653354132357556, 25.683551492330672 ], [ 54.653443963885969, 25.683551492330672 ], [ 54.653443963885969, 25.683641323859085 ], [ 54.653354132357556, 25.683641323859085 ], [ 54.653354132357556, 25.683820986915908 ], [ 54.65317446930073, 25.683820986915908 ], [ 54.65317446930073, 25.684090481501144 ], [ 54.653264300829143, 25.684090481501144 ], [ 54.653264300829143, 25.684180313029557 ], [ 54.653354132357556, 25.684180313029557 ], [ 54.653354132357556, 25.684270144557967 ], [ 54.653443963885969, 25.684270144557967 ], [ 54.653443963885969, 25.68435997608638 ], [ 54.653533795414383, 25.68435997608638 ], [ 54.653533795414383, 25.684449807614794 ], [ 54.653623626942789, 25.684449807614794 ], [ 54.653623626942789, 25.684629470671617 ], [ 54.653803289999615, 25.684629470671617 ], [ 54.653803289999615, 25.684809133728439 ], [ 54.653893121528029, 25.684809133728439 ], [ 54.653893121528029, 25.685078628313676 ], [ 54.654072784584855, 25.685078628313676 ], [ 54.654072784584855, 25.685168459842089 ], [ 54.654162616113261, 25.685168459842089 ], [ 54.654162616113261, 25.685258291370499 ], [ 54.654252447641674, 25.685258291370499 ], [ 54.654252447641674, 25.685348122898912 ], [ 54.65461177375532, 25.685348122898912 ], [ 54.65461177375532, 25.685976943597797 ], [ 54.654521942226914, 25.685976943597797 ], [ 54.654521942226914, 25.686066775126207 ], [ 54.654432110698501, 25.686066775126207 ], [ 54.654432110698501, 25.68615660665462 ], [ 54.654521942226914, 25.68615660665462 ], [ 54.654521942226914, 25.68624643818303 ], [ 54.654072784584855, 25.68624643818303 ], [ 54.654072784584855, 25.686515932768266 ], [ 54.654521942226914, 25.686515932768266 ], [ 54.654521942226914, 25.686695595825093 ], [ 54.654701605283734, 25.686695595825093 ], [ 54.654701605283734, 25.686965090410329 ], [ 54.65461177375532, 25.686965090410329 ], [ 54.65461177375532, 25.687144753467152 ], [ 54.654521942226914, 25.687144753467152 ], [ 54.654521942226914, 25.687234584995561 ], [ 54.654342279170088, 25.687234584995561 ], [ 54.654342279170088, 25.687144753467152 ], [ 54.654162616113261, 25.687144753467152 ], [ 54.654162616113261, 25.687054921938739 ], [ 54.654072784584855, 25.687054921938739 ], [ 54.654072784584855, 25.687144753467152 ], [ 54.653803289999615, 25.687144753467152 ], [ 54.653803289999615, 25.687054921938739 ], [ 54.653623626942789, 25.687054921938739 ], [ 54.653623626942789, 25.686965090410329 ], [ 54.653443963885969, 25.686965090410329 ], [ 54.653443963885969, 25.686875258881916 ], [ 54.653354132357556, 25.686875258881916 ], [ 54.653354132357556, 25.686695595825093 ], [ 54.653264300829143, 25.686695595825093 ], [ 54.653264300829143, 25.686605764296679 ], [ 54.652725311658671, 25.686605764296679 ], [ 54.652725311658671, 25.686695595825093 ], [ 54.652635480130257, 25.686695595825093 ], [ 54.652635480130257, 25.686785427353502 ], [ 54.652545648601851, 25.686785427353502 ], [ 54.652545648601851, 25.686875258881916 ], [ 54.652096490959792, 25.686875258881916 ], [ 54.652096490959792, 25.686965090410329 ], [ 54.651647333317726, 25.686965090410329 ], [ 54.651647333317726, 25.687144753467152 ], [ 54.651467670260907, 25.687144753467152 ], [ 54.651467670260907, 25.687234584995561 ], [ 54.651198175675667, 25.687234584995561 ], [ 54.651198175675667, 25.687324416523975 ], [ 54.650749018033608, 25.687324416523975 ], [ 54.650749018033608, 25.687234584995561 ], [ 54.650659186505194, 25.687234584995561 ], [ 54.650659186505194, 25.687144753467152 ], [ 54.650569354976788, 25.687144753467152 ], [ 54.650569354976788, 25.687054921938739 ], [ 54.650389691919962, 25.687054921938739 ], [ 54.650389691919962, 25.686965090410329 ], [ 54.650210028863135, 25.686965090410329 ], [ 54.650210028863135, 25.687054921938739 ], [ 54.650120197334729, 25.687054921938739 ], [ 54.650120197334729, 25.687144753467152 ], [ 54.649940534277903, 25.687144753467152 ], [ 54.649940534277903, 25.687234584995561 ], [ 54.648952387465371, 25.687234584995561 ], [ 54.648952387465371, 25.687324416523975 ], [ 54.648862555936958, 25.687324416523975 ], [ 54.648862555936958, 25.687414248052388 ], [ 54.648772724408545, 25.687414248052388 ], [ 54.648772724408545, 25.687504079580798 ], [ 54.648593061351725, 25.687504079580798 ], [ 54.648593061351725, 25.687593911109211 ], [ 54.648413398294899, 25.687593911109211 ], [ 54.648413398294899, 25.687683742637624 ], [ 54.648054072181253, 25.687683742637624 ], [ 54.648054072181253, 25.687773574166034 ], [ 54.647245588425541, 25.687773574166034 ], [ 54.647245588425541, 25.687863405694447 ], [ 54.646976093840308, 25.687863405694447 ], [ 54.646976093840308, 25.68795323722286 ], [ 54.646886262311895, 25.68795323722286 ], [ 54.646886262311895, 25.68804306875127 ], [ 54.646796430783482, 25.68804306875127 ], [ 54.646796430783482, 25.688671889450156 ], [ 54.646886262311895, 25.688671889450156 ], [ 54.646886262311895, 25.688761720978565 ], [ 54.646976093840308, 25.688761720978565 ], [ 54.646976093840308, 25.688851552506978 ], [ 54.647065925368722, 25.688851552506978 ], [ 54.647065925368722, 25.688941384035392 ], [ 54.647155756897135, 25.688941384035392 ], [ 54.647155756897135, 25.689121047092215 ], [ 54.647245588425541, 25.689121047092215 ], [ 54.647245588425541, 25.689210878620624 ], [ 54.647425251482368, 25.689210878620624 ], [ 54.647425251482368, 25.689300710149038 ], [ 54.647515083010781, 25.689300710149038 ], [ 54.647515083010781, 25.689390541677451 ], [ 54.6476947460676, 25.689390541677451 ], [ 54.6476947460676, 25.689480373205861 ], [ 54.64796424065284, 25.689480373205861 ], [ 54.64796424065284, 25.689570204734274 ], [ 54.648054072181253, 25.689570204734274 ], [ 54.648054072181253, 25.689660036262687 ], [ 54.648143903709666, 25.689660036262687 ], [ 54.648143903709666, 25.68983969931951 ], [ 54.648233735238072, 25.68983969931951 ], [ 54.648233735238072, 25.689749867791097 ], [ 54.648323566766486, 25.689749867791097 ], [ 54.648323566766486, 25.68983969931951 ], [ 54.648503229823312, 25.68983969931951 ], [ 54.648503229823312, 25.689749867791097 ], [ 54.649042218993785, 25.689749867791097 ], [ 54.649042218993785, 25.68983969931951 ], [ 54.649132050522198, 25.68983969931951 ], [ 54.649132050522198, 25.690019362376333 ], [ 54.649221882050604, 25.690019362376333 ], [ 54.649221882050604, 25.690558351546805 ], [ 54.649132050522198, 25.690558351546805 ], [ 54.649132050522198, 25.690648183075218 ], [ 54.649042218993785, 25.690648183075218 ], [ 54.649042218993785, 25.690738014603628 ], [ 54.648952387465371, 25.690738014603628 ], [ 54.648952387465371, 25.690827846132041 ], [ 54.648682892880132, 25.690827846132041 ], [ 54.648682892880132, 25.690917677660455 ], [ 54.648323566766486, 25.690917677660455 ], [ 54.648323566766486, 25.690827846132041 ], [ 54.648233735238072, 25.690827846132041 ], [ 54.648233735238072, 25.690738014603628 ], [ 54.648143903709666, 25.690738014603628 ], [ 54.648143903709666, 25.690558351546805 ], [ 54.64796424065284, 25.690558351546805 ], [ 54.64796424065284, 25.690468520018392 ], [ 54.647874409124427, 25.690468520018392 ], [ 54.647874409124427, 25.690378688489982 ], [ 54.6476947460676, 25.690378688489982 ], [ 54.6476947460676, 25.690288856961569 ], [ 54.647604914539194, 25.690288856961569 ], [ 54.647604914539194, 25.690199025433156 ], [ 54.647425251482368, 25.690199025433156 ], [ 54.647425251482368, 25.690109193904746 ], [ 54.647335419953954, 25.690109193904746 ], [ 54.647335419953954, 25.690199025433156 ], [ 54.647245588425541, 25.690199025433156 ], [ 54.647245588425541, 25.690109193904746 ], [ 54.647155756897135, 25.690109193904746 ], [ 54.647155756897135, 25.690019362376333 ], [ 54.647065925368722, 25.690019362376333 ], [ 54.647065925368722, 25.689929530847923 ], [ 54.646706599255069, 25.689929530847923 ], [ 54.646706599255069, 25.690019362376333 ], [ 54.646526936198249, 25.690019362376333 ], [ 54.646526936198249, 25.690109193904746 ], [ 54.64607777855619, 25.690109193904746 ], [ 54.64607777855619, 25.690019362376333 ], [ 54.645987947027777, 25.690019362376333 ], [ 54.645987947027777, 25.689929530847923 ], [ 54.645898115499364, 25.689929530847923 ], [ 54.645898115499364, 25.68983969931951 ], [ 54.64580828397095, 25.68983969931951 ], [ 54.64580828397095, 25.689749867791097 ], [ 54.645628620914131, 25.689749867791097 ], [ 54.645628620914131, 25.689660036262687 ], [ 54.645538789385718, 25.689660036262687 ], [ 54.645538789385718, 25.689570204734274 ], [ 54.645448957857305, 25.689570204734274 ], [ 54.645448957857305, 25.689480373205861 ], [ 54.645359126328891, 25.689480373205861 ], [ 54.645359126328891, 25.689210878620624 ], [ 54.645269294800478, 25.689210878620624 ], [ 54.645269294800478, 25.689121047092215 ], [ 54.645089631743659, 25.689121047092215 ], [ 54.645089631743659, 25.689031215563801 ], [ 54.644909968686832, 25.689031215563801 ], [ 54.644909968686832, 25.688941384035392 ], [ 54.6446404741016, 25.688941384035392 ], [ 54.6446404741016, 25.688851552506978 ], [ 54.644460811044773, 25.688851552506978 ], [ 54.644460811044773, 25.688761720978565 ], [ 54.64437097951636, 25.688761720978565 ], [ 54.64437097951636, 25.688671889450156 ], [ 54.644191316459541, 25.688671889450156 ], [ 54.644191316459541, 25.688582057921742 ], [ 54.644101484931127, 25.688582057921742 ], [ 54.644101484931127, 25.688492226393329 ], [ 54.644011653402714, 25.688492226393329 ], [ 54.644011653402714, 25.688402394864919 ], [ 54.643742158817474, 25.688402394864919 ], [ 54.643742158817474, 25.688492226393329 ], [ 54.643203169647009, 25.688492226393329 ], [ 54.643203169647009, 25.688402394864919 ], [ 54.643113338118596, 25.688402394864919 ], [ 54.643113338118596, 25.688312563336506 ], [ 54.643023506590183, 25.688312563336506 ], [ 54.643023506590183, 25.688222731808093 ], [ 54.642933675061769, 25.688222731808093 ], [ 54.642933675061769, 25.688132900279683 ], [ 54.642394685891297, 25.688132900279683 ], [ 54.642394685891297, 25.688222731808093 ], [ 54.642304854362884, 25.688222731808093 ], [ 54.642304854362884, 25.688312563336506 ], [ 54.642035359777651, 25.688312563336506 ], [ 54.642035359777651, 25.688402394864919 ], [ 54.641765865192411, 25.688402394864919 ], [ 54.641765865192411, 25.688492226393329 ], [ 54.641676033664005, 25.688492226393329 ], [ 54.641676033664005, 25.688582057921742 ], [ 54.641586202135592, 25.688582057921742 ], [ 54.641586202135592, 25.688671889450156 ], [ 54.641406539078766, 25.688671889450156 ], [ 54.641406539078766, 25.688761720978565 ], [ 54.64104721296512, 25.688761720978565 ], [ 54.64104721296512, 25.688671889450156 ], [ 54.640957381436706, 25.688671889450156 ], [ 54.640957381436706, 25.688582057921742 ], [ 54.640867549908293, 25.688582057921742 ], [ 54.640867549908293, 25.688492226393329 ], [ 54.64077771837988, 25.688492226393329 ], [ 54.64077771837988, 25.688402394864919 ], [ 54.640598055323061, 25.688402394864919 ], [ 54.640598055323061, 25.68804306875127 ], [ 54.639969234624175, 25.68804306875127 ], [ 54.639969234624175, 25.687773574166034 ], [ 54.639879403095762, 25.687773574166034 ], [ 54.639879403095762, 25.687683742637624 ], [ 54.639699740038942, 25.687683742637624 ], [ 54.639699740038942, 25.687773574166034 ], [ 54.639430245453703, 25.687773574166034 ], [ 54.639430245453703, 25.687863405694447 ], [ 54.638801424754817, 25.687863405694447 ], [ 54.638801424754817, 25.687773574166034 ], [ 54.638711593226411, 25.687773574166034 ], [ 54.638711593226411, 25.687683742637624 ], [ 54.638621761697998, 25.687683742637624 ], [ 54.638621761697998, 25.687593911109211 ], [ 54.638531930169584, 25.687593911109211 ], [ 54.638531930169584, 25.687504079580798 ], [ 54.638442098641171, 25.687504079580798 ], [ 54.638442098641171, 25.687414248052388 ], [ 54.637723446413879, 25.687414248052388 ], [ 54.637723446413879, 25.687324416523975 ], [ 54.637633614885466, 25.687324416523975 ], [ 54.637633614885466, 25.687234584995561 ], [ 54.637543783357053, 25.687234584995561 ], [ 54.637543783357053, 25.687144753467152 ], [ 54.63745395182864, 25.687144753467152 ], [ 54.63745395182864, 25.687054921938739 ], [ 54.637364120300226, 25.687054921938739 ], [ 54.637364120300226, 25.686965090410329 ], [ 54.63727428877182, 25.686965090410329 ], [ 54.63727428877182, 25.686785427353502 ], [ 54.637184457243407, 25.686785427353502 ], [ 54.637184457243407, 25.686695595825093 ], [ 54.637094625714994, 25.686695595825093 ], [ 54.637094625714994, 25.686605764296679 ], [ 54.637004794186581, 25.686605764296679 ], [ 54.637004794186581, 25.68624643818303 ], [ 54.636914962658167, 25.68624643818303 ], [ 54.636914962658167, 25.686066775126207 ], [ 54.636825131129754, 25.686066775126207 ], [ 54.636825131129754, 25.685887112069384 ], [ 54.636735299601348, 25.685887112069384 ], [ 54.636735299601348, 25.685797280540971 ], [ 54.636645468072935, 25.685797280540971 ], [ 54.636645468072935, 25.685707449012561 ], [ 54.636555636544522, 25.685707449012561 ], [ 54.636555636544522, 25.685527785955735 ], [ 54.636465805016108, 25.685527785955735 ], [ 54.636465805016108, 25.685437954427325 ], [ 54.636375973487695, 25.685437954427325 ], [ 54.636375973487695, 25.685348122898912 ], [ 54.636286141959289, 25.685348122898912 ], [ 54.636286141959289, 25.685258291370499 ], [ 54.636106478902462, 25.685258291370499 ], [ 54.636106478902462, 25.685168459842089 ], [ 54.636016647374049, 25.685168459842089 ], [ 54.636016647374049, 25.685078628313676 ], [ 54.635926815845636, 25.685078628313676 ], [ 54.635926815845636, 25.684898965256853 ], [ 54.635836984317223, 25.684898965256853 ], [ 54.635836984317223, 25.684629470671617 ], [ 54.635747152788817, 25.684629470671617 ], [ 54.635747152788817, 25.68435997608638 ], [ 54.635657321260403, 25.68435997608638 ], [ 54.635657321260403, 25.684270144557967 ], [ 54.63556748973199, 25.684270144557967 ], [ 54.63556748973199, 25.683910818444321 ], [ 54.635387826675164, 25.683910818444321 ], [ 54.635387826675164, 25.683820986915908 ], [ 54.635208163618344, 25.683820986915908 ], [ 54.635208163618344, 25.683731155387498 ], [ 54.635118332089931, 25.683731155387498 ], [ 54.635118332089931, 25.683820986915908 ], [ 54.635028500561518, 25.683820986915908 ], [ 54.635028500561518, 25.683910818444321 ], [ 54.634938669033104, 25.683910818444321 ], [ 54.634938669033104, 25.684000649972734 ], [ 54.634848837504691, 25.684000649972734 ], [ 54.634848837504691, 25.684090481501144 ], [ 54.634759005976285, 25.684090481501144 ], [ 54.634759005976285, 25.684180313029557 ], [ 54.634669174447872, 25.684180313029557 ], [ 54.634669174447872, 25.684270144557967 ], [ 54.634220016805813, 25.684270144557967 ], [ 54.634220016805813, 25.68435997608638 ], [ 54.633950522220573, 25.68435997608638 ], [ 54.633950522220573, 25.684180313029557 ], [ 54.63386069069216, 25.684180313029557 ], [ 54.63386069069216, 25.684000649972734 ], [ 54.633770859163754, 25.684000649972734 ], [ 54.633770859163754, 25.684090481501144 ], [ 54.63368102763534, 25.684090481501144 ], [ 54.63368102763534, 25.684180313029557 ], [ 54.633501364578514, 25.684180313029557 ], [ 54.633501364578514, 25.684090481501144 ], [ 54.633321701521695, 25.684090481501144 ], [ 54.633321701521695, 25.684000649972734 ], [ 54.633052206936455, 25.684000649972734 ], [ 54.633052206936455, 25.683910818444321 ], [ 54.632872543879628, 25.683910818444321 ], [ 54.632872543879628, 25.683820986915908 ], [ 54.632692880822809, 25.683820986915908 ], [ 54.632692880822809, 25.683731155387498 ], [ 54.632513217765982, 25.683731155387498 ], [ 54.632513217765982, 25.683551492330672 ], [ 54.632423386237569, 25.683551492330672 ], [ 54.632423386237569, 25.683371829273849 ], [ 54.632333554709156, 25.683371829273849 ], [ 54.632333554709156, 25.682832840103377 ], [ 54.63224372318075, 25.682832840103377 ], [ 54.63224372318075, 25.682743008574967 ], [ 54.632153891652337, 25.682743008574967 ], [ 54.632153891652337, 25.68256334551814 ], [ 54.632064060123923, 25.68256334551814 ], [ 54.632064060123923, 25.682473513989731 ], [ 54.63197422859551, 25.682473513989731 ], [ 54.63197422859551, 25.682383682461317 ], [ 54.631794565538691, 25.682383682461317 ], [ 54.631794565538691, 25.682293850932904 ], [ 54.631614902481864, 25.682293850932904 ], [ 54.631614902481864, 25.682204019404494 ], [ 54.630986081782979, 25.682204019404494 ], [ 54.630986081782979, 25.682293850932904 ], [ 54.630626755669333, 25.682293850932904 ], [ 54.630626755669333, 25.682383682461317 ], [ 54.629279282743155, 25.682383682461317 ], [ 54.629279282743155, 25.682293850932904 ], [ 54.628740293572683, 25.682293850932904 ], [ 54.628740293572683, 25.682204019404494 ], [ 54.62865046204427, 25.682204019404494 ], [ 54.62865046204427, 25.682114187876081 ], [ 54.628560630515857, 25.682114187876081 ], [ 54.628560630515857, 25.681934524819258 ], [ 54.628470798987443, 25.681934524819258 ], [ 54.628470798987443, 25.681844693290845 ], [ 54.628560630515857, 25.681844693290845 ], [ 54.628560630515857, 25.680946378006727 ], [ 54.628470798987443, 25.680946378006727 ], [ 54.628470798987443, 25.680856546478314 ], [ 54.62838096745903, 25.680856546478314 ], [ 54.62838096745903, 25.680766714949904 ], [ 54.628201304402211, 25.680766714949904 ], [ 54.628201304402211, 25.680676883421491 ], [ 54.628111472873798, 25.680676883421491 ], [ 54.628111472873798, 25.680587051893077 ], [ 54.628021641345384, 25.680587051893077 ], [ 54.628021641345384, 25.680497220364668 ], [ 54.627931809816971, 25.680497220364668 ], [ 54.627931809816971, 25.680407388836255 ], [ 54.627482652174912, 25.680407388836255 ], [ 54.627482652174912, 25.680497220364668 ], [ 54.627392820646499, 25.680497220364668 ], [ 54.627392820646499, 25.680587051893077 ], [ 54.62694366300444, 25.680587051893077 ], [ 54.62694366300444, 25.680407388836255 ], [ 54.627033494532853, 25.680407388836255 ], [ 54.627033494532853, 25.680227725779432 ], [ 54.627123326061266, 25.680227725779432 ], [ 54.627123326061266, 25.680137894251018 ], [ 54.627213157589679, 25.680137894251018 ], [ 54.627213157589679, 25.679778568137372 ], [ 54.627123326061266, 25.679778568137372 ], [ 54.627123326061266, 25.67932941049531 ], [ 54.627033494532853, 25.67932941049531 ], [ 54.627033494532853, 25.6792395789669 ], [ 54.62694366300444, 25.6792395789669 ], [ 54.62694366300444, 25.679059915910077 ], [ 54.62676399994762, 25.679059915910077 ], [ 54.62676399994762, 25.678790421324841 ], [ 54.626674168419207, 25.678790421324841 ], [ 54.626674168419207, 25.678610758268015 ], [ 54.62676399994762, 25.678610758268015 ], [ 54.62676399994762, 25.678071769097546 ], [ 54.626674168419207, 25.678071769097546 ], [ 54.626674168419207, 25.678161600625955 ], [ 54.626584336890794, 25.678161600625955 ], [ 54.626584336890794, 25.678071769097546 ], [ 54.62649450536238, 25.678071769097546 ], [ 54.62649450536238, 25.678161600625955 ], [ 54.626404673833967, 25.678161600625955 ], [ 54.626404673833967, 25.677892106040719 ], [ 54.626225010777148, 25.677892106040719 ], [ 54.626225010777148, 25.677622611455483 ], [ 54.626135179248735, 25.677622611455483 ], [ 54.626135179248735, 25.677532779927073 ], [ 54.625865684663502, 25.677532779927073 ], [ 54.625865684663502, 25.67744294839866 ], [ 54.625775853135089, 25.67744294839866 ], [ 54.625775853135089, 25.677353116870247 ], [ 54.625506358549849, 25.677353116870247 ], [ 54.625506358549849, 25.677263285341837 ], [ 54.62532669549303, 25.677263285341837 ], [ 54.62532669549303, 25.677173453813424 ], [ 54.624877537850971, 25.677173453813424 ], [ 54.624877537850971, 25.677263285341837 ], [ 54.624697874794144, 25.677263285341837 ], [ 54.624697874794144, 25.677353116870247 ], [ 54.624608043265731, 25.677353116870247 ], [ 54.624608043265731, 25.67744294839866 ], [ 54.624428380208904, 25.67744294839866 ], [ 54.624428380208904, 25.677622611455483 ], [ 54.624338548680498, 25.677622611455483 ], [ 54.624338548680498, 25.677712442983896 ], [ 54.624158885623672, 25.677712442983896 ], [ 54.624158885623672, 25.67780227451231 ], [ 54.623979222566845, 25.67780227451231 ], [ 54.623979222566845, 25.677712442983896 ], [ 54.623799559510026, 25.677712442983896 ], [ 54.623799559510026, 25.677622611455483 ], [ 54.623709727981613, 25.677622611455483 ], [ 54.623709727981613, 25.677532779927073 ], [ 54.623619896453199, 25.677532779927073 ], [ 54.623619896453199, 25.67744294839866 ], [ 54.623440233396373, 25.67744294839866 ], [ 54.623440233396373, 25.677353116870247 ], [ 54.622901244225908, 25.677353116870247 ], [ 54.622901244225908, 25.677263285341837 ], [ 54.622631749640668, 25.677263285341837 ], [ 54.622631749640668, 25.677173453813424 ], [ 54.622541918112255, 25.677173453813424 ], [ 54.622541918112255, 25.677083622285014 ], [ 54.622452086583841, 25.677083622285014 ], [ 54.622452086583841, 25.676993790756601 ], [ 54.622362255055435, 25.676993790756601 ], [ 54.622362255055435, 25.676185307000893 ], [ 54.622452086583841, 25.676185307000893 ], [ 54.622452086583841, 25.67600564394407 ], [ 54.622541918112255, 25.67600564394407 ], [ 54.622541918112255, 25.675915812415656 ], [ 54.622452086583841, 25.675915812415656 ], [ 54.622452086583841, 25.675825980887247 ], [ 54.622182591998609, 25.675825980887247 ], [ 54.622182591998609, 25.675736149358833 ], [ 54.622092760470196, 25.675736149358833 ], [ 54.622092760470196, 25.67564631783042 ], [ 54.621913097413376, 25.67564631783042 ], [ 54.621913097413376, 25.675466654773597 ], [ 54.62173343435655, 25.675466654773597 ], [ 54.62173343435655, 25.675286991716774 ], [ 54.621823265884963, 25.675286991716774 ], [ 54.621823265884963, 25.675197160188361 ], [ 54.62173343435655, 25.675197160188361 ], [ 54.62173343435655, 25.674837834074715 ], [ 54.621823265884963, 25.674837834074715 ], [ 54.621823265884963, 25.674478507961066 ], [ 54.62173343435655, 25.674478507961066 ], [ 54.62173343435655, 25.67420901337583 ], [ 54.621643602828136, 25.67420901337583 ], [ 54.621643602828136, 25.674119181847416 ], [ 54.621553771299723, 25.674119181847416 ], [ 54.621553771299723, 25.674029350319007 ], [ 54.621374108242904, 25.674029350319007 ], [ 54.621374108242904, 25.673849687262184 ], [ 54.621284276714491, 25.673849687262184 ], [ 54.621284276714491, 25.673759855733771 ], [ 54.621194445186077, 25.673759855733771 ], [ 54.621194445186077, 25.673670024205357 ], [ 54.621104613657664, 25.673670024205357 ], [ 54.621104613657664, 25.673580192676948 ], [ 54.621014782129251, 25.673580192676948 ], [ 54.621014782129251, 25.673490361148534 ], [ 54.620924950600845, 25.673490361148534 ], [ 54.620924950600845, 25.673400529620121 ], [ 54.620835119072431, 25.673400529620121 ], [ 54.620835119072431, 25.673310698091711 ], [ 54.620655456015605, 25.673310698091711 ], [ 54.620655456015605, 25.673220866563298 ], [ 54.620385961430372, 25.673220866563298 ], [ 54.620385961430372, 25.673131035034885 ], [ 54.620296129901959, 25.673131035034885 ], [ 54.620296129901959, 25.673041203506475 ], [ 54.620206298373546, 25.673041203506475 ], [ 54.620206298373546, 25.672951371978062 ], [ 54.620116466845133, 25.672951371978062 ], [ 54.620116466845133, 25.672861540449652 ], [ 54.619936803788313, 25.672861540449652 ], [ 54.619936803788313, 25.672771708921239 ], [ 54.619757140731487, 25.672771708921239 ], [ 54.619757140731487, 25.672681877392826 ], [ 54.61957747767466, 25.672681877392826 ], [ 54.61957747767466, 25.672592045864416 ], [ 54.619487646146247, 25.672592045864416 ], [ 54.619487646146247, 25.672502214336003 ], [ 54.619218151561014, 25.672502214336003 ], [ 54.619218151561014, 25.67241238280759 ], [ 54.618948656975782, 25.67241238280759 ], [ 54.618948656975782, 25.67232255127918 ], [ 54.618858825447369, 25.67232255127918 ], [ 54.618858825447369, 25.672232719750767 ], [ 54.618589330862129, 25.672232719750767 ], [ 54.618589330862129, 25.672142888222353 ], [ 54.61814017322007, 25.672142888222353 ], [ 54.61814017322007, 25.672053056693944 ], [ 54.61796051016325, 25.672053056693944 ], [ 54.61796051016325, 25.671334404466648 ], [ 54.617780847106424, 25.671334404466648 ], [ 54.617780847106424, 25.671244572938235 ], [ 54.617691015578011, 25.671244572938235 ], [ 54.617691015578011, 25.671154741409822 ], [ 54.617601184049597, 25.671154741409822 ], [ 54.617601184049597, 25.671064909881412 ], [ 54.617511352521184, 25.671064909881412 ], [ 54.617511352521184, 25.670975078352999 ], [ 54.617421520992778, 25.670975078352999 ], [ 54.617421520992778, 25.670705583767763 ], [ 54.617331689464365, 25.670705583767763 ], [ 54.617331689464365, 25.670615752239353 ], [ 54.617241857935952, 25.670615752239353 ], [ 54.617241857935952, 25.670256426125704 ], [ 54.617152026407538, 25.670256426125704 ], [ 54.617152026407538, 25.670166594597291 ], [ 54.617062194879125, 25.670166594597291 ], [ 54.617062194879125, 25.669807268483645 ], [ 54.616702868765479, 25.669807268483645 ], [ 54.616702868765479, 25.669717436955231 ], [ 54.616433374180247, 25.669717436955231 ], [ 54.616433374180247, 25.669627605426822 ], [ 54.616343542651833, 25.669627605426822 ], [ 54.616343542651833, 25.669537773898409 ], [ 54.616163879595007, 25.669537773898409 ], [ 54.616163879595007, 25.669178447784759 ], [ 54.616074048066594, 25.669178447784759 ], [ 54.616074048066594, 25.668908953199526 ], [ 54.615984216538187, 25.668908953199526 ], [ 54.615984216538187, 25.668819121671113 ], [ 54.615804553481361, 25.668819121671113 ], [ 54.615804553481361, 25.668549627085877 ], [ 54.615894385009774, 25.668549627085877 ], [ 54.615894385009774, 25.668369964029054 ], [ 54.615984216538187, 25.668369964029054 ], [ 54.615984216538187, 25.668280132500641 ], [ 54.616074048066594, 25.668280132500641 ], [ 54.616074048066594, 25.667920806386995 ], [ 54.615984216538187, 25.667920806386995 ], [ 54.615984216538187, 25.667741143330169 ], [ 54.615894385009774, 25.667741143330169 ], [ 54.615894385009774, 25.667651311801759 ], [ 54.615714721952948, 25.667651311801759 ], [ 54.615714721952948, 25.667561480273346 ], [ 54.615355395839302, 25.667561480273346 ], [ 54.615355395839302, 25.667741143330169 ], [ 54.615265564310889, 25.667741143330169 ], [ 54.615265564310889, 25.668100469443818 ], [ 54.615085901254062, 25.668100469443818 ], [ 54.615085901254062, 25.667920806386995 ], [ 54.614996069725656, 25.667920806386995 ], [ 54.614996069725656, 25.667830974858582 ], [ 54.615085901254062, 25.667830974858582 ], [ 54.615085901254062, 25.667741143330169 ], [ 54.614996069725656, 25.667741143330169 ], [ 54.614996069725656, 25.667561480273346 ], [ 54.615085901254062, 25.667561480273346 ], [ 54.615085901254062, 25.667381817216523 ], [ 54.614996069725656, 25.667381817216523 ], [ 54.614996069725656, 25.66684282804605 ], [ 54.61481640666883, 25.66684282804605 ], [ 54.61481640666883, 25.666752996517637 ], [ 54.614726575140416, 25.666752996517637 ], [ 54.614726575140416, 25.666663164989227 ], [ 54.61454691208359, 25.666663164989227 ], [ 54.61454691208359, 25.666483501932401 ], [ 54.614457080555184, 25.666483501932401 ], [ 54.614457080555184, 25.666393670403991 ], [ 54.614277417498357, 25.666393670403991 ], [ 54.614277417498357, 25.666303838875578 ], [ 54.614187585969944, 25.666303838875578 ], [ 54.614187585969944, 25.666124175818755 ], [ 54.614097754441531, 25.666124175818755 ], [ 54.614097754441531, 25.666034344290342 ], [ 54.614187585969944, 25.666034344290342 ], [ 54.614187585969944, 25.665854681233519 ], [ 54.614277417498357, 25.665854681233519 ], [ 54.614277417498357, 25.665764849705106 ], [ 54.614636743612003, 25.665764849705106 ], [ 54.614636743612003, 25.665675018176696 ], [ 54.614726575140416, 25.665675018176696 ], [ 54.614726575140416, 25.665764849705106 ], [ 54.61481640666883, 25.665764849705106 ], [ 54.61481640666883, 25.665675018176696 ], [ 54.615085901254062, 25.665675018176696 ], [ 54.615085901254062, 25.664776702892574 ], [ 54.614996069725656, 25.664776702892574 ], [ 54.614996069725656, 25.664686871364164 ], [ 54.614906238197243, 25.664686871364164 ], [ 54.614906238197243, 25.664237713722102 ], [ 54.614996069725656, 25.664237713722102 ], [ 54.614996069725656, 25.664058050665279 ], [ 54.614906238197243, 25.664058050665279 ], [ 54.614906238197243, 25.663968219136869 ], [ 54.61481640666883, 25.663968219136869 ], [ 54.61481640666883, 25.663878387608456 ], [ 54.614726575140416, 25.663878387608456 ], [ 54.614726575140416, 25.663519061494807 ], [ 54.614636743612003, 25.663519061494807 ], [ 54.614636743612003, 25.663069903852747 ], [ 54.61454691208359, 25.663069903852747 ], [ 54.61454691208359, 25.662890240795925 ], [ 54.61436724902677, 25.662890240795925 ], [ 54.61436724902677, 25.662800409267511 ], [ 54.614187585969944, 25.662800409267511 ], [ 54.614187585969944, 25.662710577739102 ], [ 54.614097754441531, 25.662710577739102 ], [ 54.614097754441531, 25.662530914682275 ], [ 54.614007922913125, 25.662530914682275 ], [ 54.614007922913125, 25.662351251625452 ], [ 54.613918091384711, 25.662351251625452 ], [ 54.613918091384711, 25.662171588568629 ], [ 54.613828259856298, 25.662171588568629 ], [ 54.613828259856298, 25.661991925511806 ], [ 54.613738428327885, 25.661991925511806 ], [ 54.613738428327885, 25.661542767869744 ], [ 54.613648596799472, 25.661542767869744 ], [ 54.613648596799472, 25.661093610227685 ], [ 54.613558765271058, 25.661093610227685 ], [ 54.613558765271058, 25.661003778699275 ], [ 54.613468933742652, 25.661003778699275 ], [ 54.613468933742652, 25.660824115642448 ], [ 54.613379102214239, 25.660824115642448 ], [ 54.613379102214239, 25.660644452585625 ], [ 54.613289270685826, 25.660644452585625 ], [ 54.613289270685826, 25.660554621057212 ], [ 54.613199439157412, 25.660554621057212 ], [ 54.613199439157412, 25.660285126471976 ], [ 54.613109607628999, 25.660285126471976 ], [ 54.613109607628999, 25.660015631886743 ], [ 54.613019776100593, 25.660015631886743 ], [ 54.613019776100593, 25.659835968829917 ], [ 54.61292994457218, 25.659835968829917 ], [ 54.61292994457218, 25.659656305773094 ], [ 54.612750281515353, 25.659656305773094 ], [ 54.612750281515353, 25.659566474244681 ], [ 54.612570618458527, 25.659566474244681 ], [ 54.612570618458527, 25.659476642716271 ], [ 54.612390955401708, 25.659476642716271 ], [ 54.612390955401708, 25.659386811187858 ], [ 54.612301123873294, 25.659386811187858 ], [ 54.612301123873294, 25.659296979659445 ], [ 54.612211292344881, 25.659296979659445 ], [ 54.612211292344881, 25.659207148131035 ], [ 54.612121460816468, 25.659207148131035 ], [ 54.612121460816468, 25.659027485074212 ], [ 54.612031629288062, 25.659027485074212 ], [ 54.612031629288062, 25.658937653545799 ], [ 54.611851966231235, 25.658937653545799 ], [ 54.611851966231235, 25.658757990488976 ], [ 54.611762134702822, 25.658757990488976 ], [ 54.611762134702822, 25.658398664375326 ], [ 54.611672303174409, 25.658398664375326 ], [ 54.611672303174409, 25.658308832846913 ], [ 54.611582471645995, 25.658308832846913 ], [ 54.611582471645995, 25.65812916979009 ], [ 54.611672303174409, 25.65812916979009 ], [ 54.611672303174409, 25.657949506733267 ], [ 54.611851966231235, 25.657949506733267 ], [ 54.611851966231235, 25.657769843676444 ], [ 54.611672303174409, 25.657769843676444 ], [ 54.611672303174409, 25.657680012148031 ], [ 54.611582471645995, 25.657680012148031 ], [ 54.611582471645995, 25.657590180619618 ], [ 54.611492640117589, 25.657590180619618 ], [ 54.611492640117589, 25.657500349091208 ], [ 54.61104348247553, 25.657500349091208 ], [ 54.61104348247553, 25.657410517562795 ], [ 54.610953650947117, 25.657410517562795 ], [ 54.610953650947117, 25.657320686034382 ], [ 54.610863819418704, 25.657320686034382 ], [ 54.610863819418704, 25.656871528392323 ], [ 54.61077398789029, 25.656871528392323 ], [ 54.61077398789029, 25.657051191449145 ], [ 54.610684156361877, 25.657051191449145 ], [ 54.610684156361877, 25.657141022977559 ], [ 54.610414661776645, 25.657141022977559 ], [ 54.610414661776645, 25.656961359920736 ], [ 54.610324830248231, 25.656961359920736 ], [ 54.610324830248231, 25.656871528392323 ], [ 54.610234998719818, 25.656871528392323 ], [ 54.610234998719818, 25.656781696863913 ], [ 54.610145167191405, 25.656781696863913 ], [ 54.610145167191405, 25.656602033807086 ], [ 54.610055335662999, 25.656602033807086 ], [ 54.610055335662999, 25.656512202278677 ], [ 54.609965504134586, 25.656512202278677 ], [ 54.609965504134586, 25.656422370750263 ], [ 54.609875672606172, 25.656422370750263 ], [ 54.609875672606172, 25.65633253922185 ], [ 54.609785841077759, 25.65633253922185 ], [ 54.609785841077759, 25.656242707693441 ], [ 54.609696009549346, 25.656242707693441 ], [ 54.609696009549346, 25.656152876165027 ], [ 54.609606178020933, 25.656152876165027 ], [ 54.609606178020933, 25.656063044636614 ], [ 54.609516346492526, 25.656063044636614 ], [ 54.609516346492526, 25.655973213108204 ], [ 54.609426514964113, 25.655973213108204 ], [ 54.609426514964113, 25.655703718522968 ], [ 54.6093366834357, 25.655703718522968 ], [ 54.6093366834357, 25.654535908653614 ], [ 54.609426514964113, 25.654535908653614 ], [ 54.609426514964113, 25.654356245596787 ], [ 54.609516346492526, 25.654356245596787 ], [ 54.609516346492526, 25.653278267255846 ], [ 54.609426514964113, 25.653278267255846 ], [ 54.609426514964113, 25.653368098784256 ], [ 54.6093366834357, 25.653368098784256 ], [ 54.6093366834357, 25.653188435727433 ], [ 54.609246851907287, 25.653188435727433 ], [ 54.609246851907287, 25.65309860419902 ], [ 54.609157020378873, 25.65309860419902 ], [ 54.609157020378873, 25.652918941142197 ], [ 54.609246851907287, 25.652918941142197 ], [ 54.609246851907287, 25.652739278085374 ], [ 54.609157020378873, 25.652739278085374 ], [ 54.609157020378873, 25.652379951971724 ], [ 54.608977357322054, 25.652379951971724 ], [ 54.608977357322054, 25.652200288914901 ], [ 54.608887525793641, 25.652200288914901 ], [ 54.608887525793641, 25.652020625858079 ], [ 54.608797694265228, 25.652020625858079 ], [ 54.608797694265228, 25.651391805159193 ], [ 54.608887525793641, 25.651391805159193 ], [ 54.608887525793641, 25.651301973630783 ], [ 54.608797694265228, 25.651301973630783 ], [ 54.608797694265228, 25.649954500704602 ], [ 54.608707862736814, 25.649954500704602 ], [ 54.608707862736814, 25.649864669176193 ], [ 54.608618031208401, 25.649864669176193 ], [ 54.608618031208401, 25.64941551153413 ], [ 54.608528199679995, 25.64941551153413 ], [ 54.608528199679995, 25.649235848477307 ], [ 54.608438368151582, 25.649235848477307 ], [ 54.608438368151582, 25.649146016948894 ], [ 54.608348536623168, 25.649146016948894 ], [ 54.608348536623168, 25.649056185420484 ], [ 54.608258705094755, 25.649056185420484 ], [ 54.608258705094755, 25.648966353892071 ], [ 54.608168873566342, 25.648966353892071 ], [ 54.608168873566342, 25.648876522363661 ], [ 54.608079042037936, 25.648876522363661 ], [ 54.608079042037936, 25.648786690835248 ], [ 54.607989210509523, 25.648786690835248 ], [ 54.607989210509523, 25.648696859306835 ], [ 54.607899378981109, 25.648696859306835 ], [ 54.607899378981109, 25.648517196250012 ], [ 54.607809547452696, 25.648517196250012 ], [ 54.607809547452696, 25.648427364721599 ], [ 54.607719715924283, 25.648427364721599 ], [ 54.607719715924283, 25.648337533193189 ], [ 54.60762988439587, 25.648337533193189 ], [ 54.60762988439587, 25.648247701664776 ], [ 54.607540052867463, 25.648247701664776 ], [ 54.607540052867463, 25.648157870136362 ], [ 54.60745022133905, 25.648157870136362 ], [ 54.60745022133905, 25.648068038607953 ], [ 54.607360389810637, 25.648068038607953 ], [ 54.607360389810637, 25.647978207079539 ], [ 54.607270558282224, 25.647978207079539 ], [ 54.607270558282224, 25.647798544022717 ], [ 54.607360389810637, 25.647798544022717 ], [ 54.607360389810637, 25.647708712494303 ], [ 54.60745022133905, 25.647708712494303 ], [ 54.60745022133905, 25.647618880965894 ], [ 54.607540052867463, 25.647618880965894 ], [ 54.607540052867463, 25.64752904943748 ], [ 54.607719715924283, 25.64752904943748 ], [ 54.607719715924283, 25.647439217909067 ], [ 54.607809547452696, 25.647439217909067 ], [ 54.607809547452696, 25.647349386380657 ], [ 54.607899378981109, 25.647349386380657 ], [ 54.607899378981109, 25.647079891795421 ], [ 54.607809547452696, 25.647079891795421 ], [ 54.607809547452696, 25.646990060267008 ], [ 54.607899378981109, 25.646990060267008 ], [ 54.607899378981109, 25.646810397210185 ], [ 54.608887525793641, 25.646810397210185 ], [ 54.608887525793641, 25.646720565681772 ], [ 54.608707862736814, 25.646720565681772 ], [ 54.608707862736814, 25.646630734153362 ], [ 54.608618031208401, 25.646630734153362 ], [ 54.608618031208401, 25.646540902624949 ], [ 54.608528199679995, 25.646540902624949 ], [ 54.608528199679995, 25.646361239568126 ], [ 54.608438368151582, 25.646361239568126 ], [ 54.608438368151582, 25.646181576511299 ], [ 54.608348536623168, 25.646181576511299 ], [ 54.608348536623168, 25.645822250397654 ], [ 54.608438368151582, 25.645822250397654 ], [ 54.608438368151582, 25.645642587340831 ], [ 54.608528199679995, 25.645642587340831 ], [ 54.608528199679995, 25.645552755812417 ], [ 54.608618031208401, 25.645552755812417 ], [ 54.608618031208401, 25.645462924284004 ], [ 54.608707862736814, 25.645462924284004 ], [ 54.608707862736814, 25.645283261227181 ], [ 54.608618031208401, 25.645283261227181 ], [ 54.608618031208401, 25.644923935113535 ], [ 54.608528199679995, 25.644923935113535 ], [ 54.608528199679995, 25.644834103585122 ], [ 54.608438368151582, 25.644834103585122 ], [ 54.608438368151582, 25.644744272056709 ], [ 54.608168873566342, 25.644744272056709 ], [ 54.608168873566342, 25.644654440528299 ], [ 54.608079042037936, 25.644654440528299 ], [ 54.608079042037936, 25.644564608999886 ], [ 54.607899378981109, 25.644564608999886 ], [ 54.607899378981109, 25.644384945943063 ], [ 54.607809547452696, 25.644384945943063 ], [ 54.607809547452696, 25.64429511441465 ], [ 54.607719715924283, 25.64429511441465 ], [ 54.607719715924283, 25.644025619829414 ], [ 54.607809547452696, 25.644025619829414 ], [ 54.607809547452696, 25.643935788301004 ], [ 54.607899378981109, 25.643935788301004 ], [ 54.607899378981109, 25.643666293715768 ], [ 54.607809547452696, 25.643666293715768 ], [ 54.607809547452696, 25.643396799130532 ], [ 54.607899378981109, 25.643396799130532 ], [ 54.607899378981109, 25.643306967602118 ], [ 54.607989210509523, 25.643306967602118 ], [ 54.607989210509523, 25.643217136073705 ], [ 54.608079042037936, 25.643217136073705 ], [ 54.608079042037936, 25.643127304545295 ], [ 54.608168873566342, 25.643127304545295 ], [ 54.608168873566342, 25.642857809960059 ], [ 54.608258705094755, 25.642857809960059 ], [ 54.608258705094755, 25.642588315374823 ], [ 54.608438368151582, 25.642588315374823 ], [ 54.608438368151582, 25.64249848384641 ], [ 54.608528199679995, 25.64249848384641 ], [ 54.608528199679995, 25.642408652318 ], [ 54.608618031208401, 25.642408652318 ], [ 54.608618031208401, 25.642049326204351 ], [ 54.608528199679995, 25.642049326204351 ], [ 54.608528199679995, 25.641330673977055 ], [ 54.608618031208401, 25.641330673977055 ], [ 54.608618031208401, 25.641061179391819 ], [ 54.608707862736814, 25.641061179391819 ], [ 54.608707862736814, 25.640881516334996 ], [ 54.608618031208401, 25.640881516334996 ], [ 54.608618031208401, 25.640701853278173 ], [ 54.608528199679995, 25.640701853278173 ], [ 54.608528199679995, 25.640522190221347 ], [ 54.608438368151582, 25.640522190221347 ], [ 54.608438368151582, 25.640432358692937 ], [ 54.608348536623168, 25.640432358692937 ], [ 54.608348536623168, 25.640252695636111 ], [ 54.608258705094755, 25.640252695636111 ], [ 54.608258705094755, 25.640073032579288 ], [ 54.608348536623168, 25.640073032579288 ], [ 54.608348536623168, 25.639983201050875 ], [ 54.608438368151582, 25.639983201050875 ], [ 54.608438368151582, 25.639893369522465 ], [ 54.608618031208401, 25.639893369522465 ], [ 54.608618031208401, 25.639713706465642 ], [ 54.608797694265228, 25.639713706465642 ], [ 54.608797694265228, 25.639264548823579 ], [ 54.608707862736814, 25.639264548823579 ], [ 54.608707862736814, 25.638995054238343 ], [ 54.608618031208401, 25.638995054238343 ], [ 54.608618031208401, 25.638725559653111 ], [ 54.608528199679995, 25.638725559653111 ], [ 54.608528199679995, 25.638635728124697 ], [ 54.608438368151582, 25.638635728124697 ], [ 54.608438368151582, 25.638456065067874 ], [ 54.608258705094755, 25.638456065067874 ], [ 54.608258705094755, 25.638366233539461 ], [ 54.608168873566342, 25.638366233539461 ], [ 54.608168873566342, 25.638096738954225 ], [ 54.608258705094755, 25.638096738954225 ], [ 54.608258705094755, 25.637737412840579 ], [ 54.608168873566342, 25.637737412840579 ], [ 54.608168873566342, 25.637647581312166 ], [ 54.608079042037936, 25.637647581312166 ], [ 54.608079042037936, 25.637557749783753 ], [ 54.607989210509523, 25.637557749783753 ], [ 54.607989210509523, 25.637467918255343 ], [ 54.608079042037936, 25.637467918255343 ], [ 54.608079042037936, 25.63737808672693 ], [ 54.607989210509523, 25.63737808672693 ], [ 54.607989210509523, 25.637108592141693 ], [ 54.608079042037936, 25.637108592141693 ], [ 54.608079042037936, 25.63701876061328 ], [ 54.607989210509523, 25.63701876061328 ], [ 54.607989210509523, 25.636928929084871 ], [ 54.607719715924283, 25.636928929084871 ], [ 54.607719715924283, 25.63701876061328 ], [ 54.60745022133905, 25.63701876061328 ], [ 54.60745022133905, 25.637108592141693 ], [ 54.607270558282224, 25.637108592141693 ], [ 54.607270558282224, 25.63701876061328 ], [ 54.607090895225404, 25.63701876061328 ], [ 54.607090895225404, 25.637108592141693 ], [ 54.606911232168578, 25.637108592141693 ], [ 54.606911232168578, 25.637198423670107 ], [ 54.606731569111751, 25.637198423670107 ], [ 54.606731569111751, 25.637288255198516 ], [ 54.606641737583338, 25.637288255198516 ], [ 54.606641737583338, 25.637108592141693 ], [ 54.606551906054932, 25.637108592141693 ], [ 54.606551906054932, 25.636839097556457 ], [ 54.606641737583338, 25.636839097556457 ], [ 54.606641737583338, 25.636749266028048 ], [ 54.606731569111751, 25.636749266028048 ], [ 54.606731569111751, 25.636659434499634 ], [ 54.606911232168578, 25.636659434499634 ], [ 54.606911232168578, 25.636479771442811 ], [ 54.606821400640165, 25.636479771442811 ], [ 54.606821400640165, 25.635940782272339 ], [ 54.607001063696991, 25.635940782272339 ], [ 54.607001063696991, 25.635850950743926 ], [ 54.607090895225404, 25.635850950743926 ], [ 54.607090895225404, 25.635761119215516 ], [ 54.607001063696991, 25.635761119215516 ], [ 54.607001063696991, 25.635311961573453 ], [ 54.607180726753811, 25.635311961573453 ], [ 54.607180726753811, 25.635222130045044 ], [ 54.607090895225404, 25.635222130045044 ], [ 54.607090895225404, 25.635132298516631 ], [ 54.607001063696991, 25.635132298516631 ], [ 54.607001063696991, 25.634683140874571 ], [ 54.606911232168578, 25.634683140874571 ], [ 54.606911232168578, 25.634772972402985 ], [ 54.606462074526519, 25.634772972402985 ], [ 54.606462074526519, 25.634862803931394 ], [ 54.606551906054932, 25.634862803931394 ], [ 54.606551906054932, 25.635042466988217 ], [ 54.606641737583338, 25.635042466988217 ], [ 54.606641737583338, 25.635132298516631 ], [ 54.606911232168578, 25.635132298516631 ], [ 54.606911232168578, 25.63549162463028 ], [ 54.606821400640165, 25.63549162463028 ], [ 54.606821400640165, 25.635401793101867 ], [ 54.606731569111751, 25.635401793101867 ], [ 54.606731569111751, 25.635311961573453 ], [ 54.606641737583338, 25.635311961573453 ], [ 54.606641737583338, 25.635222130045044 ], [ 54.606551906054932, 25.635222130045044 ], [ 54.606551906054932, 25.635132298516631 ], [ 54.606372242998106, 25.635132298516631 ], [ 54.606372242998106, 25.634772972402985 ], [ 54.606282411469692, 25.634772972402985 ], [ 54.606282411469692, 25.634593309346158 ], [ 54.606192579941279, 25.634593309346158 ], [ 54.606192579941279, 25.634323814760922 ], [ 54.606102748412873, 25.634323814760922 ], [ 54.606102748412873, 25.634233983232512 ], [ 54.605833253827633, 25.634233983232512 ], [ 54.605833253827633, 25.634144151704099 ], [ 54.604575612429869, 25.634144151704099 ], [ 54.604575612429869, 25.634233983232512 ], [ 54.604485780901456, 25.634233983232512 ], [ 54.604485780901456, 25.634323814760922 ], [ 54.604395949373043, 25.634323814760922 ], [ 54.604395949373043, 25.634413646289335 ], [ 54.604306117844629, 25.634413646289335 ], [ 54.604306117844629, 25.634503477817749 ], [ 54.604216286316216, 25.634503477817749 ], [ 54.604216286316216, 25.634593309346158 ], [ 54.60412645478781, 25.634593309346158 ], [ 54.60412645478781, 25.634952635459808 ], [ 54.604216286316216, 25.634952635459808 ], [ 54.604216286316216, 25.635042466988217 ], [ 54.604395949373043, 25.635042466988217 ], [ 54.604395949373043, 25.635222130045044 ], [ 54.604216286316216, 25.635222130045044 ], [ 54.604216286316216, 25.635132298516631 ], [ 54.604036623259397, 25.635132298516631 ], [ 54.604036623259397, 25.634952635459808 ], [ 54.603946791730984, 25.634952635459808 ], [ 54.603946791730984, 25.634862803931394 ], [ 54.603497634088924, 25.634862803931394 ], [ 54.603497634088924, 25.634952635459808 ], [ 54.603407802560511, 25.634952635459808 ], [ 54.603407802560511, 25.635042466988217 ], [ 54.603317971032098, 25.635042466988217 ], [ 54.603317971032098, 25.635222130045044 ], [ 54.603228139503685, 25.635222130045044 ], [ 54.603228139503685, 25.635311961573453 ], [ 54.603138307975279, 25.635311961573453 ], [ 54.603138307975279, 25.635401793101867 ], [ 54.603048476446865, 25.635401793101867 ], [ 54.603048476446865, 25.63558145615869 ], [ 54.602958644918452, 25.63558145615869 ], [ 54.602958644918452, 25.635671287687103 ], [ 54.602868813390039, 25.635671287687103 ], [ 54.602868813390039, 25.636210276857575 ], [ 54.602958644918452, 25.636210276857575 ], [ 54.602958644918452, 25.636300108385985 ], [ 54.602868813390039, 25.636300108385985 ], [ 54.602868813390039, 25.636479771442811 ], [ 54.602509487276393, 25.636479771442811 ], [ 54.602509487276393, 25.636389939914398 ], [ 54.60241965574798, 25.636389939914398 ], [ 54.60241965574798, 25.636210276857575 ], [ 54.602329824219566, 25.636210276857575 ], [ 54.602329824219566, 25.636120445329162 ], [ 54.601880666577507, 25.636120445329162 ], [ 54.601880666577507, 25.636210276857575 ], [ 54.601611171992275, 25.636210276857575 ], [ 54.601611171992275, 25.636120445329162 ], [ 54.601431508935448, 25.636120445329162 ], [ 54.601431508935448, 25.636030613800749 ], [ 54.601251845878622, 25.636030613800749 ], [ 54.601251845878622, 25.635940782272339 ], [ 54.600623025179743, 25.635940782272339 ], [ 54.600623025179743, 25.635761119215516 ], [ 54.60053319365133, 25.635761119215516 ], [ 54.60053319365133, 25.63558145615869 ], [ 54.600443362122917, 25.63558145615869 ], [ 54.600443362122917, 25.63549162463028 ], [ 54.600353530594504, 25.63549162463028 ], [ 54.600353530594504, 25.635401793101867 ], [ 54.60026369906609, 25.635401793101867 ], [ 54.60026369906609, 25.635222130045044 ], [ 54.600173867537677, 25.635222130045044 ], [ 54.600173867537677, 25.634593309346158 ], [ 54.600084036009271, 25.634593309346158 ], [ 54.600084036009271, 25.634503477817749 ], [ 54.600173867537677, 25.634503477817749 ], [ 54.600173867537677, 25.634413646289335 ], [ 54.600084036009271, 25.634413646289335 ], [ 54.600084036009271, 25.634233983232512 ], [ 54.600173867537677, 25.634233983232512 ], [ 54.600173867537677, 25.634144151704099 ], [ 54.600084036009271, 25.634144151704099 ], [ 54.600084036009271, 25.633964488647276 ], [ 54.600173867537677, 25.633964488647276 ], [ 54.600173867537677, 25.63369499406204 ], [ 54.600084036009271, 25.63369499406204 ], [ 54.600084036009271, 25.633784825590453 ], [ 54.599994204480858, 25.633784825590453 ], [ 54.599994204480858, 25.63369499406204 ], [ 54.599455215310385, 25.63369499406204 ], [ 54.599455215310385, 25.633784825590453 ], [ 54.599275552253559, 25.633784825590453 ], [ 54.599275552253559, 25.633874657118863 ], [ 54.599006057668326, 25.633874657118863 ], [ 54.599006057668326, 25.633964488647276 ], [ 54.5988263946115, 25.633964488647276 ], [ 54.5988263946115, 25.634054320175686 ], [ 54.598736563083087, 25.634054320175686 ], [ 54.598736563083087, 25.633964488647276 ], [ 54.59864673155468, 25.633964488647276 ], [ 54.59864673155468, 25.634054320175686 ], [ 54.598556900026267, 25.634054320175686 ], [ 54.598556900026267, 25.633964488647276 ], [ 54.598467068497854, 25.633964488647276 ], [ 54.598467068497854, 25.633874657118863 ], [ 54.598377236969441, 25.633874657118863 ], [ 54.598377236969441, 25.633784825590453 ], [ 54.598287405441027, 25.633784825590453 ], [ 54.598287405441027, 25.63369499406204 ], [ 54.598197573912614, 25.63369499406204 ], [ 54.598197573912614, 25.633245836419981 ], [ 54.598287405441027, 25.633245836419981 ], [ 54.598287405441027, 25.633156004891568 ], [ 54.598377236969441, 25.633156004891568 ], [ 54.598377236969441, 25.632976341834745 ], [ 54.598467068497854, 25.632976341834745 ], [ 54.598467068497854, 25.632886510306331 ], [ 54.598556900026267, 25.632886510306331 ], [ 54.598556900026267, 25.632796678777922 ], [ 54.59864673155468, 25.632796678777922 ], [ 54.59864673155468, 25.632527184192686 ], [ 54.598556900026267, 25.632527184192686 ], [ 54.598556900026267, 25.632347521135859 ], [ 54.59864673155468, 25.632347521135859 ], [ 54.59864673155468, 25.632257689607449 ], [ 54.598736563083087, 25.632257689607449 ], [ 54.598736563083087, 25.632167858079036 ], [ 54.598916226139913, 25.632167858079036 ], [ 54.598916226139913, 25.631988195022213 ], [ 54.599006057668326, 25.631988195022213 ], [ 54.599006057668326, 25.63180853196539 ], [ 54.59909588919674, 25.63180853196539 ], [ 54.59909588919674, 25.631359374323328 ], [ 54.599006057668326, 25.631359374323328 ], [ 54.599006057668326, 25.631269542794918 ], [ 54.598916226139913, 25.631269542794918 ], [ 54.598916226139913, 25.631000048209682 ], [ 54.5988263946115, 25.631000048209682 ], [ 54.5988263946115, 25.630910216681269 ], [ 54.598467068497854, 25.630910216681269 ], [ 54.598467068497854, 25.631000048209682 ], [ 54.598377236969441, 25.631000048209682 ], [ 54.598377236969441, 25.631179711266505 ], [ 54.598287405441027, 25.631179711266505 ], [ 54.598287405441027, 25.631269542794918 ], [ 54.598197573912614, 25.631269542794918 ], [ 54.598197573912614, 25.631359374323328 ], [ 54.598107742384208, 25.631359374323328 ], [ 54.598107742384208, 25.631449205851741 ], [ 54.597928079327382, 25.631449205851741 ], [ 54.597928079327382, 25.631628868908564 ], [ 54.597838247798968, 25.631628868908564 ], [ 54.597838247798968, 25.631718700436977 ], [ 54.597928079327382, 25.631718700436977 ], [ 54.597928079327382, 25.6318983634938 ], [ 54.598017910855795, 25.6318983634938 ], [ 54.598017910855795, 25.632257689607449 ], [ 54.597838247798968, 25.632257689607449 ], [ 54.597838247798968, 25.632347521135859 ], [ 54.597748416270555, 25.632347521135859 ], [ 54.597748416270555, 25.632257689607449 ], [ 54.597658584742149, 25.632257689607449 ], [ 54.597658584742149, 25.632347521135859 ], [ 54.597389090156909, 25.632347521135859 ], [ 54.597389090156909, 25.632257689607449 ], [ 54.597299258628496, 25.632257689607449 ], [ 54.597299258628496, 25.632167858079036 ], [ 54.597209427100083, 25.632167858079036 ], [ 54.597209427100083, 25.631988195022213 ], [ 54.597119595571677, 25.631988195022213 ], [ 54.597119595571677, 25.63180853196539 ], [ 54.597029764043263, 25.63180853196539 ], [ 54.597029764043263, 25.631628868908564 ], [ 54.59693993251485, 25.631628868908564 ], [ 54.59693993251485, 25.631449205851741 ], [ 54.596850100986437, 25.631449205851741 ], [ 54.596850100986437, 25.631269542794918 ], [ 54.596760269458024, 25.631269542794918 ], [ 54.596760269458024, 25.631089879738091 ], [ 54.596670437929617, 25.631089879738091 ], [ 54.596670437929617, 25.630820385152859 ], [ 54.596580606401204, 25.630820385152859 ], [ 54.596580606401204, 25.630371227510796 ], [ 54.596490774872791, 25.630371227510796 ], [ 54.596490774872791, 25.630281395982387 ], [ 54.596580606401204, 25.630281395982387 ], [ 54.596580606401204, 25.630191564453973 ], [ 54.596490774872791, 25.630191564453973 ], [ 54.596490774872791, 25.629922069868737 ], [ 54.596580606401204, 25.629922069868737 ], [ 54.596580606401204, 25.629832238340327 ], [ 54.596670437929617, 25.629832238340327 ], [ 54.596670437929617, 25.629742406811914 ], [ 54.596760269458024, 25.629742406811914 ], [ 54.596760269458024, 25.629652575283501 ], [ 54.59693993251485, 25.629652575283501 ], [ 54.59693993251485, 25.629472912226678 ], [ 54.597119595571677, 25.629472912226678 ], [ 54.597119595571677, 25.629562743755091 ], [ 54.597209427100083, 25.629562743755091 ], [ 54.597209427100083, 25.629383080698265 ], [ 54.597299258628496, 25.629383080698265 ], [ 54.597299258628496, 25.629293249169855 ], [ 54.597389090156909, 25.629293249169855 ], [ 54.597389090156909, 25.629203417641442 ], [ 54.597478921685322, 25.629203417641442 ], [ 54.597478921685322, 25.629113586113029 ], [ 54.597389090156909, 25.629113586113029 ], [ 54.597389090156909, 25.629023754584619 ], [ 54.597209427100083, 25.629023754584619 ], [ 54.597209427100083, 25.629113586113029 ], [ 54.597119595571677, 25.629113586113029 ], [ 54.597119595571677, 25.629203417641442 ], [ 54.597029764043263, 25.629203417641442 ], [ 54.597029764043263, 25.629293249169855 ], [ 54.59693993251485, 25.629293249169855 ], [ 54.59693993251485, 25.629383080698265 ], [ 54.596760269458024, 25.629383080698265 ], [ 54.596760269458024, 25.629293249169855 ], [ 54.596850100986437, 25.629293249169855 ], [ 54.596850100986437, 25.629203417641442 ], [ 54.596760269458024, 25.629203417641442 ], [ 54.596760269458024, 25.628844091527796 ], [ 54.596670437929617, 25.628844091527796 ], [ 54.596670437929617, 25.628664428470969 ], [ 54.596760269458024, 25.628664428470969 ], [ 54.596760269458024, 25.628125439300497 ], [ 54.596850100986437, 25.628125439300497 ], [ 54.596850100986437, 25.62821527082891 ], [ 54.59693993251485, 25.62821527082891 ], [ 54.59693993251485, 25.628305102357324 ], [ 54.597029764043263, 25.628305102357324 ], [ 54.597029764043263, 25.62821527082891 ], [ 54.597209427100083, 25.62821527082891 ], [ 54.597209427100083, 25.628305102357324 ], [ 54.597389090156909, 25.628305102357324 ], [ 54.597389090156909, 25.62821527082891 ], [ 54.597478921685322, 25.62821527082891 ], [ 54.597478921685322, 25.628035607772087 ], [ 54.597568753213736, 25.628035607772087 ], [ 54.597568753213736, 25.627945776243674 ], [ 54.598197573912614, 25.627945776243674 ], [ 54.598197573912614, 25.627855944715265 ], [ 54.598287405441027, 25.627855944715265 ], [ 54.598287405441027, 25.627766113186851 ], [ 54.598377236969441, 25.627766113186851 ], [ 54.598377236969441, 25.627676281658438 ], [ 54.598467068497854, 25.627676281658438 ], [ 54.598467068497854, 25.627496618601615 ], [ 54.598556900026267, 25.627496618601615 ], [ 54.598556900026267, 25.627316955544792 ], [ 54.598467068497854, 25.627316955544792 ], [ 54.598467068497854, 25.627137292487966 ], [ 54.598377236969441, 25.627137292487966 ], [ 54.598377236969441, 25.627047460959556 ], [ 54.598197573912614, 25.627047460959556 ], [ 54.598197573912614, 25.626957629431143 ], [ 54.598017910855795, 25.626957629431143 ], [ 54.598017910855795, 25.626867797902733 ], [ 54.597838247798968, 25.626867797902733 ], [ 54.597838247798968, 25.626688134845907 ], [ 54.597748416270555, 25.626688134845907 ], [ 54.597748416270555, 25.62641864026067 ], [ 54.597658584742149, 25.62641864026067 ], [ 54.597658584742149, 25.626059314147025 ], [ 54.597748416270555, 25.626059314147025 ], [ 54.597748416270555, 25.625879651090202 ], [ 54.597838247798968, 25.625879651090202 ], [ 54.597838247798968, 25.625520324976552 ], [ 54.597748416270555, 25.625520324976552 ], [ 54.597748416270555, 25.625430493448139 ], [ 54.597658584742149, 25.625430493448139 ], [ 54.597658584742149, 25.625250830391316 ], [ 54.597568753213736, 25.625250830391316 ], [ 54.597568753213736, 25.625160998862903 ], [ 54.597478921685322, 25.625160998862903 ], [ 54.597478921685322, 25.62498133580608 ], [ 54.597389090156909, 25.62498133580608 ], [ 54.597389090156909, 25.624801672749257 ], [ 54.597299258628496, 25.624801672749257 ], [ 54.597299258628496, 25.624711841220844 ], [ 54.597119595571677, 25.624711841220844 ], [ 54.597119595571677, 25.624532178164021 ], [ 54.597029764043263, 25.624532178164021 ], [ 54.597029764043263, 25.624352515107198 ], [ 54.597119595571677, 25.624352515107198 ], [ 54.597119595571677, 25.623903357465135 ], [ 54.597209427100083, 25.623903357465135 ], [ 54.597209427100083, 25.623813525936725 ], [ 54.59864673155468, 25.623813525936725 ], [ 54.59864673155468, 25.623723694408312 ], [ 54.597568753213736, 25.623723694408312 ], [ 54.597568753213736, 25.623633862879903 ], [ 54.597389090156909, 25.623633862879903 ], [ 54.597389090156909, 25.623544031351489 ], [ 54.597299258628496, 25.623544031351489 ], [ 54.597299258628496, 25.623364368294666 ], [ 54.597389090156909, 25.623364368294666 ], [ 54.597389090156909, 25.623274536766253 ], [ 54.597568753213736, 25.623274536766253 ], [ 54.597568753213736, 25.62318470523784 ], [ 54.597748416270555, 25.62318470523784 ], [ 54.597748416270555, 25.62309487370943 ], [ 54.597838247798968, 25.62309487370943 ], [ 54.597838247798968, 25.623005042181017 ], [ 54.597928079327382, 25.623005042181017 ], [ 54.597928079327382, 25.622915210652604 ], [ 54.598017910855795, 25.622915210652604 ], [ 54.598017910855795, 25.622825379124194 ], [ 54.598107742384208, 25.622825379124194 ], [ 54.598107742384208, 25.622645716067371 ], [ 54.598197573912614, 25.622645716067371 ], [ 54.598197573912614, 25.622466053010545 ], [ 54.598287405441027, 25.622466053010545 ], [ 54.598287405441027, 25.622376221482135 ], [ 54.598377236969441, 25.622376221482135 ], [ 54.598377236969441, 25.622286389953722 ], [ 54.598467068497854, 25.622286389953722 ], [ 54.598467068497854, 25.622196558425308 ], [ 54.59864673155468, 25.622196558425308 ], [ 54.59864673155468, 25.622016895368485 ], [ 54.598556900026267, 25.622016895368485 ], [ 54.598556900026267, 25.621927063840072 ], [ 54.598467068497854, 25.621927063840072 ], [ 54.598467068497854, 25.621837232311663 ], [ 54.598107742384208, 25.621837232311663 ], [ 54.598107742384208, 25.621747400783249 ], [ 54.597928079327382, 25.621747400783249 ], [ 54.597928079327382, 25.621567737726426 ], [ 54.597748416270555, 25.621567737726426 ], [ 54.597748416270555, 25.621477906198013 ], [ 54.597568753213736, 25.621477906198013 ], [ 54.597568753213736, 25.621388074669603 ], [ 54.597299258628496, 25.621388074669603 ], [ 54.597299258628496, 25.621477906198013 ], [ 54.597209427100083, 25.621477906198013 ], [ 54.597209427100083, 25.621567737726426 ], [ 54.597029764043263, 25.621567737726426 ], [ 54.597029764043263, 25.62165756925484 ], [ 54.596580606401204, 25.62165756925484 ], [ 54.596580606401204, 25.621567737726426 ], [ 54.596490774872791, 25.621567737726426 ], [ 54.596490774872791, 25.62129824314119 ], [ 54.596670437929617, 25.62129824314119 ], [ 54.596670437929617, 25.621208411612777 ], [ 54.596850100986437, 25.621208411612777 ], [ 54.596850100986437, 25.621118580084367 ], [ 54.596760269458024, 25.621118580084367 ], [ 54.596760269458024, 25.620938917027541 ], [ 54.596850100986437, 25.620938917027541 ], [ 54.596850100986437, 25.620489759385482 ], [ 54.596760269458024, 25.620489759385482 ], [ 54.596760269458024, 25.620399927857072 ], [ 54.597029764043263, 25.620399927857072 ], [ 54.597029764043263, 25.620310096328659 ], [ 54.597389090156909, 25.620310096328659 ], [ 54.597389090156909, 25.620220264800246 ], [ 54.597478921685322, 25.620220264800246 ], [ 54.597478921685322, 25.620130433271836 ], [ 54.597568753213736, 25.620130433271836 ], [ 54.597568753213736, 25.6198609386866 ], [ 54.597748416270555, 25.6198609386866 ], [ 54.597748416270555, 25.619771107158186 ], [ 54.597928079327382, 25.619771107158186 ], [ 54.597928079327382, 25.61950161257295 ], [ 54.598017910855795, 25.61950161257295 ], [ 54.598017910855795, 25.619411781044541 ], [ 54.598107742384208, 25.619411781044541 ], [ 54.598107742384208, 25.619321949516127 ], [ 54.597838247798968, 25.619321949516127 ], [ 54.597838247798968, 25.619411781044541 ], [ 54.597658584742149, 25.619411781044541 ], [ 54.597658584742149, 25.619321949516127 ], [ 54.597748416270555, 25.619321949516127 ], [ 54.597748416270555, 25.619232117987714 ], [ 54.597658584742149, 25.619232117987714 ], [ 54.597658584742149, 25.619142286459304 ], [ 54.597568753213736, 25.619142286459304 ], [ 54.597568753213736, 25.619052454930891 ], [ 54.597478921685322, 25.619052454930891 ], [ 54.597478921685322, 25.618962623402478 ], [ 54.597299258628496, 25.618962623402478 ], [ 54.597299258628496, 25.618872791874068 ], [ 54.597119595571677, 25.618872791874068 ], [ 54.597119595571677, 25.618782960345655 ], [ 54.596221280287551, 25.618782960345655 ], [ 54.596221280287551, 25.618872791874068 ], [ 54.596041617230732, 25.618872791874068 ], [ 54.596041617230732, 25.618962623402478 ], [ 54.595951785702319, 25.618962623402478 ], [ 54.595951785702319, 25.619232117987714 ], [ 54.596041617230732, 25.619232117987714 ], [ 54.596041617230732, 25.619321949516127 ], [ 54.596131448759145, 25.619321949516127 ], [ 54.596131448759145, 25.619411781044541 ], [ 54.596400943344378, 25.619411781044541 ], [ 54.596400943344378, 25.61950161257295 ], [ 54.596490774872791, 25.61950161257295 ], [ 54.596490774872791, 25.619591444101363 ], [ 54.596850100986437, 25.619591444101363 ], [ 54.596850100986437, 25.619771107158186 ], [ 54.596760269458024, 25.619771107158186 ], [ 54.596760269458024, 25.6198609386866 ], [ 54.596580606401204, 25.6198609386866 ], [ 54.596580606401204, 25.619950770215009 ], [ 54.596400943344378, 25.619950770215009 ], [ 54.596400943344378, 25.6198609386866 ], [ 54.595592459588673, 25.6198609386866 ], [ 54.595592459588673, 25.619950770215009 ], [ 54.594963638889787, 25.619950770215009 ], [ 54.594963638889787, 25.6198609386866 ], [ 54.594783975832961, 25.6198609386866 ], [ 54.594783975832961, 25.619950770215009 ], [ 54.594694144304555, 25.619950770215009 ], [ 54.594694144304555, 25.620130433271836 ], [ 54.594604312776141, 25.620130433271836 ], [ 54.594604312776141, 25.620220264800246 ], [ 54.594424649719315, 25.620220264800246 ], [ 54.594424649719315, 25.620310096328659 ], [ 54.594244986662488, 25.620310096328659 ], [ 54.594244986662488, 25.620399927857072 ], [ 54.594065323605669, 25.620399927857072 ], [ 54.594065323605669, 25.620489759385482 ], [ 54.593975492077256, 25.620489759385482 ], [ 54.593975492077256, 25.620579590913895 ], [ 54.593885660548843, 25.620579590913895 ], [ 54.593885660548843, 25.620938917027541 ], [ 54.593975492077256, 25.620938917027541 ], [ 54.593975492077256, 25.621118580084367 ], [ 54.594065323605669, 25.621118580084367 ], [ 54.594065323605669, 25.621208411612777 ], [ 54.594244986662488, 25.621208411612777 ], [ 54.594244986662488, 25.621567737726426 ], [ 54.594155155134082, 25.621567737726426 ], [ 54.594155155134082, 25.621747400783249 ], [ 54.594065323605669, 25.621747400783249 ], [ 54.594065323605669, 25.621927063840072 ], [ 54.594155155134082, 25.621927063840072 ], [ 54.594155155134082, 25.622016895368485 ], [ 54.594065323605669, 25.622016895368485 ], [ 54.594065323605669, 25.622196558425308 ], [ 54.593885660548843, 25.622196558425308 ], [ 54.593885660548843, 25.622106726896899 ], [ 54.593795829020429, 25.622106726896899 ], [ 54.593795829020429, 25.622196558425308 ], [ 54.593705997492023, 25.622196558425308 ], [ 54.593705997492023, 25.622106726896899 ], [ 54.59361616596361, 25.622106726896899 ], [ 54.59361616596361, 25.621927063840072 ], [ 54.593526334435197, 25.621927063840072 ], [ 54.593526334435197, 25.621837232311663 ], [ 54.593436502906783, 25.621837232311663 ], [ 54.593436502906783, 25.621747400783249 ], [ 54.59334667137837, 25.621747400783249 ], [ 54.59334667137837, 25.62165756925484 ], [ 54.593436502906783, 25.62165756925484 ], [ 54.593436502906783, 25.621477906198013 ], [ 54.593526334435197, 25.621477906198013 ], [ 54.593526334435197, 25.62129824314119 ], [ 54.593436502906783, 25.62129824314119 ], [ 54.593436502906783, 25.621208411612777 ], [ 54.59334667137837, 25.621208411612777 ], [ 54.59334667137837, 25.621118580084367 ], [ 54.593167008321551, 25.621118580084367 ], [ 54.593167008321551, 25.620938917027541 ], [ 54.593077176793138, 25.620938917027541 ], [ 54.593077176793138, 25.620849085499131 ], [ 54.592897513736311, 25.620849085499131 ], [ 54.592897513736311, 25.620938917027541 ], [ 54.592717850679492, 25.620938917027541 ], [ 54.592717850679492, 25.621028748555954 ], [ 54.592538187622665, 25.621028748555954 ], [ 54.592538187622665, 25.620938917027541 ], [ 54.59172970386696, 25.620938917027541 ], [ 54.59172970386696, 25.621028748555954 ], [ 54.591550040810134, 25.621028748555954 ], [ 54.591550040810134, 25.620938917027541 ], [ 54.591370377753307, 25.620938917027541 ], [ 54.591370377753307, 25.620489759385482 ], [ 54.59146020928172, 25.620489759385482 ], [ 54.59146020928172, 25.620130433271836 ], [ 54.591550040810134, 25.620130433271836 ], [ 54.591550040810134, 25.619681275629777 ], [ 54.59146020928172, 25.619681275629777 ], [ 54.59146020928172, 25.619591444101363 ], [ 54.591280546224894, 25.619591444101363 ], [ 54.591280546224894, 25.619321949516127 ], [ 54.591190714696488, 25.619321949516127 ], [ 54.591190714696488, 25.619142286459304 ], [ 54.591100883168075, 25.619142286459304 ], [ 54.591100883168075, 25.618962623402478 ], [ 54.590921220111248, 25.618962623402478 ], [ 54.590921220111248, 25.618782960345655 ], [ 54.590831388582835, 25.618782960345655 ], [ 54.590831388582835, 25.618693128817245 ], [ 54.590741557054429, 25.618693128817245 ], [ 54.590741557054429, 25.618513465760419 ], [ 54.590651725526016, 25.618513465760419 ], [ 54.590651725526016, 25.617884645061537 ], [ 54.590561893997602, 25.617884645061537 ], [ 54.590561893997602, 25.617704982004714 ], [ 54.590472062469189, 25.617704982004714 ], [ 54.590472062469189, 25.617255824362651 ], [ 54.590561893997602, 25.617255824362651 ], [ 54.590561893997602, 25.617076161305828 ], [ 54.590472062469189, 25.617076161305828 ], [ 54.590472062469189, 25.616986329777415 ], [ 54.590382230940776, 25.616986329777415 ], [ 54.590382230940776, 25.616806666720592 ], [ 54.590472062469189, 25.616806666720592 ], [ 54.590472062469189, 25.616716835192182 ], [ 54.590561893997602, 25.616716835192182 ], [ 54.590561893997602, 25.616447340606946 ], [ 54.590651725526016, 25.616447340606946 ], [ 54.590651725526016, 25.616357509078533 ], [ 54.590831388582835, 25.616357509078533 ], [ 54.590831388582835, 25.61626767755012 ], [ 54.590921220111248, 25.61626767755012 ], [ 54.590921220111248, 25.61617784602171 ], [ 54.591100883168075, 25.61617784602171 ], [ 54.591100883168075, 25.615908351436474 ], [ 54.590741557054429, 25.615908351436474 ], [ 54.590741557054429, 25.615818519908061 ], [ 54.590561893997602, 25.615818519908061 ], [ 54.590561893997602, 25.615638856851238 ], [ 54.590651725526016, 25.615638856851238 ], [ 54.590651725526016, 25.615549025322824 ], [ 54.590831388582835, 25.615549025322824 ], [ 54.590831388582835, 25.615459193794415 ], [ 54.590921220111248, 25.615459193794415 ], [ 54.590921220111248, 25.615279530737588 ], [ 54.590831388582835, 25.615279530737588 ], [ 54.590831388582835, 25.615189699209179 ], [ 54.590651725526016, 25.615189699209179 ], [ 54.590651725526016, 25.615279530737588 ], [ 54.590561893997602, 25.615279530737588 ], [ 54.590561893997602, 25.615189699209179 ], [ 54.590382230940776, 25.615189699209179 ], [ 54.590382230940776, 25.615369362266001 ], [ 54.590292399412363, 25.615369362266001 ], [ 54.590292399412363, 25.615459193794415 ], [ 54.590202567883956, 25.615459193794415 ], [ 54.590202567883956, 25.615549025322824 ], [ 54.590112736355543, 25.615549025322824 ], [ 54.590112736355543, 25.615638856851238 ], [ 54.59002290482713, 25.615638856851238 ], [ 54.59002290482713, 25.615728688379651 ], [ 54.589933073298717, 25.615728688379651 ], [ 54.589933073298717, 25.615818519908061 ], [ 54.589843241770303, 25.615818519908061 ], [ 54.589843241770303, 25.615998182964884 ], [ 54.589753410241897, 25.615998182964884 ], [ 54.589753410241897, 25.616088014493297 ], [ 54.589663578713484, 25.616088014493297 ], [ 54.589663578713484, 25.61617784602171 ], [ 54.589573747185071, 25.61617784602171 ], [ 54.589573747185071, 25.616627003663769 ], [ 54.589663578713484, 25.616627003663769 ], [ 54.589663578713484, 25.616896498249005 ], [ 54.589573747185071, 25.616896498249005 ], [ 54.589573747185071, 25.616986329777415 ], [ 54.589214421071425, 25.616986329777415 ], [ 54.589214421071425, 25.617076161305828 ], [ 54.588765263429366, 25.617076161305828 ], [ 54.588765263429366, 25.617165992834241 ], [ 54.588495768844126, 25.617165992834241 ], [ 54.588495768844126, 25.617255824362651 ], [ 54.588046611202067, 25.617255824362651 ], [ 54.588046611202067, 25.617076161305828 ], [ 54.587866948145241, 25.617076161305828 ], [ 54.587866948145241, 25.616716835192182 ], [ 54.587777116616834, 25.616716835192182 ], [ 54.587777116616834, 25.619052454930891 ], [ 54.587866948145241, 25.619052454930891 ], [ 54.587866948145241, 25.618693128817245 ], [ 54.587956779673654, 25.618693128817245 ], [ 54.587956779673654, 25.618603297288832 ], [ 54.588585600372539, 25.618603297288832 ], [ 54.588585600372539, 25.618693128817245 ], [ 54.588675431900953, 25.618693128817245 ], [ 54.588675431900953, 25.618782960345655 ], [ 54.588765263429366, 25.618782960345655 ], [ 54.588765263429366, 25.618872791874068 ], [ 54.588855094957772, 25.618872791874068 ], [ 54.588855094957772, 25.619142286459304 ], [ 54.588765263429366, 25.619142286459304 ], [ 54.588765263429366, 25.619232117987714 ], [ 54.588675431900953, 25.619232117987714 ], [ 54.588675431900953, 25.61950161257295 ], [ 54.588585600372539, 25.61950161257295 ], [ 54.588585600372539, 25.619591444101363 ], [ 54.588675431900953, 25.619591444101363 ], [ 54.588675431900953, 25.619771107158186 ], [ 54.588765263429366, 25.619771107158186 ], [ 54.588765263429366, 25.619950770215009 ], [ 54.588675431900953, 25.619950770215009 ], [ 54.588675431900953, 25.620130433271836 ], [ 54.588585600372539, 25.620130433271836 ], [ 54.588585600372539, 25.620220264800246 ], [ 54.588495768844126, 25.620220264800246 ], [ 54.588495768844126, 25.621028748555954 ], [ 54.588405937315713, 25.621028748555954 ], [ 54.588405937315713, 25.621208411612777 ], [ 54.5883161057873, 25.621208411612777 ], [ 54.5883161057873, 25.62129824314119 ], [ 54.588046611202067, 25.62129824314119 ], [ 54.588046611202067, 25.621208411612777 ], [ 54.587956779673654, 25.621208411612777 ], [ 54.587956779673654, 25.621028748555954 ], [ 54.587866948145241, 25.621028748555954 ], [ 54.587866948145241, 25.620310096328659 ], [ 54.587777116616834, 25.620310096328659 ], [ 54.587777116616834, 25.622016895368485 ], [ 54.587687285088421, 25.622016895368485 ], [ 54.587687285088421, 25.622286389953722 ], [ 54.587597453560008, 25.622286389953722 ], [ 54.587597453560008, 25.622376221482135 ], [ 54.587687285088421, 25.622376221482135 ], [ 54.587687285088421, 25.622466053010545 ], [ 54.587597453560008, 25.622466053010545 ], [ 54.587597453560008, 25.622735547595781 ], [ 54.587417790503181, 25.622735547595781 ], [ 54.587417790503181, 25.622645716067371 ], [ 54.587238127446362, 25.622645716067371 ], [ 54.587238127446362, 25.622735547595781 ], [ 54.586968632861122, 25.622735547595781 ], [ 54.586968632861122, 25.622915210652604 ], [ 54.586878801332709, 25.622915210652604 ], [ 54.586878801332709, 25.62309487370943 ], [ 54.586788969804303, 25.62309487370943 ], [ 54.586788969804303, 25.623364368294666 ], [ 54.586878801332709, 25.623364368294666 ], [ 54.586878801332709, 25.623454199823076 ], [ 54.586968632861122, 25.623454199823076 ], [ 54.586968632861122, 25.623633862879903 ], [ 54.586878801332709, 25.623633862879903 ], [ 54.586878801332709, 25.623723694408312 ], [ 54.586788969804303, 25.623723694408312 ], [ 54.586788969804303, 25.623813525936725 ], [ 54.586609306747476, 25.623813525936725 ], [ 54.586609306747476, 25.623903357465135 ], [ 54.58669913827589, 25.623903357465135 ], [ 54.58669913827589, 25.624083020521962 ], [ 54.586609306747476, 25.624083020521962 ], [ 54.586609306747476, 25.624172852050371 ], [ 54.586519475219063, 25.624172852050371 ], [ 54.586519475219063, 25.624352515107198 ], [ 54.58642964369065, 25.624352515107198 ], [ 54.58642964369065, 25.624442346635607 ], [ 54.586519475219063, 25.624442346635607 ], [ 54.586519475219063, 25.624532178164021 ], [ 54.586609306747476, 25.624532178164021 ], [ 54.586609306747476, 25.624891504277667 ], [ 54.586519475219063, 25.624891504277667 ], [ 54.586519475219063, 25.624801672749257 ], [ 54.586339812162237, 25.624801672749257 ], [ 54.586339812162237, 25.624711841220844 ], [ 54.586070317577004, 25.624711841220844 ], [ 54.586070317577004, 25.624801672749257 ], [ 54.585710991463358, 25.624801672749257 ], [ 54.585710991463358, 25.624711841220844 ], [ 54.585621159934945, 25.624711841220844 ], [ 54.585621159934945, 25.624262683578785 ], [ 54.585441496878119, 25.624262683578785 ], [ 54.585441496878119, 25.624172852050371 ], [ 54.585172002292886, 25.624172852050371 ], [ 54.585172002292886, 25.624083020521962 ], [ 54.585261833821299, 25.624083020521962 ], [ 54.585261833821299, 25.623813525936725 ], [ 54.584992339236059, 25.623813525936725 ], [ 54.584992339236059, 25.623723694408312 ], [ 54.584902507707646, 25.623723694408312 ], [ 54.584902507707646, 25.623633862879903 ], [ 54.584363518537174, 25.623633862879903 ], [ 54.584363518537174, 25.62309487370943 ], [ 54.584453350065587, 25.62309487370943 ], [ 54.584453350065587, 25.622915210652604 ], [ 54.584543181594, 25.622915210652604 ], [ 54.584543181594, 25.622825379124194 ], [ 54.58481267617924, 25.622825379124194 ], [ 54.58481267617924, 25.622915210652604 ], [ 54.584902507707646, 25.622915210652604 ], [ 54.584902507707646, 25.622825379124194 ], [ 54.584992339236059, 25.622825379124194 ], [ 54.584992339236059, 25.622735547595781 ], [ 54.584902507707646, 25.622735547595781 ], [ 54.584902507707646, 25.622645716067371 ], [ 54.584633013122414, 25.622645716067371 ], [ 54.584633013122414, 25.622735547595781 ], [ 54.584543181594, 25.622735547595781 ], [ 54.584543181594, 25.622555884538958 ], [ 54.584363518537174, 25.622555884538958 ], [ 54.584363518537174, 25.622376221482135 ], [ 54.584453350065587, 25.622376221482135 ], [ 54.584453350065587, 25.622286389953722 ], [ 54.584543181594, 25.622286389953722 ], [ 54.584543181594, 25.621477906198013 ], [ 54.584722844650827, 25.621477906198013 ], [ 54.584722844650827, 25.621388074669603 ], [ 54.58481267617924, 25.621388074669603 ], [ 54.58481267617924, 25.621208411612777 ], [ 54.584722844650827, 25.621208411612777 ], [ 54.584722844650827, 25.621028748555954 ], [ 54.584633013122414, 25.621028748555954 ], [ 54.584633013122414, 25.620938917027541 ], [ 54.584543181594, 25.620938917027541 ], [ 54.584543181594, 25.620849085499131 ], [ 54.584453350065587, 25.620849085499131 ], [ 54.584453350065587, 25.620759253970718 ], [ 54.584363518537174, 25.620759253970718 ], [ 54.584363518537174, 25.620669422442308 ], [ 54.584273687008768, 25.620669422442308 ], [ 54.584273687008768, 25.620489759385482 ], [ 54.584183855480354, 25.620489759385482 ], [ 54.584183855480354, 25.620310096328659 ], [ 54.584094023951941, 25.620310096328659 ], [ 54.584094023951941, 25.620130433271836 ], [ 54.584004192423528, 25.620130433271836 ], [ 54.584004192423528, 25.620040601743423 ], [ 54.583465203253056, 25.620040601743423 ], [ 54.583465203253056, 25.620130433271836 ], [ 54.583375371724642, 25.620130433271836 ], [ 54.583375371724642, 25.620220264800246 ], [ 54.583285540196236, 25.620220264800246 ], [ 54.583285540196236, 25.620310096328659 ], [ 54.583195708667823, 25.620310096328659 ], [ 54.583195708667823, 25.620669422442308 ], [ 54.58310587713941, 25.620669422442308 ], [ 54.58310587713941, 25.620849085499131 ], [ 54.583016045610997, 25.620849085499131 ], [ 54.583016045610997, 25.620938917027541 ], [ 54.58310587713941, 25.620938917027541 ], [ 54.58310587713941, 25.621118580084367 ], [ 54.583195708667823, 25.621118580084367 ], [ 54.583195708667823, 25.621567737726426 ], [ 54.58310587713941, 25.621567737726426 ], [ 54.58310587713941, 25.62165756925484 ], [ 54.583016045610997, 25.62165756925484 ], [ 54.583016045610997, 25.621747400783249 ], [ 54.582836382554177, 25.621747400783249 ], [ 54.582836382554177, 25.62165756925484 ], [ 54.582387224912111, 25.62165756925484 ], [ 54.582387224912111, 25.621567737726426 ], [ 54.582207561855292, 25.621567737726426 ], [ 54.582207561855292, 25.621477906198013 ], [ 54.582027898798465, 25.621477906198013 ], [ 54.582027898798465, 25.621388074669603 ], [ 54.581848235741646, 25.621388074669603 ], [ 54.581848235741646, 25.621477906198013 ], [ 54.581578741156406, 25.621477906198013 ], [ 54.581578741156406, 25.621567737726426 ], [ 54.581488909627993, 25.621567737726426 ], [ 54.581488909627993, 25.621927063840072 ], [ 54.581578741156406, 25.621927063840072 ], [ 54.581578741156406, 25.622106726896899 ], [ 54.581488909627993, 25.622106726896899 ], [ 54.581488909627993, 25.622196558425308 ], [ 54.581399078099579, 25.622196558425308 ], [ 54.581399078099579, 25.622735547595781 ], [ 54.581488909627993, 25.622735547595781 ], [ 54.581488909627993, 25.622825379124194 ], [ 54.581848235741646, 25.622825379124194 ], [ 54.581848235741646, 25.622915210652604 ], [ 54.581938067270052, 25.622915210652604 ], [ 54.581938067270052, 25.62309487370943 ], [ 54.582027898798465, 25.62309487370943 ], [ 54.582027898798465, 25.623274536766253 ], [ 54.582117730326878, 25.623274536766253 ], [ 54.582117730326878, 25.623364368294666 ], [ 54.582207561855292, 25.623364368294666 ], [ 54.582207561855292, 25.623454199823076 ], [ 54.582477056440524, 25.623454199823076 ], [ 54.582477056440524, 25.623544031351489 ], [ 54.582297393383705, 25.623544031351489 ], [ 54.582297393383705, 25.623633862879903 ], [ 54.580141436701815, 25.623633862879903 ], [ 54.580141436701815, 25.623723694408312 ], [ 54.579692279059756, 25.623723694408312 ], [ 54.579692279059756, 25.623813525936725 ], [ 54.580141436701815, 25.623813525936725 ], [ 54.580141436701815, 25.623993188993548 ], [ 54.580051605173402, 25.623993188993548 ], [ 54.580051605173402, 25.624172852050371 ], [ 54.579961773644989, 25.624172852050371 ], [ 54.579961773644989, 25.624262683578785 ], [ 54.580051605173402, 25.624262683578785 ], [ 54.580051605173402, 25.624352515107198 ], [ 54.580141436701815, 25.624352515107198 ], [ 54.580141436701815, 25.624442346635607 ], [ 54.580231268230229, 25.624442346635607 ], [ 54.580231268230229, 25.624622009692434 ], [ 54.580321099758642, 25.624622009692434 ], [ 54.580321099758642, 25.624711841220844 ], [ 54.580410931287048, 25.624711841220844 ], [ 54.580410931287048, 25.625071167334493 ], [ 54.580321099758642, 25.625071167334493 ], [ 54.580321099758642, 25.625160998862903 ], [ 54.580231268230229, 25.625160998862903 ], [ 54.580231268230229, 25.625430493448139 ], [ 54.580051605173402, 25.625430493448139 ], [ 54.580051605173402, 25.625520324976552 ], [ 54.579871942116583, 25.625520324976552 ], [ 54.579871942116583, 25.625430493448139 ], [ 54.579602447531343, 25.625430493448139 ], [ 54.579602447531343, 25.625520324976552 ], [ 54.579422784474517, 25.625520324976552 ], [ 54.579422784474517, 25.625610156504965 ], [ 54.579153289889284, 25.625610156504965 ], [ 54.579153289889284, 25.625699988033375 ], [ 54.579063458360871, 25.625699988033375 ], [ 54.579063458360871, 25.625879651090202 ], [ 54.579153289889284, 25.625879651090202 ], [ 54.579153289889284, 25.625969482618611 ], [ 54.579243121417697, 25.625969482618611 ], [ 54.579243121417697, 25.626059314147025 ], [ 54.57933295294611, 25.626059314147025 ], [ 54.57933295294611, 25.626149145675434 ], [ 54.579422784474517, 25.626149145675434 ], [ 54.579422784474517, 25.626238977203847 ], [ 54.57933295294611, 25.626238977203847 ], [ 54.57933295294611, 25.626508471789084 ], [ 54.579422784474517, 25.626508471789084 ], [ 54.579422784474517, 25.626598303317497 ], [ 54.57933295294611, 25.626598303317497 ], [ 54.57933295294611, 25.626867797902733 ], [ 54.579243121417697, 25.626867797902733 ], [ 54.579243121417697, 25.626957629431143 ], [ 54.57933295294611, 25.626957629431143 ], [ 54.57933295294611, 25.627137292487966 ], [ 54.579243121417697, 25.627137292487966 ], [ 54.579243121417697, 25.627227124016379 ], [ 54.57933295294611, 25.627227124016379 ], [ 54.57933295294611, 25.627316955544792 ], [ 54.579243121417697, 25.627316955544792 ], [ 54.579243121417697, 25.627406787073202 ], [ 54.579153289889284, 25.627406787073202 ], [ 54.579153289889284, 25.627316955544792 ], [ 54.579063458360871, 25.627316955544792 ], [ 54.579063458360871, 25.627227124016379 ], [ 54.578973626832457, 25.627227124016379 ], [ 54.578973626832457, 25.627047460959556 ], [ 54.578883795304051, 25.627047460959556 ], [ 54.578883795304051, 25.626957629431143 ], [ 54.578704132247225, 25.626957629431143 ], [ 54.578704132247225, 25.627047460959556 ], [ 54.578614300718812, 25.627047460959556 ], [ 54.578614300718812, 25.627137292487966 ], [ 54.578524469190398, 25.627137292487966 ], [ 54.578524469190398, 25.627316955544792 ], [ 54.578344806133579, 25.627316955544792 ], [ 54.578344806133579, 25.627406787073202 ], [ 54.578254974605166, 25.627406787073202 ], [ 54.578254974605166, 25.627496618601615 ], [ 54.578165143076752, 25.627496618601615 ], [ 54.578165143076752, 25.627855944715265 ], [ 54.578254974605166, 25.627855944715265 ], [ 54.578254974605166, 25.628035607772087 ], [ 54.578165143076752, 25.628035607772087 ], [ 54.578165143076752, 25.628394933885733 ], [ 54.578075311548339, 25.628394933885733 ], [ 54.578075311548339, 25.628484765414147 ], [ 54.578165143076752, 25.628484765414147 ], [ 54.578165143076752, 25.628754259999383 ], [ 54.578254974605166, 25.628754259999383 ], [ 54.578254974605166, 25.628844091527796 ], [ 54.578344806133579, 25.628844091527796 ], [ 54.578344806133579, 25.628933923056206 ], [ 54.578434637661985, 25.628933923056206 ], [ 54.578434637661985, 25.629023754584619 ], [ 54.578524469190398, 25.629023754584619 ], [ 54.578524469190398, 25.629203417641442 ], [ 54.578614300718812, 25.629203417641442 ], [ 54.578614300718812, 25.629472912226678 ], [ 54.578704132247225, 25.629472912226678 ], [ 54.578704132247225, 25.629562743755091 ], [ 54.578793963775638, 25.629562743755091 ], [ 54.578793963775638, 25.630191564453973 ], [ 54.578883795304051, 25.630191564453973 ], [ 54.578883795304051, 25.630371227510796 ], [ 54.578973626832457, 25.630371227510796 ], [ 54.578973626832457, 25.630640722096032 ], [ 54.579063458360871, 25.630640722096032 ], [ 54.579063458360871, 25.630910216681269 ], [ 54.579153289889284, 25.630910216681269 ], [ 54.579153289889284, 25.631089879738091 ], [ 54.579063458360871, 25.631089879738091 ], [ 54.579063458360871, 25.631269542794918 ], [ 54.579153289889284, 25.631269542794918 ], [ 54.579153289889284, 25.631359374323328 ], [ 54.579063458360871, 25.631359374323328 ], [ 54.579063458360871, 25.631628868908564 ], [ 54.578973626832457, 25.631628868908564 ], [ 54.578973626832457, 25.63180853196539 ], [ 54.579153289889284, 25.63180853196539 ], [ 54.579153289889284, 25.632078026550623 ], [ 54.579063458360871, 25.632078026550623 ], [ 54.579063458360871, 25.632167858079036 ], [ 54.578973626832457, 25.632167858079036 ], [ 54.578973626832457, 25.632257689607449 ], [ 54.578883795304051, 25.632257689607449 ], [ 54.578883795304051, 25.632347521135859 ], [ 54.578793963775638, 25.632347521135859 ], [ 54.578793963775638, 25.632796678777922 ], [ 54.578524469190398, 25.632796678777922 ], [ 54.578524469190398, 25.632706847249509 ], [ 54.578434637661985, 25.632706847249509 ], [ 54.578434637661985, 25.632796678777922 ], [ 54.578165143076752, 25.632796678777922 ], [ 54.578165143076752, 25.632886510306331 ], [ 54.577985480019926, 25.632886510306331 ], [ 54.577985480019926, 25.632976341834745 ], [ 54.577715985434693, 25.632976341834745 ], [ 54.577715985434693, 25.633066173363154 ], [ 54.577805816963107, 25.633066173363154 ], [ 54.577805816963107, 25.633245836419981 ], [ 54.578165143076752, 25.633245836419981 ], [ 54.578165143076752, 25.633335667948391 ], [ 54.578075311548339, 25.633335667948391 ], [ 54.578075311548339, 25.633425499476804 ], [ 54.577805816963107, 25.633425499476804 ], [ 54.577805816963107, 25.633515331005217 ], [ 54.57762615390628, 25.633515331005217 ], [ 54.57762615390628, 25.633605162533627 ], [ 54.577536322377867, 25.633605162533627 ], [ 54.577536322377867, 25.63369499406204 ], [ 54.577356659321048, 25.63369499406204 ], [ 54.577356659321048, 25.634323814760922 ], [ 54.577536322377867, 25.634323814760922 ], [ 54.577536322377867, 25.634503477817749 ], [ 54.577446490849454, 25.634503477817749 ], [ 54.577446490849454, 25.634593309346158 ], [ 54.577356659321048, 25.634593309346158 ], [ 54.577356659321048, 25.634952635459808 ], [ 54.577266827792634, 25.634952635459808 ], [ 54.577266827792634, 25.635042466988217 ], [ 54.577356659321048, 25.635042466988217 ], [ 54.577356659321048, 25.635222130045044 ], [ 54.577446490849454, 25.635222130045044 ], [ 54.577446490849454, 25.635311961573453 ], [ 54.577536322377867, 25.635311961573453 ], [ 54.577536322377867, 25.635401793101867 ], [ 54.57762615390628, 25.635401793101867 ], [ 54.57762615390628, 25.63549162463028 ], [ 54.577805816963107, 25.63549162463028 ], [ 54.577805816963107, 25.635850950743926 ], [ 54.577715985434693, 25.635850950743926 ], [ 54.577715985434693, 25.636030613800749 ], [ 54.57762615390628, 25.636030613800749 ], [ 54.57762615390628, 25.636120445329162 ], [ 54.577536322377867, 25.636120445329162 ], [ 54.577536322377867, 25.636389939914398 ], [ 54.577446490849454, 25.636389939914398 ], [ 54.577446490849454, 25.636479771442811 ], [ 54.576817670150575, 25.636479771442811 ], [ 54.576817670150575, 25.636389939914398 ], [ 54.576638007093749, 25.636389939914398 ], [ 54.576638007093749, 25.636300108385985 ], [ 54.576458344036922, 25.636300108385985 ], [ 54.576458344036922, 25.636120445329162 ], [ 54.576099017923276, 25.636120445329162 ], [ 54.576099017923276, 25.636210276857575 ], [ 54.576009186394863, 25.636210276857575 ], [ 54.576009186394863, 25.636300108385985 ], [ 54.575919354866457, 25.636300108385985 ], [ 54.575919354866457, 25.636389939914398 ], [ 54.57573969180963, 25.636389939914398 ], [ 54.57573969180963, 25.636479771442811 ], [ 54.575649860281217, 25.636479771442811 ], [ 54.575649860281217, 25.636659434499634 ], [ 54.575560028752804, 25.636659434499634 ], [ 54.575560028752804, 25.636839097556457 ], [ 54.575470197224391, 25.636839097556457 ], [ 54.575470197224391, 25.63737808672693 ], [ 54.575380365695985, 25.63737808672693 ], [ 54.575380365695985, 25.637467918255343 ], [ 54.575470197224391, 25.637467918255343 ], [ 54.575470197224391, 25.637647581312166 ], [ 54.575649860281217, 25.637647581312166 ], [ 54.575649860281217, 25.637917075897402 ], [ 54.575560028752804, 25.637917075897402 ], [ 54.575560028752804, 25.638096738954225 ], [ 54.575470197224391, 25.638096738954225 ], [ 54.575470197224391, 25.638366233539461 ], [ 54.575380365695985, 25.638366233539461 ], [ 54.575380365695985, 25.638725559653111 ], [ 54.575290534167571, 25.638725559653111 ], [ 54.575290534167571, 25.638905222709933 ], [ 54.575200702639158, 25.638905222709933 ], [ 54.575200702639158, 25.638995054238343 ], [ 54.575021039582332, 25.638995054238343 ], [ 54.575021039582332, 25.639084885766756 ], [ 54.574931208053926, 25.639084885766756 ], [ 54.574931208053926, 25.63917471729517 ], [ 54.574841376525512, 25.63917471729517 ], [ 54.574841376525512, 25.639444211880406 ], [ 54.574751544997099, 25.639444211880406 ], [ 54.574751544997099, 25.639713706465642 ], [ 54.574841376525512, 25.639713706465642 ], [ 54.574841376525512, 25.639803537994052 ], [ 54.574931208053926, 25.639803537994052 ], [ 54.574931208053926, 25.639893369522465 ], [ 54.575021039582332, 25.639893369522465 ], [ 54.575021039582332, 25.639983201050875 ], [ 54.575110871110745, 25.639983201050875 ], [ 54.575110871110745, 25.640432358692937 ], [ 54.575290534167571, 25.640432358692937 ], [ 54.575290534167571, 25.640522190221347 ], [ 54.575380365695985, 25.640522190221347 ], [ 54.575380365695985, 25.640432358692937 ], [ 54.57573969180963, 25.640432358692937 ], [ 54.57573969180963, 25.640342527164524 ], [ 54.575829523338044, 25.640342527164524 ], [ 54.575829523338044, 25.64061202174976 ], [ 54.575919354866457, 25.64061202174976 ], [ 54.575919354866457, 25.640791684806583 ], [ 54.576009186394863, 25.640791684806583 ], [ 54.576009186394863, 25.640701853278173 ], [ 54.576099017923276, 25.640701853278173 ], [ 54.576099017923276, 25.64061202174976 ], [ 54.57618884945169, 25.64061202174976 ], [ 54.57618884945169, 25.640522190221347 ], [ 54.576548175565335, 25.640522190221347 ], [ 54.576548175565335, 25.64061202174976 ], [ 54.576638007093749, 25.64061202174976 ], [ 54.576638007093749, 25.640881516334996 ], [ 54.576548175565335, 25.640881516334996 ], [ 54.576548175565335, 25.640971347863406 ], [ 54.57618884945169, 25.640971347863406 ], [ 54.57618884945169, 25.640881516334996 ], [ 54.575649860281217, 25.640881516334996 ], [ 54.575649860281217, 25.641061179391819 ], [ 54.575470197224391, 25.641061179391819 ], [ 54.575470197224391, 25.641240842448642 ], [ 54.575560028752804, 25.641240842448642 ], [ 54.575560028752804, 25.641330673977055 ], [ 54.575470197224391, 25.641330673977055 ], [ 54.575470197224391, 25.641420505505469 ], [ 54.575380365695985, 25.641420505505469 ], [ 54.575380365695985, 25.641330673977055 ], [ 54.575290534167571, 25.641330673977055 ], [ 54.575290534167571, 25.641420505505469 ], [ 54.574841376525512, 25.641420505505469 ], [ 54.574841376525512, 25.641510337033878 ], [ 54.574661713468686, 25.641510337033878 ], [ 54.574661713468686, 25.641420505505469 ], [ 54.574571881940273, 25.641420505505469 ], [ 54.574571881940273, 25.641600168562292 ], [ 54.574482050411859, 25.641600168562292 ], [ 54.574482050411859, 25.641779831619115 ], [ 54.574571881940273, 25.641779831619115 ], [ 54.574571881940273, 25.641869663147528 ], [ 54.574661713468686, 25.641869663147528 ], [ 54.574661713468686, 25.641959494675937 ], [ 54.574482050411859, 25.641959494675937 ], [ 54.574482050411859, 25.642139157732764 ], [ 54.574661713468686, 25.642139157732764 ], [ 54.574661713468686, 25.642318820789587 ], [ 54.574751544997099, 25.642318820789587 ], [ 54.574751544997099, 25.642588315374823 ], [ 54.574661713468686, 25.642588315374823 ], [ 54.574661713468686, 25.642767978431646 ], [ 54.574751544997099, 25.642767978431646 ], [ 54.574751544997099, 25.642947641488472 ], [ 54.574661713468686, 25.642947641488472 ], [ 54.574661713468686, 25.643037473016882 ], [ 54.574571881940273, 25.643037473016882 ], [ 54.574571881940273, 25.643127304545295 ], [ 54.574482050411859, 25.643127304545295 ], [ 54.574482050411859, 25.643396799130532 ], [ 54.574661713468686, 25.643396799130532 ], [ 54.574661713468686, 25.643486630658941 ], [ 54.574751544997099, 25.643486630658941 ], [ 54.574751544997099, 25.644025619829414 ], [ 54.574841376525512, 25.644025619829414 ], [ 54.574841376525512, 25.644115451357827 ], [ 54.574931208053926, 25.644115451357827 ], [ 54.574931208053926, 25.644564608999886 ], [ 54.574841376525512, 25.644564608999886 ], [ 54.574841376525512, 25.644654440528299 ], [ 54.574751544997099, 25.644654440528299 ], [ 54.574751544997099, 25.644744272056709 ], [ 54.574661713468686, 25.644744272056709 ], [ 54.574661713468686, 25.644834103585122 ], [ 54.574571881940273, 25.644834103585122 ], [ 54.574571881940273, 25.644923935113535 ], [ 54.574661713468686, 25.644923935113535 ], [ 54.574661713468686, 25.645013766641945 ], [ 54.574751544997099, 25.645013766641945 ], [ 54.574751544997099, 25.645103598170358 ], [ 54.574841376525512, 25.645103598170358 ], [ 54.574841376525512, 25.645283261227181 ], [ 54.574751544997099, 25.645283261227181 ], [ 54.574751544997099, 25.645552755812417 ], [ 54.574661713468686, 25.645552755812417 ], [ 54.574661713468686, 25.64573241886924 ], [ 54.574751544997099, 25.64573241886924 ], [ 54.574751544997099, 25.645822250397654 ], [ 54.574931208053926, 25.645822250397654 ], [ 54.574931208053926, 25.645912081926067 ], [ 54.575021039582332, 25.645912081926067 ], [ 54.575021039582332, 25.646001913454477 ], [ 54.575200702639158, 25.646001913454477 ], [ 54.575200702639158, 25.64609174498289 ], [ 54.575380365695985, 25.64609174498289 ], [ 54.575380365695985, 25.646181576511299 ], [ 54.575470197224391, 25.646181576511299 ], [ 54.575470197224391, 25.646271408039713 ], [ 54.575560028752804, 25.646271408039713 ], [ 54.575560028752804, 25.646361239568126 ], [ 54.575649860281217, 25.646361239568126 ], [ 54.575649860281217, 25.646451071096536 ], [ 54.57573969180963, 25.646451071096536 ], [ 54.57573969180963, 25.646630734153362 ], [ 54.575560028752804, 25.646630734153362 ], [ 54.575560028752804, 25.646720565681772 ], [ 54.575470197224391, 25.646720565681772 ], [ 54.575470197224391, 25.646810397210185 ], [ 54.574931208053926, 25.646810397210185 ], [ 54.574931208053926, 25.646720565681772 ], [ 54.574661713468686, 25.646720565681772 ], [ 54.574661713468686, 25.646810397210185 ], [ 54.573853229712981, 25.646810397210185 ], [ 54.573853229712981, 25.646720565681772 ], [ 54.573763398184568, 25.646720565681772 ], [ 54.573763398184568, 25.646630734153362 ], [ 54.573134577485682, 25.646630734153362 ], [ 54.573134577485682, 25.646720565681772 ], [ 54.573044745957269, 25.646720565681772 ], [ 54.573044745957269, 25.646900228738598 ], [ 54.573134577485682, 25.646900228738598 ], [ 54.573134577485682, 25.646990060267008 ], [ 54.573314240542508, 25.646990060267008 ], [ 54.573314240542508, 25.647349386380657 ], [ 54.573224409014095, 25.647349386380657 ], [ 54.573224409014095, 25.647439217909067 ], [ 54.573044745957269, 25.647439217909067 ], [ 54.573044745957269, 25.647618880965894 ], [ 54.572865082900449, 25.647618880965894 ], [ 54.572865082900449, 25.647708712494303 ], [ 54.572775251372036, 25.647708712494303 ], [ 54.572775251372036, 25.64788837555113 ], [ 54.572685419843623, 25.64788837555113 ], [ 54.572685419843623, 25.648068038607953 ], [ 54.57259558831521, 25.648068038607953 ], [ 54.57259558831521, 25.648157870136362 ], [ 54.572505756786796, 25.648157870136362 ], [ 54.572505756786796, 25.648427364721599 ], [ 54.57241592525839, 25.648427364721599 ], [ 54.57241592525839, 25.648337533193189 ], [ 54.572236262201564, 25.648337533193189 ], [ 54.572236262201564, 25.648427364721599 ], [ 54.572146430673151, 25.648427364721599 ], [ 54.572146430673151, 25.648517196250012 ], [ 54.572056599144737, 25.648517196250012 ], [ 54.572056599144737, 25.648786690835248 ], [ 54.571966767616331, 25.648786690835248 ], [ 54.571966767616331, 25.648876522363661 ], [ 54.572056599144737, 25.648876522363661 ], [ 54.572056599144737, 25.648966353892071 ], [ 54.572146430673151, 25.648966353892071 ], [ 54.572146430673151, 25.649056185420484 ], [ 54.572236262201564, 25.649056185420484 ], [ 54.572236262201564, 25.64932568000572 ], [ 54.572146430673151, 25.64932568000572 ], [ 54.572146430673151, 25.64941551153413 ], [ 54.572056599144737, 25.64941551153413 ], [ 54.572056599144737, 25.649505343062543 ], [ 54.571966767616331, 25.649505343062543 ], [ 54.571966767616331, 25.649685006119366 ], [ 54.572056599144737, 25.649685006119366 ], [ 54.572056599144737, 25.649774837647779 ], [ 54.572146430673151, 25.649774837647779 ], [ 54.572146430673151, 25.649864669176193 ], [ 54.571697273031091, 25.649864669176193 ], [ 54.571697273031091, 25.649954500704602 ], [ 54.571607441502678, 25.649954500704602 ], [ 54.571607441502678, 25.650044332233016 ], [ 54.571517609974265, 25.650044332233016 ], [ 54.571517609974265, 25.650223995289839 ], [ 54.571427778445859, 25.650223995289839 ], [ 54.571427778445859, 25.650313826818252 ], [ 54.571337946917446, 25.650313826818252 ], [ 54.571337946917446, 25.650493489875075 ], [ 54.571427778445859, 25.650493489875075 ], [ 54.571427778445859, 25.650673152931898 ], [ 54.571517609974265, 25.650673152931898 ], [ 54.571517609974265, 25.651032479045547 ], [ 54.571607441502678, 25.651032479045547 ], [ 54.571607441502678, 25.651122310573957 ], [ 54.571697273031091, 25.651122310573957 ], [ 54.571697273031091, 25.65121214210237 ], [ 54.571787104559505, 25.65121214210237 ], [ 54.571787104559505, 25.651301973630783 ], [ 54.571876936087918, 25.651301973630783 ], [ 54.571876936087918, 25.651481636687606 ], [ 54.571966767616331, 25.651481636687606 ], [ 54.571966767616331, 25.651751131272842 ], [ 54.571876936087918, 25.651751131272842 ], [ 54.571876936087918, 25.652469783500138 ], [ 54.571966767616331, 25.652469783500138 ], [ 54.571966767616331, 25.652559615028551 ], [ 54.571876936087918, 25.652559615028551 ], [ 54.571876936087918, 25.652739278085374 ], [ 54.571787104559505, 25.652739278085374 ], [ 54.571787104559505, 25.652918941142197 ], [ 54.571697273031091, 25.652918941142197 ], [ 54.571697273031091, 25.65300877267061 ], [ 54.571607441502678, 25.65300877267061 ], [ 54.571607441502678, 25.65309860419902 ], [ 54.571517609974265, 25.65309860419902 ], [ 54.571517609974265, 25.653188435727433 ], [ 54.571427778445859, 25.653188435727433 ], [ 54.571427778445859, 25.653278267255846 ], [ 54.571337946917446, 25.653278267255846 ], [ 54.571337946917446, 25.653457930312669 ], [ 54.571248115389032, 25.653457930312669 ], [ 54.571248115389032, 25.653637593369492 ], [ 54.571158283860619, 25.653637593369492 ], [ 54.571158283860619, 25.653817256426318 ], [ 54.571248115389032, 25.653817256426318 ], [ 54.571248115389032, 25.654535908653614 ], [ 54.571158283860619, 25.654535908653614 ], [ 54.571158283860619, 25.655344392409319 ], [ 54.571248115389032, 25.655344392409319 ], [ 54.571248115389032, 25.655434223937732 ], [ 54.571337946917446, 25.655434223937732 ], [ 54.571337946917446, 25.655613886994555 ], [ 54.571517609974265, 25.655613886994555 ], [ 54.571517609974265, 25.655793550051381 ], [ 54.571607441502678, 25.655793550051381 ], [ 54.571607441502678, 25.655883381579791 ], [ 54.571697273031091, 25.655883381579791 ], [ 54.571697273031091, 25.656063044636614 ], [ 54.571787104559505, 25.656063044636614 ], [ 54.571787104559505, 25.656152876165027 ], [ 54.571876936087918, 25.656152876165027 ], [ 54.571876936087918, 25.656242707693441 ], [ 54.571966767616331, 25.656242707693441 ], [ 54.571966767616331, 25.656602033807086 ], [ 54.572056599144737, 25.656602033807086 ], [ 54.572056599144737, 25.6566918653355 ], [ 54.572146430673151, 25.6566918653355 ], [ 54.572146430673151, 25.656781696863913 ], [ 54.572236262201564, 25.656781696863913 ], [ 54.572236262201564, 25.656961359920736 ], [ 54.572146430673151, 25.656961359920736 ], [ 54.572146430673151, 25.657141022977559 ], [ 54.572056599144737, 25.657141022977559 ], [ 54.572056599144737, 25.657410517562795 ], [ 54.571966767616331, 25.657410517562795 ], [ 54.571966767616331, 25.657680012148031 ], [ 54.571876936087918, 25.657680012148031 ], [ 54.571876936087918, 25.657949506733267 ], [ 54.571787104559505, 25.657949506733267 ], [ 54.571787104559505, 25.658039338261677 ], [ 54.571697273031091, 25.658039338261677 ], [ 54.571697273031091, 25.658219001318503 ], [ 54.571876936087918, 25.658219001318503 ], [ 54.571876936087918, 25.658308832846913 ], [ 54.572146430673151, 25.658308832846913 ], [ 54.572146430673151, 25.658398664375326 ], [ 54.572236262201564, 25.658398664375326 ], [ 54.572236262201564, 25.659207148131035 ], [ 54.572146430673151, 25.659207148131035 ], [ 54.572146430673151, 25.659476642716271 ], [ 54.572236262201564, 25.659476642716271 ], [ 54.572236262201564, 25.659566474244681 ], [ 54.572326093729977, 25.659566474244681 ], [ 54.572326093729977, 25.659656305773094 ], [ 54.57241592525839, 25.659656305773094 ], [ 54.57241592525839, 25.659746137301507 ], [ 54.572505756786796, 25.659746137301507 ], [ 54.572505756786796, 25.659835968829917 ], [ 54.57259558831521, 25.659835968829917 ], [ 54.57259558831521, 25.65992580035833 ], [ 54.572685419843623, 25.65992580035833 ], [ 54.572685419843623, 25.660195294943566 ], [ 54.57259558831521, 25.660195294943566 ], [ 54.57259558831521, 25.660374958000389 ], [ 54.572505756786796, 25.660374958000389 ], [ 54.572505756786796, 25.660554621057212 ], [ 54.57241592525839, 25.660554621057212 ], [ 54.57241592525839, 25.660734284114039 ], [ 54.572326093729977, 25.660734284114039 ], [ 54.572326093729977, 25.660824115642448 ], [ 54.572236262201564, 25.660824115642448 ], [ 54.572236262201564, 25.661093610227685 ], [ 54.572146430673151, 25.661093610227685 ], [ 54.572146430673151, 25.661452936341334 ], [ 54.572236262201564, 25.661452936341334 ], [ 54.572236262201564, 25.661632599398157 ], [ 54.572326093729977, 25.661632599398157 ], [ 54.572326093729977, 25.66172243092657 ], [ 54.57241592525839, 25.66172243092657 ], [ 54.57241592525839, 25.66181226245498 ], [ 54.572505756786796, 25.66181226245498 ], [ 54.572505756786796, 25.661902093983393 ], [ 54.572685419843623, 25.661902093983393 ], [ 54.572685419843623, 25.662261420097039 ], [ 54.572775251372036, 25.662261420097039 ], [ 54.572775251372036, 25.662351251625452 ], [ 54.572865082900449, 25.662351251625452 ], [ 54.572865082900449, 25.662441083153865 ], [ 54.572954914428863, 25.662441083153865 ], [ 54.572954914428863, 25.662530914682275 ], [ 54.573044745957269, 25.662530914682275 ], [ 54.573044745957269, 25.662620746210688 ], [ 54.573134577485682, 25.662620746210688 ], [ 54.573134577485682, 25.662800409267511 ], [ 54.573224409014095, 25.662800409267511 ], [ 54.573224409014095, 25.662980072324338 ], [ 54.573314240542508, 25.662980072324338 ], [ 54.573314240542508, 25.663069903852747 ], [ 54.573404072070922, 25.663069903852747 ], [ 54.573404072070922, 25.663339398437984 ], [ 54.573493903599328, 25.663339398437984 ], [ 54.573493903599328, 25.66360889302322 ], [ 54.573673566656154, 25.66360889302322 ], [ 54.573673566656154, 25.663878387608456 ], [ 54.573763398184568, 25.663878387608456 ], [ 54.573763398184568, 25.664237713722102 ], [ 54.573943061241394, 25.664237713722102 ], [ 54.573943061241394, 25.664327545250515 ], [ 54.574122724298213, 25.664327545250515 ], [ 54.574122724298213, 25.664417376778928 ], [ 54.57430238735504, 25.664417376778928 ], [ 54.57430238735504, 25.664507208307338 ], [ 54.574392218883453, 25.664507208307338 ], [ 54.574392218883453, 25.664686871364164 ], [ 54.574482050411859, 25.664686871364164 ], [ 54.574482050411859, 25.664776702892574 ], [ 54.574661713468686, 25.664776702892574 ], [ 54.574661713468686, 25.664866534420987 ], [ 54.574841376525512, 25.664866534420987 ], [ 54.574841376525512, 25.664956365949401 ], [ 54.574931208053926, 25.664956365949401 ], [ 54.574931208053926, 25.665136029006224 ], [ 54.575021039582332, 25.665136029006224 ], [ 54.575021039582332, 25.665315692063047 ], [ 54.575110871110745, 25.665315692063047 ], [ 54.575110871110745, 25.665495355119869 ], [ 54.575200702639158, 25.665495355119869 ], [ 54.575200702639158, 25.665675018176696 ], [ 54.575290534167571, 25.665675018176696 ], [ 54.575290534167571, 25.665764849705106 ], [ 54.575380365695985, 25.665764849705106 ], [ 54.575380365695985, 25.665944512761932 ], [ 54.575470197224391, 25.665944512761932 ], [ 54.575470197224391, 25.666483501932401 ], [ 54.575380365695985, 25.666483501932401 ], [ 54.575380365695985, 25.666573333460814 ], [ 54.575470197224391, 25.666573333460814 ], [ 54.575470197224391, 25.666932659574464 ], [ 54.575560028752804, 25.666932659574464 ], [ 54.575560028752804, 25.667112322631287 ], [ 54.575649860281217, 25.667112322631287 ], [ 54.575649860281217, 25.667381817216523 ], [ 54.57573969180963, 25.667381817216523 ], [ 54.57573969180963, 25.667471648744932 ], [ 54.575829523338044, 25.667471648744932 ], [ 54.575829523338044, 25.667561480273346 ], [ 54.575919354866457, 25.667561480273346 ], [ 54.575919354866457, 25.667741143330169 ], [ 54.576009186394863, 25.667741143330169 ], [ 54.576009186394863, 25.667920806386995 ], [ 54.576099017923276, 25.667920806386995 ], [ 54.576099017923276, 25.668010637915405 ], [ 54.576278680980103, 25.668010637915405 ], [ 54.576278680980103, 25.668100469443818 ], [ 54.576368512508516, 25.668100469443818 ], [ 54.576368512508516, 25.668190300972228 ], [ 54.576548175565335, 25.668190300972228 ], [ 54.576548175565335, 25.668280132500641 ], [ 54.576638007093749, 25.668280132500641 ], [ 54.576638007093749, 25.668369964029054 ], [ 54.576727838622162, 25.668369964029054 ], [ 54.576727838622162, 25.668459795557464 ], [ 54.576817670150575, 25.668459795557464 ], [ 54.576817670150575, 25.668549627085877 ], [ 54.576907501678988, 25.668549627085877 ], [ 54.576907501678988, 25.6687292901427 ], [ 54.576997333207395, 25.6687292901427 ], [ 54.576997333207395, 25.668819121671113 ], [ 54.577087164735808, 25.668819121671113 ], [ 54.577087164735808, 25.668908953199526 ], [ 54.577176996264221, 25.668908953199526 ], [ 54.577176996264221, 25.669088616256349 ], [ 54.577266827792634, 25.669088616256349 ], [ 54.577266827792634, 25.669627605426822 ], [ 54.577176996264221, 25.669627605426822 ], [ 54.577176996264221, 25.669717436955231 ], [ 54.577087164735808, 25.669717436955231 ], [ 54.577087164735808, 25.669807268483645 ], [ 54.576907501678988, 25.669807268483645 ], [ 54.576907501678988, 25.670076763068881 ], [ 54.576727838622162, 25.670076763068881 ], [ 54.576727838622162, 25.670166594597291 ], [ 54.576638007093749, 25.670166594597291 ], [ 54.576638007093749, 25.670615752239353 ], [ 54.576727838622162, 25.670615752239353 ], [ 54.576727838622162, 25.670705583767763 ], [ 54.576817670150575, 25.670705583767763 ], [ 54.576817670150575, 25.670795415296176 ], [ 54.576907501678988, 25.670795415296176 ], [ 54.576907501678988, 25.670885246824589 ], [ 54.57762615390628, 25.670885246824589 ], [ 54.57762615390628, 25.670975078352999 ], [ 54.577715985434693, 25.670975078352999 ], [ 54.577715985434693, 25.671064909881412 ], [ 54.577805816963107, 25.671064909881412 ], [ 54.577805816963107, 25.671154741409822 ], [ 54.57789564849152, 25.671154741409822 ], [ 54.57789564849152, 25.671244572938235 ], [ 54.577985480019926, 25.671244572938235 ], [ 54.577985480019926, 25.671334404466648 ], [ 54.578075311548339, 25.671334404466648 ], [ 54.578075311548339, 25.671424235995058 ], [ 54.578254974605166, 25.671424235995058 ], [ 54.578254974605166, 25.671514067523471 ], [ 54.578344806133579, 25.671514067523471 ], [ 54.578344806133579, 25.671603899051885 ], [ 54.578434637661985, 25.671603899051885 ], [ 54.578434637661985, 25.671693730580294 ], [ 54.578524469190398, 25.671693730580294 ], [ 54.578524469190398, 25.671783562108708 ], [ 54.578793963775638, 25.671783562108708 ], [ 54.578793963775638, 25.671873393637121 ], [ 54.578883795304051, 25.671873393637121 ], [ 54.578883795304051, 25.671963225165531 ], [ 54.578973626832457, 25.671963225165531 ], [ 54.578973626832457, 25.672142888222353 ], [ 54.579063458360871, 25.672142888222353 ], [ 54.579063458360871, 25.672232719750767 ], [ 54.579153289889284, 25.672232719750767 ], [ 54.579153289889284, 25.67232255127918 ], [ 54.579243121417697, 25.67232255127918 ], [ 54.579243121417697, 25.672502214336003 ], [ 54.57933295294611, 25.672502214336003 ], [ 54.57933295294611, 25.672681877392826 ], [ 54.579422784474517, 25.672681877392826 ], [ 54.579422784474517, 25.673131035034885 ], [ 54.57951261600293, 25.673131035034885 ], [ 54.57951261600293, 25.673220866563298 ], [ 54.579602447531343, 25.673220866563298 ], [ 54.579602447531343, 25.673400529620121 ], [ 54.579692279059756, 25.673400529620121 ], [ 54.579692279059756, 25.673490361148534 ], [ 54.57978211058817, 25.673490361148534 ], [ 54.57978211058817, 25.673580192676948 ], [ 54.579871942116583, 25.673580192676948 ], [ 54.579871942116583, 25.673670024205357 ], [ 54.579961773644989, 25.673670024205357 ], [ 54.579961773644989, 25.673759855733771 ], [ 54.580051605173402, 25.673759855733771 ], [ 54.580051605173402, 25.673939518790593 ], [ 54.580141436701815, 25.673939518790593 ], [ 54.580141436701815, 25.674119181847416 ], [ 54.580231268230229, 25.674119181847416 ], [ 54.580231268230229, 25.674298844904243 ], [ 54.580321099758642, 25.674298844904243 ], [ 54.580321099758642, 25.674388676432653 ], [ 54.580231268230229, 25.674388676432653 ], [ 54.580231268230229, 25.674568339489479 ], [ 54.580141436701815, 25.674568339489479 ], [ 54.580141436701815, 25.674658171017889 ], [ 54.579871942116583, 25.674658171017889 ], [ 54.579871942116583, 25.674568339489479 ], [ 54.579692279059756, 25.674568339489479 ], [ 54.579692279059756, 25.674478507961066 ], [ 54.579063458360871, 25.674478507961066 ], [ 54.579063458360871, 25.674388676432653 ], [ 54.578973626832457, 25.674388676432653 ], [ 54.578973626832457, 25.674298844904243 ], [ 54.578883795304051, 25.674298844904243 ], [ 54.578883795304051, 25.674388676432653 ], [ 54.578524469190398, 25.674388676432653 ], [ 54.578524469190398, 25.674298844904243 ], [ 54.578434637661985, 25.674298844904243 ], [ 54.578434637661985, 25.674119181847416 ], [ 54.578344806133579, 25.674119181847416 ], [ 54.578344806133579, 25.674029350319007 ], [ 54.578524469190398, 25.674029350319007 ], [ 54.578524469190398, 25.673670024205357 ], [ 54.578075311548339, 25.673670024205357 ], [ 54.578075311548339, 25.673849687262184 ], [ 54.578165143076752, 25.673849687262184 ], [ 54.578165143076752, 25.673939518790593 ], [ 54.578075311548339, 25.673939518790593 ], [ 54.578075311548339, 25.674298844904243 ], [ 54.578165143076752, 25.674298844904243 ], [ 54.578165143076752, 25.674388676432653 ], [ 54.578254974605166, 25.674388676432653 ], [ 54.578254974605166, 25.674478507961066 ], [ 54.578165143076752, 25.674478507961066 ], [ 54.578165143076752, 25.674658171017889 ], [ 54.578075311548339, 25.674658171017889 ], [ 54.578075311548339, 25.674748002546302 ], [ 54.577985480019926, 25.674748002546302 ], [ 54.577985480019926, 25.674837834074715 ], [ 54.57789564849152, 25.674837834074715 ], [ 54.57789564849152, 25.674927665603125 ], [ 54.577805816963107, 25.674927665603125 ], [ 54.577805816963107, 25.675017497131538 ], [ 54.577715985434693, 25.675017497131538 ], [ 54.577715985434693, 25.675197160188361 ], [ 54.57762615390628, 25.675197160188361 ], [ 54.57762615390628, 25.675286991716774 ], [ 54.577536322377867, 25.675286991716774 ], [ 54.577536322377867, 25.675376823245184 ], [ 54.577446490849454, 25.675376823245184 ], [ 54.577446490849454, 25.67555648630201 ], [ 54.577356659321048, 25.67555648630201 ], [ 54.577356659321048, 25.675736149358833 ], [ 54.577266827792634, 25.675736149358833 ], [ 54.577266827792634, 25.675825980887247 ], [ 54.577176996264221, 25.675825980887247 ], [ 54.577176996264221, 25.67600564394407 ], [ 54.576997333207395, 25.67600564394407 ], [ 54.576997333207395, 25.676095475472483 ], [ 54.576907501678988, 25.676095475472483 ], [ 54.576907501678988, 25.676275138529306 ], [ 54.576997333207395, 25.676275138529306 ], [ 54.576997333207395, 25.676364970057715 ], [ 54.577087164735808, 25.676364970057715 ], [ 54.577087164735808, 25.676454801586129 ], [ 54.576997333207395, 25.676454801586129 ], [ 54.576997333207395, 25.676544633114542 ], [ 54.576817670150575, 25.676544633114542 ], [ 54.576817670150575, 25.676454801586129 ], [ 54.576727838622162, 25.676454801586129 ], [ 54.576727838622162, 25.676185307000893 ], [ 54.576458344036922, 25.676185307000893 ], [ 54.576458344036922, 25.676095475472483 ], [ 54.576638007093749, 25.676095475472483 ], [ 54.576638007093749, 25.675825980887247 ], [ 54.576548175565335, 25.675825980887247 ], [ 54.576548175565335, 25.675736149358833 ], [ 54.576368512508516, 25.675736149358833 ], [ 54.576368512508516, 25.675825980887247 ], [ 54.576099017923276, 25.675825980887247 ], [ 54.576099017923276, 25.675915812415656 ], [ 54.57618884945169, 25.675915812415656 ], [ 54.57618884945169, 25.67600564394407 ], [ 54.576278680980103, 25.67600564394407 ], [ 54.576278680980103, 25.676275138529306 ], [ 54.575919354866457, 25.676275138529306 ], [ 54.575919354866457, 25.676095475472483 ], [ 54.575829523338044, 25.676095475472483 ], [ 54.575829523338044, 25.67600564394407 ], [ 54.575919354866457, 25.67600564394407 ], [ 54.575919354866457, 25.675825980887247 ], [ 54.575470197224391, 25.675825980887247 ], [ 54.575470197224391, 25.675915812415656 ], [ 54.575380365695985, 25.675915812415656 ], [ 54.575380365695985, 25.675825980887247 ], [ 54.575200702639158, 25.675825980887247 ], [ 54.575200702639158, 25.675736149358833 ], [ 54.575021039582332, 25.675736149358833 ], [ 54.575021039582332, 25.67564631783042 ], [ 54.574931208053926, 25.67564631783042 ], [ 54.574931208053926, 25.67555648630201 ], [ 54.574841376525512, 25.67555648630201 ], [ 54.574841376525512, 25.675466654773597 ], [ 54.574751544997099, 25.675466654773597 ], [ 54.574751544997099, 25.675376823245184 ], [ 54.574482050411859, 25.675376823245184 ], [ 54.574482050411859, 25.675286991716774 ], [ 54.57430238735504, 25.675286991716774 ], [ 54.57430238735504, 25.675197160188361 ], [ 54.574212555826627, 25.675197160188361 ], [ 54.574212555826627, 25.675107328659948 ], [ 54.573943061241394, 25.675107328659948 ], [ 54.573943061241394, 25.675017497131538 ], [ 54.573763398184568, 25.675017497131538 ], [ 54.573763398184568, 25.674927665603125 ], [ 54.573583735127741, 25.674927665603125 ], [ 54.573583735127741, 25.674837834074715 ], [ 54.573493903599328, 25.674837834074715 ], [ 54.573493903599328, 25.674748002546302 ], [ 54.573314240542508, 25.674748002546302 ], [ 54.573314240542508, 25.674658171017889 ], [ 54.573224409014095, 25.674658171017889 ], [ 54.573224409014095, 25.674568339489479 ], [ 54.573044745957269, 25.674568339489479 ], [ 54.573044745957269, 25.674478507961066 ], [ 54.572954914428863, 25.674478507961066 ], [ 54.572954914428863, 25.674388676432653 ], [ 54.572685419843623, 25.674388676432653 ], [ 54.572685419843623, 25.674298844904243 ], [ 54.572505756786796, 25.674298844904243 ], [ 54.572505756786796, 25.67420901337583 ], [ 54.57241592525839, 25.67420901337583 ], [ 54.57241592525839, 25.674119181847416 ], [ 54.572146430673151, 25.674119181847416 ], [ 54.572146430673151, 25.674029350319007 ], [ 54.571876936087918, 25.674029350319007 ], [ 54.571876936087918, 25.674119181847416 ], [ 54.571697273031091, 25.674119181847416 ], [ 54.571697273031091, 25.67420901337583 ], [ 54.571607441502678, 25.67420901337583 ], [ 54.571607441502678, 25.675376823245184 ], [ 54.571697273031091, 25.675376823245184 ], [ 54.571697273031091, 25.67555648630201 ], [ 54.571787104559505, 25.67555648630201 ], [ 54.571787104559505, 25.67564631783042 ], [ 54.571876936087918, 25.67564631783042 ], [ 54.571876936087918, 25.675736149358833 ], [ 54.571966767616331, 25.675736149358833 ], [ 54.571966767616331, 25.675915812415656 ], [ 54.572056599144737, 25.675915812415656 ], [ 54.572056599144737, 25.676275138529306 ], [ 54.572146430673151, 25.676275138529306 ], [ 54.572146430673151, 25.676544633114542 ], [ 54.572236262201564, 25.676544633114542 ], [ 54.572236262201564, 25.676993790756601 ], [ 54.572326093729977, 25.676993790756601 ], [ 54.572326093729977, 25.677173453813424 ], [ 54.57241592525839, 25.677173453813424 ], [ 54.57241592525839, 25.67744294839866 ], [ 54.572505756786796, 25.67744294839866 ], [ 54.572505756786796, 25.677622611455483 ], [ 54.57259558831521, 25.677622611455483 ], [ 54.57259558831521, 25.67780227451231 ], [ 54.572685419843623, 25.67780227451231 ], [ 54.572685419843623, 25.677892106040719 ], [ 54.572775251372036, 25.677892106040719 ], [ 54.572775251372036, 25.678071769097546 ], [ 54.572865082900449, 25.678071769097546 ], [ 54.572865082900449, 25.678161600625955 ], [ 54.572954914428863, 25.678161600625955 ], [ 54.572954914428863, 25.678431095211192 ], [ 54.573044745957269, 25.678431095211192 ], [ 54.573044745957269, 25.678520926739605 ], [ 54.573134577485682, 25.678520926739605 ], [ 54.573134577485682, 25.678610758268015 ], [ 54.573224409014095, 25.678610758268015 ], [ 54.573224409014095, 25.678700589796428 ], [ 54.573314240542508, 25.678700589796428 ], [ 54.573314240542508, 25.678790421324841 ], [ 54.573404072070922, 25.678790421324841 ], [ 54.573404072070922, 25.678880252853251 ], [ 54.573493903599328, 25.678880252853251 ], [ 54.573493903599328, 25.678970084381664 ], [ 54.573583735127741, 25.678970084381664 ], [ 54.573583735127741, 25.679059915910077 ], [ 54.573673566656154, 25.679059915910077 ], [ 54.573673566656154, 25.679149747438487 ], [ 54.573853229712981, 25.679149747438487 ], [ 54.573853229712981, 25.67932941049531 ], [ 54.573943061241394, 25.67932941049531 ], [ 54.573943061241394, 25.679419242023723 ], [ 54.5740328927698, 25.679419242023723 ], [ 54.5740328927698, 25.679509073552136 ], [ 54.574122724298213, 25.679509073552136 ], [ 54.574122724298213, 25.679688736608959 ], [ 54.574212555826627, 25.679688736608959 ], [ 54.574212555826627, 25.679778568137372 ], [ 54.57430238735504, 25.679778568137372 ], [ 54.57430238735504, 25.679958231194195 ], [ 54.574392218883453, 25.679958231194195 ], [ 54.574392218883453, 25.680048062722609 ], [ 54.574482050411859, 25.680048062722609 ], [ 54.574482050411859, 25.680137894251018 ], [ 54.574571881940273, 25.680137894251018 ], [ 54.574571881940273, 25.680317557307841 ], [ 54.574661713468686, 25.680317557307841 ], [ 54.574661713468686, 25.680407388836255 ], [ 54.574751544997099, 25.680407388836255 ], [ 54.574751544997099, 25.680497220364668 ], [ 54.574841376525512, 25.680497220364668 ], [ 54.574841376525512, 25.680587051893077 ], [ 54.574931208053926, 25.680587051893077 ], [ 54.574931208053926, 25.680766714949904 ], [ 54.575021039582332, 25.680766714949904 ], [ 54.575021039582332, 25.680856546478314 ], [ 54.575110871110745, 25.680856546478314 ], [ 54.575110871110745, 25.680946378006727 ], [ 54.575200702639158, 25.680946378006727 ], [ 54.575200702639158, 25.68103620953514 ], [ 54.575290534167571, 25.68103620953514 ], [ 54.575290534167571, 25.68112604106355 ], [ 54.575380365695985, 25.68112604106355 ], [ 54.575380365695985, 25.681215872591963 ], [ 54.575470197224391, 25.681215872591963 ], [ 54.575470197224391, 25.681305704120373 ], [ 54.575560028752804, 25.681305704120373 ], [ 54.575560028752804, 25.681485367177199 ], [ 54.575649860281217, 25.681485367177199 ], [ 54.575649860281217, 25.681665030234022 ], [ 54.575829523338044, 25.681665030234022 ], [ 54.575829523338044, 25.681844693290845 ], [ 54.575919354866457, 25.681844693290845 ], [ 54.575919354866457, 25.681934524819258 ], [ 54.576009186394863, 25.681934524819258 ], [ 54.576009186394863, 25.682024356347672 ], [ 54.576099017923276, 25.682024356347672 ], [ 54.576099017923276, 25.682114187876081 ], [ 54.57618884945169, 25.682114187876081 ], [ 54.57618884945169, 25.682293850932904 ], [ 54.576278680980103, 25.682293850932904 ], [ 54.576278680980103, 25.682383682461317 ], [ 54.576368512508516, 25.682383682461317 ], [ 54.576368512508516, 25.682473513989731 ], [ 54.576458344036922, 25.682473513989731 ], [ 54.576458344036922, 25.68256334551814 ], [ 54.576548175565335, 25.68256334551814 ], [ 54.576548175565335, 25.682743008574967 ], [ 54.576638007093749, 25.682743008574967 ], [ 54.576638007093749, 25.68292267163179 ], [ 54.576727838622162, 25.68292267163179 ], [ 54.576727838622162, 25.683012503160203 ], [ 54.576817670150575, 25.683012503160203 ], [ 54.576817670150575, 25.683102334688613 ], [ 54.576907501678988, 25.683102334688613 ], [ 54.576907501678988, 25.683192166217026 ], [ 54.576997333207395, 25.683192166217026 ], [ 54.576997333207395, 25.683371829273849 ], [ 54.577087164735808, 25.683371829273849 ], [ 54.577087164735808, 25.683551492330672 ], [ 54.577176996264221, 25.683551492330672 ], [ 54.577176996264221, 25.683641323859085 ], [ 54.577266827792634, 25.683641323859085 ], [ 54.577266827792634, 25.683731155387498 ], [ 54.577356659321048, 25.683731155387498 ], [ 54.577356659321048, 25.683820986915908 ], [ 54.577446490849454, 25.683820986915908 ], [ 54.577446490849454, 25.684000649972734 ], [ 54.577536322377867, 25.684000649972734 ], [ 54.577536322377867, 25.684090481501144 ], [ 54.57762615390628, 25.684090481501144 ], [ 54.57762615390628, 25.684180313029557 ], [ 54.577715985434693, 25.684180313029557 ], [ 54.577715985434693, 25.684270144557967 ], [ 54.577805816963107, 25.684270144557967 ], [ 54.577805816963107, 25.684449807614794 ], [ 54.57789564849152, 25.684449807614794 ], [ 54.57789564849152, 25.684539639143203 ], [ 54.577985480019926, 25.684539639143203 ], [ 54.577985480019926, 25.68471930220003 ], [ 54.578075311548339, 25.68471930220003 ], [ 54.578075311548339, 25.684809133728439 ], [ 54.578165143076752, 25.684809133728439 ], [ 54.578165143076752, 25.684988796785266 ], [ 54.578254974605166, 25.684988796785266 ], [ 54.578254974605166, 25.685078628313676 ], [ 54.578344806133579, 25.685078628313676 ], [ 54.578344806133579, 25.685258291370499 ], [ 54.578434637661985, 25.685258291370499 ], [ 54.578434637661985, 25.685348122898912 ], [ 54.578524469190398, 25.685348122898912 ], [ 54.578524469190398, 25.685437954427325 ], [ 54.578614300718812, 25.685437954427325 ], [ 54.578614300718812, 25.685527785955735 ], [ 54.578704132247225, 25.685527785955735 ], [ 54.578704132247225, 25.685617617484148 ], [ 54.578793963775638, 25.685617617484148 ], [ 54.578793963775638, 25.685797280540971 ], [ 54.578883795304051, 25.685797280540971 ], [ 54.578883795304051, 25.686066775126207 ], [ 54.578973626832457, 25.686066775126207 ], [ 54.578973626832457, 25.686336269711443 ], [ 54.579063458360871, 25.686336269711443 ], [ 54.579063458360871, 25.686605764296679 ], [ 54.579153289889284, 25.686605764296679 ], [ 54.579153289889284, 25.686965090410329 ], [ 54.579243121417697, 25.686965090410329 ], [ 54.579243121417697, 25.687234584995561 ], [ 54.579422784474517, 25.687234584995561 ], [ 54.579422784474517, 25.687324416523975 ], [ 54.57951261600293, 25.687324416523975 ], [ 54.57951261600293, 25.687414248052388 ], [ 54.580141436701815, 25.687414248052388 ], [ 54.580141436701815, 25.687504079580798 ], [ 54.580231268230229, 25.687504079580798 ], [ 54.580231268230229, 25.687593911109211 ], [ 54.580321099758642, 25.687593911109211 ], [ 54.580321099758642, 25.687683742637624 ], [ 54.580410931287048, 25.687683742637624 ], [ 54.580410931287048, 25.687773574166034 ], [ 54.580500762815461, 25.687773574166034 ], [ 54.580500762815461, 25.687863405694447 ], [ 54.580590594343874, 25.687863405694447 ], [ 54.580590594343874, 25.68804306875127 ], [ 54.580680425872288, 25.68804306875127 ], [ 54.580680425872288, 25.688132900279683 ], [ 54.580770257400701, 25.688132900279683 ], [ 54.580770257400701, 25.688402394864919 ], [ 54.580860088929114, 25.688402394864919 ], [ 54.580860088929114, 25.688671889450156 ], [ 54.58094992045752, 25.688671889450156 ], [ 54.58094992045752, 25.688851552506978 ], [ 54.581039751985934, 25.688851552506978 ], [ 54.581039751985934, 25.689300710149038 ], [ 54.581129583514347, 25.689300710149038 ], [ 54.581129583514347, 25.689480373205861 ], [ 54.58121941504276, 25.689480373205861 ], [ 54.58121941504276, 25.689570204734274 ], [ 54.581309246571173, 25.689570204734274 ], [ 54.581309246571173, 25.689660036262687 ], [ 54.581399078099579, 25.689660036262687 ], [ 54.581399078099579, 25.68983969931951 ], [ 54.581488909627993, 25.68983969931951 ], [ 54.581488909627993, 25.689929530847923 ], [ 54.581578741156406, 25.689929530847923 ], [ 54.581578741156406, 25.690019362376333 ], [ 54.582297393383705, 25.690019362376333 ], [ 54.582297393383705, 25.690109193904746 ], [ 54.582387224912111, 25.690109193904746 ], [ 54.582387224912111, 25.690199025433156 ], [ 54.582477056440524, 25.690199025433156 ], [ 54.582477056440524, 25.690288856961569 ], [ 54.582566887968937, 25.690288856961569 ], [ 54.582566887968937, 25.690468520018392 ], [ 54.582656719497351, 25.690468520018392 ], [ 54.582656719497351, 25.690738014603628 ], [ 54.582746551025764, 25.690738014603628 ], [ 54.582746551025764, 25.691007509188864 ], [ 54.582836382554177, 25.691007509188864 ], [ 54.582836382554177, 25.691546498359337 ], [ 54.582926214082583, 25.691546498359337 ], [ 54.582926214082583, 25.69172616141616 ], [ 54.583016045610997, 25.69172616141616 ], [ 54.583016045610997, 25.691815992944573 ], [ 54.58310587713941, 25.691815992944573 ], [ 54.58310587713941, 25.692085487529809 ], [ 54.583195708667823, 25.692085487529809 ], [ 54.583195708667823, 25.692175319058222 ], [ 54.583285540196236, 25.692175319058222 ], [ 54.583285540196236, 25.692354982115045 ], [ 54.583375371724642, 25.692354982115045 ], [ 54.583375371724642, 25.692804139757104 ], [ 54.584633013122414, 25.692804139757104 ], [ 54.584633013122414, 25.693253297399163 ], [ 54.584722844650827, 25.693253297399163 ], [ 54.584722844650827, 25.6935227919844 ], [ 54.58481267617924, 25.6935227919844 ], [ 54.58481267617924, 25.693702455041223 ], [ 54.584902507707646, 25.693702455041223 ], [ 54.584902507707646, 25.693971949626459 ], [ 54.584992339236059, 25.693971949626459 ], [ 54.584992339236059, 25.694061781154872 ], [ 54.585082170764473, 25.694061781154872 ], [ 54.585082170764473, 25.694151612683285 ], [ 54.585172002292886, 25.694151612683285 ], [ 54.585172002292886, 25.694331275740108 ], [ 54.585351665349705, 25.694331275740108 ], [ 54.585351665349705, 25.694421107268518 ], [ 54.585710991463358, 25.694421107268518 ], [ 54.585710991463358, 25.694510938796931 ], [ 54.585890654520178, 25.694510938796931 ], [ 54.585890654520178, 25.694600770325344 ], [ 54.586070317577004, 25.694600770325344 ], [ 54.586070317577004, 25.694690601853754 ], [ 54.586160149105417, 25.694690601853754 ], [ 54.586160149105417, 25.694780433382167 ], [ 54.586249980633831, 25.694780433382167 ], [ 54.586249980633831, 25.69487026491058 ], [ 54.586339812162237, 25.69487026491058 ], [ 54.586339812162237, 25.695049927967403 ], [ 54.58642964369065, 25.695049927967403 ], [ 54.58642964369065, 25.695409254081049 ], [ 54.586519475219063, 25.695409254081049 ], [ 54.586519475219063, 25.695948243251522 ], [ 54.586609306747476, 25.695948243251522 ], [ 54.586609306747476, 25.696127906308348 ], [ 54.58669913827589, 25.696127906308348 ], [ 54.58669913827589, 25.696217737836758 ], [ 54.586788969804303, 25.696217737836758 ], [ 54.586788969804303, 25.696307569365171 ], [ 54.586878801332709, 25.696307569365171 ], [ 54.586878801332709, 25.696397400893581 ], [ 54.586968632861122, 25.696397400893581 ], [ 54.586968632861122, 25.696487232421994 ], [ 54.587058464389536, 25.696487232421994 ], [ 54.587058464389536, 25.696666895478817 ], [ 54.587148295917949, 25.696666895478817 ], [ 54.587148295917949, 25.696936390064053 ], [ 54.587238127446362, 25.696936390064053 ], [ 54.587238127446362, 25.697026221592466 ], [ 54.587327958974768, 25.697026221592466 ], [ 54.587327958974768, 25.69711605312088 ], [ 54.587417790503181, 25.69711605312088 ], [ 54.587417790503181, 25.697026221592466 ], [ 54.587507622031595, 25.697026221592466 ], [ 54.587507622031595, 25.69711605312088 ], [ 54.587597453560008, 25.69711605312088 ], [ 54.587597453560008, 25.697205884649289 ], [ 54.587777116616834, 25.697205884649289 ], [ 54.587777116616834, 25.698014368404998 ], [ 54.587866948145241, 25.698014368404998 ], [ 54.587866948145241, 25.697924536876585 ], [ 54.587956779673654, 25.697924536876585 ], [ 54.587956779673654, 25.697834705348175 ], [ 54.588046611202067, 25.697834705348175 ], [ 54.588046611202067, 25.697924536876585 ], [ 54.588226274258894, 25.697924536876585 ], [ 54.588226274258894, 25.698014368404998 ], [ 54.5883161057873, 25.698014368404998 ], [ 54.5883161057873, 25.698104199933411 ], [ 54.588405937315713, 25.698104199933411 ], [ 54.588405937315713, 25.698194031461821 ], [ 54.588495768844126, 25.698194031461821 ], [ 54.588495768844126, 25.698283862990234 ], [ 54.588585600372539, 25.698283862990234 ], [ 54.588585600372539, 25.698373694518644 ], [ 54.588675431900953, 25.698373694518644 ], [ 54.588675431900953, 25.69855335757547 ], [ 54.588765263429366, 25.69855335757547 ], [ 54.588765263429366, 25.69864318910388 ], [ 54.588855094957772, 25.69864318910388 ], [ 54.588855094957772, 25.698733020632293 ], [ 54.588944926486185, 25.698733020632293 ], [ 54.588944926486185, 25.698912683689116 ], [ 54.589034758014598, 25.698912683689116 ], [ 54.589034758014598, 25.699002515217529 ], [ 54.589124589543012, 25.699002515217529 ], [ 54.589124589543012, 25.699182178274352 ], [ 54.589214421071425, 25.699182178274352 ], [ 54.589214421071425, 25.699272009802765 ], [ 54.589304252599831, 25.699272009802765 ], [ 54.589304252599831, 25.699361841331175 ], [ 54.589394084128244, 25.699361841331175 ], [ 54.589394084128244, 25.699451672859588 ], [ 54.589573747185071, 25.699451672859588 ], [ 54.589573747185071, 25.699541504388002 ], [ 54.589663578713484, 25.699541504388002 ], [ 54.589663578713484, 25.699721167444824 ], [ 54.589753410241897, 25.699721167444824 ], [ 54.589753410241897, 25.699810998973238 ], [ 54.589843241770303, 25.699810998973238 ], [ 54.589843241770303, 25.699900830501647 ], [ 54.589933073298717, 25.699900830501647 ], [ 54.589933073298717, 25.699990662030061 ], [ 54.59002290482713, 25.699990662030061 ], [ 54.59002290482713, 25.700080493558474 ], [ 54.590112736355543, 25.700080493558474 ], [ 54.590112736355543, 25.700170325086884 ], [ 54.590202567883956, 25.700170325086884 ], [ 54.590202567883956, 25.700349988143707 ], [ 54.590382230940776, 25.700349988143707 ], [ 54.590382230940776, 25.70043981967212 ], [ 54.590472062469189, 25.70043981967212 ], [ 54.590472062469189, 25.700529651200533 ], [ 54.590741557054429, 25.700529651200533 ], [ 54.590741557054429, 25.700619482728943 ], [ 54.59190936692378, 25.700619482728943 ], [ 54.59190936692378, 25.700709314257356 ], [ 54.591999198452193, 25.700709314257356 ], [ 54.591999198452193, 25.700799145785769 ], [ 54.592178861509019, 25.700799145785769 ], [ 54.592178861509019, 25.700888977314179 ], [ 54.592268693037425, 25.700888977314179 ], [ 54.592268693037425, 25.700978808842592 ], [ 54.592358524565839, 25.700978808842592 ], [ 54.592358524565839, 25.701068640371005 ], [ 54.592448356094252, 25.701068640371005 ], [ 54.592448356094252, 25.701158471899415 ], [ 54.592538187622665, 25.701158471899415 ], [ 54.592538187622665, 25.701248303427828 ], [ 54.592628019151078, 25.701248303427828 ], [ 54.592628019151078, 25.701338134956238 ], [ 54.592717850679492, 25.701338134956238 ], [ 54.592717850679492, 25.701427966484651 ], [ 54.592897513736311, 25.701427966484651 ], [ 54.592897513736311, 25.701517798013064 ], [ 54.593077176793138, 25.701517798013064 ], [ 54.593077176793138, 25.701607629541474 ], [ 54.593256839849957, 25.701607629541474 ], [ 54.593256839849957, 25.701697461069887 ], [ 54.59334667137837, 25.701697461069887 ], [ 54.59334667137837, 25.701787292598301 ], [ 54.593436502906783, 25.701787292598301 ], [ 54.593436502906783, 25.70187712412671 ], [ 54.593526334435197, 25.70187712412671 ], [ 54.593526334435197, 25.701966955655124 ], [ 54.59361616596361, 25.701966955655124 ], [ 54.59361616596361, 25.702056787183537 ], [ 54.593795829020429, 25.702056787183537 ], [ 54.593795829020429, 25.702146618711947 ], [ 54.593975492077256, 25.702146618711947 ], [ 54.593975492077256, 25.70223645024036 ], [ 54.594155155134082, 25.70223645024036 ], [ 54.594155155134082, 25.702326281768769 ], [ 54.594244986662488, 25.702326281768769 ], [ 54.594244986662488, 25.702416113297183 ], [ 54.594424649719315, 25.702416113297183 ], [ 54.594424649719315, 25.702505944825596 ], [ 54.594514481247728, 25.702505944825596 ], [ 54.594514481247728, 25.702595776354006 ], [ 54.594694144304555, 25.702595776354006 ], [ 54.594694144304555, 25.702685607882419 ], [ 54.594783975832961, 25.702685607882419 ], [ 54.594783975832961, 25.702775439410832 ], [ 54.594873807361374, 25.702775439410832 ], [ 54.594873807361374, 25.702865270939242 ], [ 54.594963638889787, 25.702865270939242 ], [ 54.594963638889787, 25.702955102467655 ], [ 54.5950534704182, 25.702955102467655 ], [ 54.5950534704182, 25.703044933996068 ], [ 54.595143301946614, 25.703044933996068 ], [ 54.595143301946614, 25.703224597052891 ], [ 54.59523313347502, 25.703224597052891 ], [ 54.59523313347502, 25.703314428581301 ], [ 54.595322965003433, 25.703314428581301 ], [ 54.595322965003433, 25.703404260109714 ], [ 54.595412796531846, 25.703404260109714 ], [ 54.595412796531846, 25.703494091638127 ], [ 54.595592459588673, 25.703494091638127 ], [ 54.595592459588673, 25.703583923166537 ], [ 54.595682291117086, 25.703583923166537 ], [ 54.595682291117086, 25.70367375469495 ], [ 54.595772122645492, 25.70367375469495 ], [ 54.595772122645492, 25.703763586223364 ], [ 54.595861954173905, 25.703763586223364 ], [ 54.595861954173905, 25.703943249280186 ], [ 54.595951785702319, 25.703943249280186 ], [ 54.595951785702319, 25.7040330808086 ], [ 54.596041617230732, 25.7040330808086 ], [ 54.596041617230732, 25.704122912337009 ], [ 54.596131448759145, 25.704122912337009 ], [ 54.596131448759145, 25.704302575393832 ], [ 54.596221280287551, 25.704302575393832 ], [ 54.596221280287551, 25.704392406922246 ], [ 54.596311111815965, 25.704392406922246 ], [ 54.596311111815965, 25.704482238450659 ], [ 54.596400943344378, 25.704482238450659 ], [ 54.596400943344378, 25.704572069979069 ], [ 54.596490774872791, 25.704572069979069 ], [ 54.596490774872791, 25.704661901507482 ], [ 54.596670437929617, 25.704661901507482 ], [ 54.596670437929617, 25.704751733035895 ], [ 54.596760269458024, 25.704751733035895 ], [ 54.596760269458024, 25.704841564564305 ], [ 54.596850100986437, 25.704841564564305 ], [ 54.596850100986437, 25.704931396092718 ], [ 54.59693993251485, 25.704931396092718 ], [ 54.59693993251485, 25.705021227621131 ], [ 54.597029764043263, 25.705021227621131 ], [ 54.597029764043263, 25.705111059149541 ], [ 54.597119595571677, 25.705111059149541 ], [ 54.597119595571677, 25.705200890677954 ], [ 54.597209427100083, 25.705200890677954 ], [ 54.597209427100083, 25.705290722206364 ], [ 54.597299258628496, 25.705290722206364 ], [ 54.597299258628496, 25.705380553734777 ], [ 54.597389090156909, 25.705380553734777 ], [ 54.597389090156909, 25.7055602167916 ], [ 54.597568753213736, 25.7055602167916 ], [ 54.597568753213736, 25.705650048320013 ], [ 54.597658584742149, 25.705650048320013 ], [ 54.597658584742149, 25.705739879848426 ], [ 54.597838247798968, 25.705739879848426 ], [ 54.597838247798968, 25.705829711376836 ], [ 54.597928079327382, 25.705829711376836 ], [ 54.597928079327382, 25.705919542905249 ], [ 54.598017910855795, 25.705919542905249 ], [ 54.598017910855795, 25.706009374433663 ], [ 54.598107742384208, 25.706009374433663 ], [ 54.598107742384208, 25.706099205962072 ], [ 54.598197573912614, 25.706099205962072 ], [ 54.598197573912614, 25.706189037490486 ], [ 54.598287405441027, 25.706189037490486 ], [ 54.598287405441027, 25.706278869018895 ], [ 54.598467068497854, 25.706278869018895 ], [ 54.598467068497854, 25.706368700547308 ], [ 54.598556900026267, 25.706368700547308 ], [ 54.598556900026267, 25.706458532075722 ], [ 54.59864673155468, 25.706458532075722 ], [ 54.59864673155468, 25.706548363604131 ], [ 54.598736563083087, 25.706548363604131 ], [ 54.598736563083087, 25.706638195132545 ], [ 54.598916226139913, 25.706638195132545 ], [ 54.598916226139913, 25.706728026660958 ], [ 54.599006057668326, 25.706728026660958 ], [ 54.599006057668326, 25.706817858189368 ], [ 54.599185720725146, 25.706817858189368 ], [ 54.599185720725146, 25.706997521246194 ], [ 54.599455215310385, 25.706997521246194 ], [ 54.599455215310385, 25.707087352774604 ], [ 54.599545046838799, 25.707087352774604 ], [ 54.599545046838799, 25.707177184303017 ], [ 54.600084036009271, 25.707177184303017 ], [ 54.600084036009271, 25.707267015831427 ], [ 54.600173867537677, 25.707267015831427 ], [ 54.600173867537677, 25.70735684735984 ], [ 54.60026369906609, 25.70735684735984 ], [ 54.60026369906609, 25.707446678888253 ], [ 54.600353530594504, 25.707446678888253 ], [ 54.600353530594504, 25.707536510416663 ], [ 54.600443362122917, 25.707536510416663 ], [ 54.600443362122917, 25.707626341945076 ], [ 54.600623025179743, 25.707626341945076 ], [ 54.600623025179743, 25.707716173473489 ], [ 54.600802688236563, 25.707716173473489 ], [ 54.600802688236563, 25.707806005001899 ], [ 54.600892519764976, 25.707806005001899 ], [ 54.600892519764976, 25.707895836530312 ], [ 54.601072182821802, 25.707895836530312 ], [ 54.601072182821802, 25.707985668058726 ], [ 54.601162014350216, 25.707985668058726 ], [ 54.601162014350216, 25.708075499587135 ], [ 54.601251845878622, 25.708075499587135 ], [ 54.601251845878622, 25.708165331115548 ], [ 54.601341677407035, 25.708165331115548 ], [ 54.601341677407035, 25.708344994172371 ], [ 54.601431508935448, 25.708344994172371 ], [ 54.601431508935448, 25.708434825700785 ], [ 54.601521340463862, 25.708434825700785 ], [ 54.601521340463862, 25.708524657229194 ], [ 54.601611171992275, 25.708524657229194 ], [ 54.601611171992275, 25.708614488757608 ], [ 54.601701003520681, 25.708614488757608 ], [ 54.601701003520681, 25.708704320286021 ], [ 54.601790835049094, 25.708704320286021 ], [ 54.601790835049094, 25.708794151814431 ], [ 54.601970498105921, 25.708794151814431 ], [ 54.601970498105921, 25.708883983342844 ], [ 54.602060329634334, 25.708883983342844 ], [ 54.602060329634334, 25.708973814871257 ], [ 54.602239992691153, 25.708973814871257 ], [ 54.602239992691153, 25.709063646399667 ], [ 54.60241965574798, 25.709063646399667 ], [ 54.60241965574798, 25.70915347792808 ], [ 54.602599318804806, 25.70915347792808 ], [ 54.602599318804806, 25.709243309456493 ], [ 54.602689150333212, 25.709243309456493 ], [ 54.602689150333212, 25.709333140984903 ], [ 54.602868813390039, 25.709333140984903 ], [ 54.602868813390039, 25.709422972513316 ], [ 54.602958644918452, 25.709422972513316 ], [ 54.602958644918452, 25.709512804041726 ], [ 54.603228139503685, 25.709512804041726 ], [ 54.603228139503685, 25.709602635570139 ], [ 54.603317971032098, 25.709602635570139 ], [ 54.603317971032098, 25.709692467098552 ], [ 54.603407802560511, 25.709692467098552 ], [ 54.603407802560511, 25.709782298626962 ], [ 54.603497634088924, 25.709782298626962 ], [ 54.603497634088924, 25.709872130155375 ], [ 54.603587465617338, 25.709872130155375 ], [ 54.603587465617338, 25.710051793212198 ], [ 54.603677297145744, 25.710051793212198 ], [ 54.603677297145744, 25.710231456269025 ], [ 54.603767128674157, 25.710231456269025 ], [ 54.603767128674157, 25.710411119325848 ], [ 54.60385696020257, 25.710411119325848 ], [ 54.60385696020257, 25.710500950854257 ], [ 54.603946791730984, 25.710500950854257 ], [ 54.603946791730984, 25.71059078238267 ], [ 54.604036623259397, 25.71059078238267 ], [ 54.604036623259397, 25.710680613911084 ], [ 54.60412645478781, 25.710680613911084 ], [ 54.60412645478781, 25.710770445439493 ], [ 54.604216286316216, 25.710770445439493 ], [ 54.604216286316216, 25.710860276967907 ], [ 54.604306117844629, 25.710860276967907 ], [ 54.604306117844629, 25.71095010849632 ], [ 54.604395949373043, 25.71095010849632 ], [ 54.604395949373043, 25.711129771553143 ], [ 54.604575612429869, 25.711129771553143 ], [ 54.604575612429869, 25.711219603081556 ], [ 54.604665443958275, 25.711219603081556 ], [ 54.604665443958275, 25.711309434609966 ], [ 54.604755275486689, 25.711309434609966 ], [ 54.604755275486689, 25.711399266138379 ], [ 54.604845107015102, 25.711399266138379 ], [ 54.604845107015102, 25.711489097666789 ], [ 54.604934938543515, 25.711489097666789 ], [ 54.604934938543515, 25.711578929195202 ], [ 54.605024770071928, 25.711578929195202 ], [ 54.605024770071928, 25.711758592252025 ], [ 54.605114601600341, 25.711758592252025 ], [ 54.605114601600341, 25.711848423780438 ], [ 54.605204433128748, 25.711848423780438 ], [ 54.605204433128748, 25.711938255308851 ], [ 54.605294264657161, 25.711938255308851 ], [ 54.605294264657161, 25.712028086837261 ], [ 54.605473927713987, 25.712028086837261 ], [ 54.605473927713987, 25.712117918365674 ], [ 54.605563759242401, 25.712117918365674 ], [ 54.605563759242401, 25.712207749894088 ], [ 54.60574342229922, 25.712207749894088 ], [ 54.60574342229922, 25.712297581422497 ], [ 54.605833253827633, 25.712297581422497 ], [ 54.605833253827633, 25.71238741295091 ], [ 54.606102748412873, 25.71238741295091 ], [ 54.606102748412873, 25.71247724447932 ], [ 54.606192579941279, 25.71247724447932 ], [ 54.606192579941279, 25.712567076007733 ], [ 54.606372242998106, 25.712567076007733 ], [ 54.606372242998106, 25.712656907536147 ], [ 54.606462074526519, 25.712656907536147 ], [ 54.606462074526519, 25.712746739064556 ], [ 54.606641737583338, 25.712746739064556 ], [ 54.606641737583338, 25.71283657059297 ], [ 54.606731569111751, 25.71283657059297 ], [ 54.606731569111751, 25.712926402121383 ], [ 54.606911232168578, 25.712926402121383 ], [ 54.606911232168578, 25.713016233649792 ], [ 54.607001063696991, 25.713016233649792 ], [ 54.607001063696991, 25.713106065178206 ], [ 54.607090895225404, 25.713106065178206 ], [ 54.607090895225404, 25.713195896706619 ], [ 54.607180726753811, 25.713195896706619 ], [ 54.607180726753811, 25.713285728235029 ], [ 54.607270558282224, 25.713285728235029 ], [ 54.607270558282224, 25.713375559763442 ], [ 54.607360389810637, 25.713375559763442 ], [ 54.607360389810637, 25.713465391291852 ], [ 54.60762988439587, 25.713465391291852 ], [ 54.60762988439587, 25.713555222820265 ], [ 54.607809547452696, 25.713555222820265 ], [ 54.607809547452696, 25.713645054348678 ], [ 54.608079042037936, 25.713645054348678 ], [ 54.608079042037936, 25.713734885877088 ], [ 54.608168873566342, 25.713734885877088 ], [ 54.608168873566342, 25.713824717405501 ], [ 54.608258705094755, 25.713824717405501 ], [ 54.608258705094755, 25.713914548933914 ], [ 54.608348536623168, 25.713914548933914 ], [ 54.608348536623168, 25.714094211990737 ], [ 54.608438368151582, 25.714094211990737 ], [ 54.608438368151582, 25.71427387504756 ], [ 54.608528199679995, 25.71427387504756 ], [ 54.608528199679995, 25.71463320116121 ], [ 54.608618031208401, 25.71463320116121 ], [ 54.608618031208401, 25.714723032689619 ], [ 54.608707862736814, 25.714723032689619 ], [ 54.608707862736814, 25.714902695746446 ], [ 54.608797694265228, 25.714902695746446 ], [ 54.608797694265228, 25.714992527274855 ], [ 54.608887525793641, 25.714992527274855 ], [ 54.608887525793641, 25.715351853388505 ], [ 54.608977357322054, 25.715351853388505 ], [ 54.608977357322054, 25.715621347973741 ], [ 54.608887525793641, 25.715621347973741 ], [ 54.608887525793641, 25.715801011030564 ], [ 54.591370377753307, 25.715801011030564 ] ], [ [ 54.602599318804806, 25.711219603081556 ], [ 54.602868813390039, 25.711219603081556 ], [ 54.602868813390039, 25.71103994002473 ], [ 54.602689150333212, 25.71103994002473 ], [ 54.602689150333212, 25.711129771553143 ], [ 54.602599318804806, 25.711129771553143 ], [ 54.602599318804806, 25.711219603081556 ] ], [ [ 54.572775251372036, 25.687144753467152 ], [ 54.573224409014095, 25.687144753467152 ], [ 54.573224409014095, 25.686875258881916 ], [ 54.573314240542508, 25.686875258881916 ], [ 54.573314240542508, 25.686605764296679 ], [ 54.573224409014095, 25.686605764296679 ], [ 54.573224409014095, 25.686336269711443 ], [ 54.573134577485682, 25.686336269711443 ], [ 54.573134577485682, 25.686066775126207 ], [ 54.573224409014095, 25.686066775126207 ], [ 54.573224409014095, 25.685887112069384 ], [ 54.573044745957269, 25.685887112069384 ], [ 54.573044745957269, 25.685797280540971 ], [ 54.572865082900449, 25.685797280540971 ], [ 54.572865082900449, 25.685707449012561 ], [ 54.572685419843623, 25.685707449012561 ], [ 54.572685419843623, 25.685617617484148 ], [ 54.57259558831521, 25.685617617484148 ], [ 54.57259558831521, 25.685527785955735 ], [ 54.572505756786796, 25.685527785955735 ], [ 54.572505756786796, 25.685348122898912 ], [ 54.57241592525839, 25.685348122898912 ], [ 54.57241592525839, 25.685258291370499 ], [ 54.572326093729977, 25.685258291370499 ], [ 54.572326093729977, 25.685078628313676 ], [ 54.572236262201564, 25.685078628313676 ], [ 54.572236262201564, 25.684898965256853 ], [ 54.572146430673151, 25.684898965256853 ], [ 54.572146430673151, 25.684809133728439 ], [ 54.571876936087918, 25.684809133728439 ], [ 54.571876936087918, 25.684898965256853 ], [ 54.571787104559505, 25.684898965256853 ], [ 54.571787104559505, 25.685437954427325 ], [ 54.571697273031091, 25.685437954427325 ], [ 54.571697273031091, 25.685617617484148 ], [ 54.571607441502678, 25.685617617484148 ], [ 54.571607441502678, 25.685797280540971 ], [ 54.571697273031091, 25.685797280540971 ], [ 54.571697273031091, 25.685887112069384 ], [ 54.571787104559505, 25.685887112069384 ], [ 54.571787104559505, 25.685976943597797 ], [ 54.571876936087918, 25.685976943597797 ], [ 54.571876936087918, 25.686066775126207 ], [ 54.571966767616331, 25.686066775126207 ], [ 54.571966767616331, 25.686336269711443 ], [ 54.572056599144737, 25.686336269711443 ], [ 54.572056599144737, 25.686515932768266 ], [ 54.572146430673151, 25.686515932768266 ], [ 54.572146430673151, 25.686695595825093 ], [ 54.572236262201564, 25.686695595825093 ], [ 54.572236262201564, 25.686785427353502 ], [ 54.572326093729977, 25.686785427353502 ], [ 54.572326093729977, 25.686875258881916 ], [ 54.572505756786796, 25.686875258881916 ], [ 54.572505756786796, 25.686965090410329 ], [ 54.572685419843623, 25.686965090410329 ], [ 54.572685419843623, 25.687054921938739 ], [ 54.572775251372036, 25.687054921938739 ], [ 54.572775251372036, 25.687144753467152 ] ], [ [ 54.566487044383202, 25.686875258881916 ], [ 54.566576875911608, 25.686875258881916 ], [ 54.566576875911608, 25.686785427353502 ], [ 54.566756538968434, 25.686785427353502 ], [ 54.566756538968434, 25.686695595825093 ], [ 54.566846370496847, 25.686695595825093 ], [ 54.566846370496847, 25.686605764296679 ], [ 54.566936202025261, 25.686605764296679 ], [ 54.566936202025261, 25.686426101239856 ], [ 54.566846370496847, 25.686426101239856 ], [ 54.566846370496847, 25.68624643818303 ], [ 54.566756538968434, 25.68624643818303 ], [ 54.566756538968434, 25.68615660665462 ], [ 54.566397212854788, 25.68615660665462 ], [ 54.566397212854788, 25.686066775126207 ], [ 54.566307381326375, 25.686066775126207 ], [ 54.566307381326375, 25.68624643818303 ], [ 54.566217549797962, 25.68624643818303 ], [ 54.566217549797962, 25.686605764296679 ], [ 54.566307381326375, 25.686605764296679 ], [ 54.566307381326375, 25.686785427353502 ], [ 54.566487044383202, 25.686785427353502 ], [ 54.566487044383202, 25.686875258881916 ] ], [ [ 54.649042218993785, 25.685887112069384 ], [ 54.64940154510743, 25.685887112069384 ], [ 54.64940154510743, 25.685797280540971 ], [ 54.649491376635844, 25.685797280540971 ], [ 54.649491376635844, 25.685887112069384 ], [ 54.64985070274949, 25.685887112069384 ], [ 54.64985070274949, 25.685797280540971 ], [ 54.649940534277903, 25.685797280540971 ], [ 54.649940534277903, 25.685707449012561 ], [ 54.649671039692663, 25.685707449012561 ], [ 54.649671039692663, 25.685527785955735 ], [ 54.649581208164257, 25.685527785955735 ], [ 54.649581208164257, 25.685437954427325 ], [ 54.64940154510743, 25.685437954427325 ], [ 54.64940154510743, 25.685527785955735 ], [ 54.649311713579017, 25.685527785955735 ], [ 54.649311713579017, 25.685437954427325 ], [ 54.649132050522198, 25.685437954427325 ], [ 54.649132050522198, 25.685348122898912 ], [ 54.648862555936958, 25.685348122898912 ], [ 54.648862555936958, 25.685437954427325 ], [ 54.648772724408545, 25.685437954427325 ], [ 54.648772724408545, 25.685617617484148 ], [ 54.648682892880132, 25.685617617484148 ], [ 54.648682892880132, 25.685707449012561 ], [ 54.648862555936958, 25.685707449012561 ], [ 54.648862555936958, 25.685797280540971 ], [ 54.649042218993785, 25.685797280540971 ], [ 54.649042218993785, 25.685887112069384 ] ], [ [ 54.652365985545025, 25.68471930220003 ], [ 54.652455817073438, 25.68471930220003 ], [ 54.652455817073438, 25.684629470671617 ], [ 54.652545648601851, 25.684629470671617 ], [ 54.652545648601851, 25.684539639143203 ], [ 54.652725311658671, 25.684539639143203 ], [ 54.652725311658671, 25.68435997608638 ], [ 54.652635480130257, 25.68435997608638 ], [ 54.652635480130257, 25.684270144557967 ], [ 54.652725311658671, 25.684270144557967 ], [ 54.652725311658671, 25.684090481501144 ], [ 54.652635480130257, 25.684090481501144 ], [ 54.652635480130257, 25.684180313029557 ], [ 54.652545648601851, 25.684180313029557 ], [ 54.652545648601851, 25.684090481501144 ], [ 54.652276154016612, 25.684090481501144 ], [ 54.652276154016612, 25.684449807614794 ], [ 54.652365985545025, 25.684449807614794 ], [ 54.652365985545025, 25.684539639143203 ], [ 54.652276154016612, 25.684539639143203 ], [ 54.652276154016612, 25.684629470671617 ], [ 54.652365985545025, 25.684629470671617 ], [ 54.652365985545025, 25.68471930220003 ] ], [ [ 54.653354132357556, 25.682743008574967 ], [ 54.653533795414383, 25.682743008574967 ], [ 54.653533795414383, 25.682653177046554 ], [ 54.653354132357556, 25.682653177046554 ], [ 54.653354132357556, 25.682743008574967 ] ], [ [ 54.623260570339554, 25.675736149358833 ], [ 54.623350401867967, 25.675736149358833 ], [ 54.623350401867967, 25.67564631783042 ], [ 54.623709727981613, 25.67564631783042 ], [ 54.623709727981613, 25.675376823245184 ], [ 54.623530064924786, 25.675376823245184 ], [ 54.623530064924786, 25.675286991716774 ], [ 54.623350401867967, 25.675286991716774 ], [ 54.623350401867967, 25.675197160188361 ], [ 54.622991075754314, 25.675197160188361 ], [ 54.622991075754314, 25.67555648630201 ], [ 54.623080907282727, 25.67555648630201 ], [ 54.623080907282727, 25.67564631783042 ], [ 54.623260570339554, 25.67564631783042 ], [ 54.623260570339554, 25.675736149358833 ] ], [ [ 54.650838849562021, 25.672232719750767 ], [ 54.651018512618847, 25.672232719750767 ], [ 54.651018512618847, 25.672142888222353 ], [ 54.651198175675667, 25.672142888222353 ], [ 54.651198175675667, 25.672053056693944 ], [ 54.65128800720408, 25.672053056693944 ], [ 54.65128800720408, 25.671873393637121 ], [ 54.651018512618847, 25.671873393637121 ], [ 54.651018512618847, 25.671783562108708 ], [ 54.650659186505194, 25.671783562108708 ], [ 54.650659186505194, 25.671873393637121 ], [ 54.650569354976788, 25.671873393637121 ], [ 54.650569354976788, 25.672053056693944 ], [ 54.650659186505194, 25.672053056693944 ], [ 54.650659186505194, 25.672142888222353 ], [ 54.650838849562021, 25.672142888222353 ], [ 54.650838849562021, 25.672232719750767 ] ], [ [ 54.564780245343371, 25.669897100012058 ], [ 54.564870076871784, 25.669897100012058 ], [ 54.564870076871784, 25.669717436955231 ], [ 54.564780245343371, 25.669717436955231 ], [ 54.564780245343371, 25.669627605426822 ], [ 54.564690413814958, 25.669627605426822 ], [ 54.564690413814958, 25.669717436955231 ], [ 54.564600582286545, 25.669717436955231 ], [ 54.564600582286545, 25.669807268483645 ], [ 54.564780245343371, 25.669807268483645 ], [ 54.564780245343371, 25.669897100012058 ] ], [ [ 54.63368102763534, 25.669897100012058 ], [ 54.63386069069216, 25.669897100012058 ], [ 54.63386069069216, 25.669717436955231 ], [ 54.633770859163754, 25.669717436955231 ], [ 54.633770859163754, 25.669627605426822 ], [ 54.63368102763534, 25.669627605426822 ], [ 54.63368102763534, 25.669717436955231 ], [ 54.633591196106927, 25.669717436955231 ], [ 54.633591196106927, 25.669807268483645 ], [ 54.63368102763534, 25.669807268483645 ], [ 54.63368102763534, 25.669897100012058 ] ], [ [ 54.55471911416123, 25.669807268483645 ], [ 54.554808945689643, 25.669807268483645 ], [ 54.554808945689643, 25.669717436955231 ], [ 54.55471911416123, 25.669717436955231 ], [ 54.55471911416123, 25.669807268483645 ] ], [ [ 54.61625371112342, 25.667741143330169 ], [ 54.616613037237066, 25.667741143330169 ], [ 54.616613037237066, 25.667651311801759 ], [ 54.616702868765479, 25.667651311801759 ], [ 54.616702868765479, 25.667561480273346 ], [ 54.616792700293892, 25.667561480273346 ], [ 54.616792700293892, 25.667381817216523 ], [ 54.616702868765479, 25.667381817216523 ], [ 54.616702868765479, 25.667291985688109 ], [ 54.61625371112342, 25.667291985688109 ], [ 54.61625371112342, 25.667381817216523 ], [ 54.616163879595007, 25.667381817216523 ], [ 54.616163879595007, 25.667651311801759 ], [ 54.61625371112342, 25.667651311801759 ], [ 54.61625371112342, 25.667741143330169 ] ], [ [ 54.653713458471202, 25.667112322631287 ], [ 54.653803289999615, 25.667112322631287 ], [ 54.653803289999615, 25.667022491102873 ], [ 54.653893121528029, 25.667022491102873 ], [ 54.653893121528029, 25.666932659574464 ], [ 54.654072784584855, 25.666932659574464 ], [ 54.654072784584855, 25.66684282804605 ], [ 54.653982953056442, 25.66684282804605 ], [ 54.653982953056442, 25.666752996517637 ], [ 54.653893121528029, 25.666752996517637 ], [ 54.653893121528029, 25.66684282804605 ], [ 54.653713458471202, 25.66684282804605 ], [ 54.653713458471202, 25.667112322631287 ] ], [ [ 54.615624890424534, 25.66684282804605 ], [ 54.615894385009774, 25.66684282804605 ], [ 54.615894385009774, 25.666663164989227 ], [ 54.615984216538187, 25.666663164989227 ], [ 54.615984216538187, 25.666483501932401 ], [ 54.615894385009774, 25.666483501932401 ], [ 54.615894385009774, 25.666303838875578 ], [ 54.615804553481361, 25.666303838875578 ], [ 54.615804553481361, 25.666124175818755 ], [ 54.615714721952948, 25.666124175818755 ], [ 54.615714721952948, 25.666034344290342 ], [ 54.615624890424534, 25.666034344290342 ], [ 54.615624890424534, 25.665944512761932 ], [ 54.615535058896121, 25.665944512761932 ], [ 54.615535058896121, 25.665854681233519 ], [ 54.614906238197243, 25.665854681233519 ], [ 54.614906238197243, 25.666034344290342 ], [ 54.614996069725656, 25.666034344290342 ], [ 54.614996069725656, 25.666663164989227 ], [ 54.615175732782475, 25.666663164989227 ], [ 54.615175732782475, 25.666752996517637 ], [ 54.615355395839302, 25.666752996517637 ], [ 54.615355395839302, 25.666663164989227 ], [ 54.615445227367715, 25.666663164989227 ], [ 54.615445227367715, 25.666752996517637 ], [ 54.615624890424534, 25.666752996517637 ], [ 54.615624890424534, 25.66684282804605 ] ], [ [ 54.653084637772324, 25.666573333460814 ], [ 54.653354132357556, 25.666573333460814 ], [ 54.653354132357556, 25.666483501932401 ], [ 54.653443963885969, 25.666483501932401 ], [ 54.653443963885969, 25.666124175818755 ], [ 54.653713458471202, 25.666124175818755 ], [ 54.653713458471202, 25.666034344290342 ], [ 54.653893121528029, 25.666034344290342 ], [ 54.653893121528029, 25.665944512761932 ], [ 54.653982953056442, 25.665944512761932 ], [ 54.653982953056442, 25.665585186648283 ], [ 54.653893121528029, 25.665585186648283 ], [ 54.653893121528029, 25.66540552359146 ], [ 54.653533795414383, 25.66540552359146 ], [ 54.653533795414383, 25.665495355119869 ], [ 54.653443963885969, 25.665495355119869 ], [ 54.653443963885969, 25.665675018176696 ], [ 54.653264300829143, 25.665675018176696 ], [ 54.653264300829143, 25.665764849705106 ], [ 54.65317446930073, 25.665764849705106 ], [ 54.65317446930073, 25.665854681233519 ], [ 54.653084637772324, 25.665854681233519 ], [ 54.653084637772324, 25.665944512761932 ], [ 54.652904974715497, 25.665944512761932 ], [ 54.652904974715497, 25.666034344290342 ], [ 54.652815143187084, 25.666034344290342 ], [ 54.652815143187084, 25.666214007347165 ], [ 54.652904974715497, 25.666214007347165 ], [ 54.652904974715497, 25.666303838875578 ], [ 54.65299480624391, 25.666303838875578 ], [ 54.65299480624391, 25.666393670403991 ], [ 54.653084637772324, 25.666393670403991 ], [ 54.653084637772324, 25.666573333460814 ] ], [ [ 54.61077398789029, 25.65633253922185 ], [ 54.610863819418704, 25.65633253922185 ], [ 54.610863819418704, 25.655973213108204 ], [ 54.610953650947117, 25.655973213108204 ], [ 54.610953650947117, 25.655434223937732 ], [ 54.610863819418704, 25.655434223937732 ], [ 54.610863819418704, 25.655074897824083 ], [ 54.61077398789029, 25.655074897824083 ], [ 54.61077398789029, 25.65633253922185 ] ], [ [ 54.61077398789029, 25.652918941142197 ], [ 54.610863819418704, 25.652918941142197 ], [ 54.610863819418704, 25.652559615028551 ], [ 54.610953650947117, 25.652559615028551 ], [ 54.610953650947117, 25.652379951971724 ], [ 54.610863819418704, 25.652379951971724 ], [ 54.610863819418704, 25.652110457386488 ], [ 54.61077398789029, 25.652110457386488 ], [ 54.61077398789029, 25.652918941142197 ] ], [ [ 54.658654192533859, 25.649146016948894 ], [ 54.658744024062273, 25.649146016948894 ], [ 54.658744024062273, 25.648966353892071 ], [ 54.658833855590686, 25.648966353892071 ], [ 54.658833855590686, 25.648876522363661 ], [ 54.658923687119099, 25.648876522363661 ], [ 54.658923687119099, 25.648696859306835 ], [ 54.659013518647512, 25.648696859306835 ], [ 54.659013518647512, 25.648607027778425 ], [ 54.658923687119099, 25.648607027778425 ], [ 54.658923687119099, 25.648427364721599 ], [ 54.658744024062273, 25.648427364721599 ], [ 54.658744024062273, 25.648517196250012 ], [ 54.658654192533859, 25.648517196250012 ], [ 54.658654192533859, 25.648607027778425 ], [ 54.658564361005446, 25.648607027778425 ], [ 54.658564361005446, 25.649056185420484 ], [ 54.658654192533859, 25.649056185420484 ], [ 54.658654192533859, 25.649146016948894 ] ], [ [ 54.667188187732997, 25.64752904943748 ], [ 54.667367850789823, 25.64752904943748 ], [ 54.667367850789823, 25.647439217909067 ], [ 54.667457682318236, 25.647439217909067 ], [ 54.667457682318236, 25.647349386380657 ], [ 54.667547513846642, 25.647349386380657 ], [ 54.667547513846642, 25.647169723323831 ], [ 54.667367850789823, 25.647169723323831 ], [ 54.667367850789823, 25.647259554852244 ], [ 54.66727801926141, 25.647259554852244 ], [ 54.66727801926141, 25.647349386380657 ], [ 54.667188187732997, 25.647349386380657 ], [ 54.667188187732997, 25.64752904943748 ] ], [ [ 54.61077398789029, 25.646990060267008 ], [ 54.610863819418704, 25.646990060267008 ], [ 54.610863819418704, 25.646720565681772 ], [ 54.61077398789029, 25.646720565681772 ], [ 54.61077398789029, 25.646630734153362 ], [ 54.610594324833464, 25.646630734153362 ], [ 54.610594324833464, 25.646720565681772 ], [ 54.610504493305058, 25.646720565681772 ], [ 54.610504493305058, 25.646810397210185 ], [ 54.61077398789029, 25.646810397210185 ], [ 54.61077398789029, 25.646990060267008 ] ], [ [ 54.564690413814958, 25.646900228738598 ], [ 54.564780245343371, 25.646900228738598 ], [ 54.564780245343371, 25.646810397210185 ], [ 54.564870076871784, 25.646810397210185 ], [ 54.564870076871784, 25.646720565681772 ], [ 54.564780245343371, 25.646720565681772 ], [ 54.564780245343371, 25.646630734153362 ], [ 54.564600582286545, 25.646630734153362 ], [ 54.564600582286545, 25.646810397210185 ], [ 54.564690413814958, 25.646810397210185 ], [ 54.564690413814958, 25.646900228738598 ] ], [ [ 54.63368102763534, 25.646900228738598 ], [ 54.63386069069216, 25.646900228738598 ], [ 54.63386069069216, 25.646720565681772 ], [ 54.633770859163754, 25.646720565681772 ], [ 54.633770859163754, 25.646630734153362 ], [ 54.63368102763534, 25.646630734153362 ], [ 54.63368102763534, 25.646720565681772 ], [ 54.633591196106927, 25.646720565681772 ], [ 54.633591196106927, 25.646810397210185 ], [ 54.63368102763534, 25.646810397210185 ], [ 54.63368102763534, 25.646900228738598 ] ], [ [ 54.656677898908796, 25.646900228738598 ], [ 54.65676773043721, 25.646900228738598 ], [ 54.65676773043721, 25.646810397210185 ], [ 54.656857561965623, 25.646810397210185 ], [ 54.656857561965623, 25.646720565681772 ], [ 54.65676773043721, 25.646720565681772 ], [ 54.65676773043721, 25.646540902624949 ], [ 54.656677898908796, 25.646540902624949 ], [ 54.656677898908796, 25.646630734153362 ], [ 54.656588067380383, 25.646630734153362 ], [ 54.656588067380383, 25.646720565681772 ], [ 54.656498235851977, 25.646720565681772 ], [ 54.656498235851977, 25.646810397210185 ], [ 54.656677898908796, 25.646810397210185 ], [ 54.656677898908796, 25.646900228738598 ] ], [ [ 54.668894986772827, 25.646451071096536 ], [ 54.669074649829646, 25.646451071096536 ], [ 54.669074649829646, 25.646361239568126 ], [ 54.668984818301233, 25.646361239568126 ], [ 54.668984818301233, 25.646271408039713 ], [ 54.668894986772827, 25.646271408039713 ], [ 54.668894986772827, 25.646451071096536 ] ], [ [ 54.668805155244414, 25.646181576511299 ], [ 54.668894986772827, 25.646181576511299 ], [ 54.668894986772827, 25.64609174498289 ], [ 54.668805155244414, 25.64609174498289 ], [ 54.668805155244414, 25.646181576511299 ] ], [ [ 54.668715323716, 25.64609174498289 ], [ 54.668805155244414, 25.64609174498289 ], [ 54.668805155244414, 25.646001913454477 ], [ 54.668715323716, 25.646001913454477 ], [ 54.668715323716, 25.64609174498289 ] ], [ [ 54.554000461933938, 25.642139157732764 ], [ 54.554359788047584, 25.642139157732764 ], [ 54.554359788047584, 25.641959494675937 ], [ 54.554449619575998, 25.641959494675937 ], [ 54.554449619575998, 25.641869663147528 ], [ 54.554539451104411, 25.641869663147528 ], [ 54.554539451104411, 25.641690000090705 ], [ 54.554629282632824, 25.641690000090705 ], [ 54.554629282632824, 25.641600168562292 ], [ 54.55471911416123, 25.641600168562292 ], [ 54.55471911416123, 25.641240842448642 ], [ 54.554629282632824, 25.641240842448642 ], [ 54.554629282632824, 25.641061179391819 ], [ 54.554539451104411, 25.641061179391819 ], [ 54.554539451104411, 25.640971347863406 ], [ 54.554449619575998, 25.640971347863406 ], [ 54.554449619575998, 25.640432358692937 ], [ 54.554539451104411, 25.640432358692937 ], [ 54.554539451104411, 25.640342527164524 ], [ 54.554629282632824, 25.640342527164524 ], [ 54.554629282632824, 25.640252695636111 ], [ 54.55471911416123, 25.640252695636111 ], [ 54.55471911416123, 25.640162864107701 ], [ 54.554898777218057, 25.640162864107701 ], [ 54.554898777218057, 25.640252695636111 ], [ 54.555168271803289, 25.640252695636111 ], [ 54.555168271803289, 25.640342527164524 ], [ 54.555258103331703, 25.640342527164524 ], [ 54.555258103331703, 25.640432358692937 ], [ 54.555347934860116, 25.640432358692937 ], [ 54.555347934860116, 25.640522190221347 ], [ 54.555527597916942, 25.640522190221347 ], [ 54.555527597916942, 25.64061202174976 ], [ 54.555797092502175, 25.64061202174976 ], [ 54.555797092502175, 25.640701853278173 ], [ 54.555707260973762, 25.640701853278173 ], [ 54.555707260973762, 25.640791684806583 ], [ 54.555976755559001, 25.640791684806583 ], [ 54.555976755559001, 25.64061202174976 ], [ 54.556066587087415, 25.64061202174976 ], [ 54.556066587087415, 25.640522190221347 ], [ 54.556156418615821, 25.640522190221347 ], [ 54.556156418615821, 25.640252695636111 ], [ 54.556246250144234, 25.640252695636111 ], [ 54.556246250144234, 25.639983201050875 ], [ 54.556336081672647, 25.639983201050875 ], [ 54.556336081672647, 25.639623874937229 ], [ 54.55642591320106, 25.639623874937229 ], [ 54.55642591320106, 25.639534043408815 ], [ 54.556605576257887, 25.639534043408815 ], [ 54.556605576257887, 25.639444211880406 ], [ 54.556695407786293, 25.639444211880406 ], [ 54.556695407786293, 25.639354380351993 ], [ 54.556785239314706, 25.639354380351993 ], [ 54.556785239314706, 25.639264548823579 ], [ 54.55687507084312, 25.639264548823579 ], [ 54.55687507084312, 25.63917471729517 ], [ 54.557054733899946, 25.63917471729517 ], [ 54.557054733899946, 25.639084885766756 ], [ 54.557144565428352, 25.639084885766756 ], [ 54.557144565428352, 25.638995054238343 ], [ 54.557324228485179, 25.638995054238343 ], [ 54.557324228485179, 25.63881539118152 ], [ 54.557414060013592, 25.63881539118152 ], [ 54.557414060013592, 25.638635728124697 ], [ 54.557324228485179, 25.638635728124697 ], [ 54.557324228485179, 25.638545896596284 ], [ 54.557234396956765, 25.638545896596284 ], [ 54.557234396956765, 25.638456065067874 ], [ 54.557144565428352, 25.638456065067874 ], [ 54.557144565428352, 25.638366233539461 ], [ 54.557054733899946, 25.638366233539461 ], [ 54.557054733899946, 25.638276402011048 ], [ 54.556964902371533, 25.638276402011048 ], [ 54.556964902371533, 25.638186570482638 ], [ 54.556695407786293, 25.638186570482638 ], [ 54.556695407786293, 25.638096738954225 ], [ 54.556515744729474, 25.638096738954225 ], [ 54.556515744729474, 25.638006907425812 ], [ 54.556336081672647, 25.638006907425812 ], [ 54.556336081672647, 25.637917075897402 ], [ 54.556246250144234, 25.637917075897402 ], [ 54.556246250144234, 25.637557749783753 ], [ 54.556156418615821, 25.637557749783753 ], [ 54.556156418615821, 25.637108592141693 ], [ 54.556246250144234, 25.637108592141693 ], [ 54.556246250144234, 25.636928929084871 ], [ 54.556336081672647, 25.636928929084871 ], [ 54.556336081672647, 25.636839097556457 ], [ 54.55642591320106, 25.636839097556457 ], [ 54.55642591320106, 25.636659434499634 ], [ 54.556515744729474, 25.636659434499634 ], [ 54.556515744729474, 25.636569602971221 ], [ 54.556695407786293, 25.636569602971221 ], [ 54.556695407786293, 25.636479771442811 ], [ 54.556785239314706, 25.636479771442811 ], [ 54.556785239314706, 25.636389939914398 ], [ 54.55687507084312, 25.636389939914398 ], [ 54.55687507084312, 25.636300108385985 ], [ 54.556964902371533, 25.636300108385985 ], [ 54.556964902371533, 25.636120445329162 ], [ 54.557054733899946, 25.636120445329162 ], [ 54.557054733899946, 25.635671287687103 ], [ 54.55687507084312, 25.635671287687103 ], [ 54.55687507084312, 25.63558145615869 ], [ 54.556785239314706, 25.63558145615869 ], [ 54.556785239314706, 25.635671287687103 ], [ 54.556605576257887, 25.635671287687103 ], [ 54.556605576257887, 25.635761119215516 ], [ 54.556515744729474, 25.635761119215516 ], [ 54.556515744729474, 25.635850950743926 ], [ 54.556336081672647, 25.635850950743926 ], [ 54.556336081672647, 25.636030613800749 ], [ 54.556246250144234, 25.636030613800749 ], [ 54.556246250144234, 25.636120445329162 ], [ 54.556156418615821, 25.636120445329162 ], [ 54.556156418615821, 25.636659434499634 ], [ 54.555437766388529, 25.636659434499634 ], [ 54.555437766388529, 25.636749266028048 ], [ 54.555347934860116, 25.636749266028048 ], [ 54.555347934860116, 25.636839097556457 ], [ 54.555258103331703, 25.636839097556457 ], [ 54.555258103331703, 25.636928929084871 ], [ 54.555168271803289, 25.636928929084871 ], [ 54.555168271803289, 25.63701876061328 ], [ 54.555078440274883, 25.63701876061328 ], [ 54.555078440274883, 25.63737808672693 ], [ 54.55498860874647, 25.63737808672693 ], [ 54.55498860874647, 25.637647581312166 ], [ 54.554898777218057, 25.637647581312166 ], [ 54.554898777218057, 25.637737412840579 ], [ 54.554808945689643, 25.637737412840579 ], [ 54.554808945689643, 25.638096738954225 ], [ 54.55471911416123, 25.638096738954225 ], [ 54.55471911416123, 25.638276402011048 ], [ 54.554629282632824, 25.638276402011048 ], [ 54.554629282632824, 25.638456065067874 ], [ 54.554539451104411, 25.638456065067874 ], [ 54.554539451104411, 25.638545896596284 ], [ 54.554449619575998, 25.638545896596284 ], [ 54.554449619575998, 25.638635728124697 ], [ 54.554269956519171, 25.638635728124697 ], [ 54.554269956519171, 25.638905222709933 ], [ 54.554180124990758, 25.638905222709933 ], [ 54.554180124990758, 25.638995054238343 ], [ 54.554090293462352, 25.638995054238343 ], [ 54.554090293462352, 25.639084885766756 ], [ 54.554000461933938, 25.639084885766756 ], [ 54.554000461933938, 25.63917471729517 ], [ 54.553910630405525, 25.63917471729517 ], [ 54.553910630405525, 25.639264548823579 ], [ 54.553730967348699, 25.639264548823579 ], [ 54.553730967348699, 25.639713706465642 ], [ 54.553820798877112, 25.639713706465642 ], [ 54.553820798877112, 25.639893369522465 ], [ 54.553730967348699, 25.639893369522465 ], [ 54.553730967348699, 25.640432358692937 ], [ 54.553641135820293, 25.640432358692937 ], [ 54.553641135820293, 25.641151010920233 ], [ 54.553551304291879, 25.641151010920233 ], [ 54.553551304291879, 25.641240842448642 ], [ 54.553461472763466, 25.641240842448642 ], [ 54.553461472763466, 25.641690000090705 ], [ 54.553551304291879, 25.641690000090705 ], [ 54.553551304291879, 25.641779831619115 ], [ 54.553641135820293, 25.641779831619115 ], [ 54.553641135820293, 25.641869663147528 ], [ 54.553730967348699, 25.641869663147528 ], [ 54.553730967348699, 25.641959494675937 ], [ 54.553820798877112, 25.641959494675937 ], [ 54.553820798877112, 25.642049326204351 ], [ 54.554000461933938, 25.642049326204351 ], [ 54.554000461933938, 25.642139157732764 ] ], [ [ 54.669793302056945, 25.641330673977055 ], [ 54.669972965113764, 25.641330673977055 ], [ 54.669972965113764, 25.641151010920233 ], [ 54.669793302056945, 25.641151010920233 ], [ 54.669793302056945, 25.641330673977055 ] ], [ [ 54.675452688346894, 25.638186570482638 ], [ 54.675542519875307, 25.638186570482638 ], [ 54.675542519875307, 25.638096738954225 ], [ 54.675632351403721, 25.638096738954225 ], [ 54.675632351403721, 25.638006907425812 ], [ 54.675722182932134, 25.638006907425812 ], [ 54.675722182932134, 25.637917075897402 ], [ 54.675542519875307, 25.637917075897402 ], [ 54.675542519875307, 25.638006907425812 ], [ 54.675452688346894, 25.638006907425812 ], [ 54.675452688346894, 25.638186570482638 ] ], [ [ 54.677159487386724, 25.637198423670107 ], [ 54.677249318915138, 25.637198423670107 ], [ 54.677249318915138, 25.63701876061328 ], [ 54.677339150443551, 25.63701876061328 ], [ 54.677339150443551, 25.636928929084871 ], [ 54.677428981971957, 25.636928929084871 ], [ 54.677428981971957, 25.636839097556457 ], [ 54.677069655858311, 25.636839097556457 ], [ 54.677069655858311, 25.636928929084871 ], [ 54.676979824329898, 25.636928929084871 ], [ 54.676979824329898, 25.637108592141693 ], [ 54.677159487386724, 25.637108592141693 ], [ 54.677159487386724, 25.637198423670107 ] ], [ [ 54.608707862736814, 25.636659434499634 ], [ 54.608977357322054, 25.636659434499634 ], [ 54.608977357322054, 25.636479771442811 ], [ 54.609157020378873, 25.636479771442811 ], [ 54.609157020378873, 25.636389939914398 ], [ 54.6093366834357, 25.636389939914398 ], [ 54.6093366834357, 25.636300108385985 ], [ 54.609426514964113, 25.636300108385985 ], [ 54.609426514964113, 25.636210276857575 ], [ 54.609516346492526, 25.636210276857575 ], [ 54.609516346492526, 25.636120445329162 ], [ 54.609606178020933, 25.636120445329162 ], [ 54.609606178020933, 25.636030613800749 ], [ 54.609696009549346, 25.636030613800749 ], [ 54.609696009549346, 25.635940782272339 ], [ 54.609785841077759, 25.635940782272339 ], [ 54.609785841077759, 25.635671287687103 ], [ 54.609696009549346, 25.635671287687103 ], [ 54.609696009549346, 25.63558145615869 ], [ 54.609426514964113, 25.63558145615869 ], [ 54.609426514964113, 25.63549162463028 ], [ 54.6093366834357, 25.63549162463028 ], [ 54.6093366834357, 25.635401793101867 ], [ 54.608977357322054, 25.635401793101867 ], [ 54.608977357322054, 25.635311961573453 ], [ 54.608618031208401, 25.635311961573453 ], [ 54.608618031208401, 25.635222130045044 ], [ 54.608528199679995, 25.635222130045044 ], [ 54.608528199679995, 25.635132298516631 ], [ 54.608438368151582, 25.635132298516631 ], [ 54.608438368151582, 25.635042466988217 ], [ 54.608168873566342, 25.635042466988217 ], [ 54.608168873566342, 25.634952635459808 ], [ 54.607809547452696, 25.634952635459808 ], [ 54.607809547452696, 25.635042466988217 ], [ 54.607719715924283, 25.635042466988217 ], [ 54.607719715924283, 25.635132298516631 ], [ 54.60762988439587, 25.635132298516631 ], [ 54.60762988439587, 25.635311961573453 ], [ 54.60745022133905, 25.635311961573453 ], [ 54.60745022133905, 25.635671287687103 ], [ 54.607540052867463, 25.635671287687103 ], [ 54.607540052867463, 25.635850950743926 ], [ 54.60762988439587, 25.635850950743926 ], [ 54.60762988439587, 25.636030613800749 ], [ 54.607899378981109, 25.636030613800749 ], [ 54.607899378981109, 25.636120445329162 ], [ 54.608079042037936, 25.636120445329162 ], [ 54.608079042037936, 25.636210276857575 ], [ 54.608168873566342, 25.636210276857575 ], [ 54.608168873566342, 25.636300108385985 ], [ 54.608258705094755, 25.636300108385985 ], [ 54.608258705094755, 25.636210276857575 ], [ 54.608707862736814, 25.636210276857575 ], [ 54.608707862736814, 25.636659434499634 ] ], [ [ 54.680483253937965, 25.636389939914398 ], [ 54.680573085466378, 25.636389939914398 ], [ 54.680573085466378, 25.636300108385985 ], [ 54.680483253937965, 25.636300108385985 ], [ 54.680483253937965, 25.636389939914398 ] ], [ [ 54.602150161162747, 25.635222130045044 ], [ 54.60241965574798, 25.635222130045044 ], [ 54.60241965574798, 25.635132298516631 ], [ 54.602509487276393, 25.635132298516631 ], [ 54.602509487276393, 25.634952635459808 ], [ 54.60241965574798, 25.634952635459808 ], [ 54.60241965574798, 25.634683140874571 ], [ 54.602329824219566, 25.634683140874571 ], [ 54.602329824219566, 25.634503477817749 ], [ 54.602150161162747, 25.634503477817749 ], [ 54.602150161162747, 25.634413646289335 ], [ 54.601790835049094, 25.634413646289335 ], [ 54.601790835049094, 25.634593309346158 ], [ 54.601880666577507, 25.634593309346158 ], [ 54.601880666577507, 25.634772972402985 ], [ 54.601970498105921, 25.634772972402985 ], [ 54.601970498105921, 25.634952635459808 ], [ 54.602060329634334, 25.634952635459808 ], [ 54.602060329634334, 25.635042466988217 ], [ 54.602150161162747, 25.635042466988217 ], [ 54.602150161162747, 25.635222130045044 ] ], [ [ 54.61077398789029, 25.635042466988217 ], [ 54.610863819418704, 25.635042466988217 ], [ 54.610863819418704, 25.634952635459808 ], [ 54.61077398789029, 25.634952635459808 ], [ 54.61077398789029, 25.635042466988217 ] ], [ [ 54.681561232278909, 25.634503477817749 ], [ 54.681651063807323, 25.634503477817749 ], [ 54.681651063807323, 25.634323814760922 ], [ 54.681830726864142, 25.634323814760922 ], [ 54.681830726864142, 25.634054320175686 ], [ 54.681740895335736, 25.634054320175686 ], [ 54.681740895335736, 25.633874657118863 ], [ 54.681651063807323, 25.633874657118863 ], [ 54.681651063807323, 25.633964488647276 ], [ 54.681561232278909, 25.633964488647276 ], [ 54.681561232278909, 25.634144151704099 ], [ 54.681471400750496, 25.634144151704099 ], [ 54.681471400750496, 25.634413646289335 ], [ 54.681561232278909, 25.634413646289335 ], [ 54.681561232278909, 25.634503477817749 ] ], [ [ 54.607540052867463, 25.633605162533627 ], [ 54.607719715924283, 25.633605162533627 ], [ 54.607719715924283, 25.633515331005217 ], [ 54.607809547452696, 25.633515331005217 ], [ 54.607809547452696, 25.633245836419981 ], [ 54.607540052867463, 25.633245836419981 ], [ 54.607540052867463, 25.633335667948391 ], [ 54.60745022133905, 25.633335667948391 ], [ 54.60745022133905, 25.633515331005217 ], [ 54.607540052867463, 25.633515331005217 ], [ 54.607540052867463, 25.633605162533627 ] ], [ [ 54.604036623259397, 25.633515331005217 ], [ 54.604306117844629, 25.633515331005217 ], [ 54.604306117844629, 25.633425499476804 ], [ 54.604934938543515, 25.633425499476804 ], [ 54.604934938543515, 25.633335667948391 ], [ 54.605114601600341, 25.633335667948391 ], [ 54.605114601600341, 25.633156004891568 ], [ 54.605204433128748, 25.633156004891568 ], [ 54.605204433128748, 25.632886510306331 ], [ 54.605114601600341, 25.632886510306331 ], [ 54.605114601600341, 25.632796678777922 ], [ 54.605024770071928, 25.632796678777922 ], [ 54.605024770071928, 25.632617015721095 ], [ 54.604934938543515, 25.632617015721095 ], [ 54.604934938543515, 25.632527184192686 ], [ 54.604755275486689, 25.632527184192686 ], [ 54.604755275486689, 25.632437352664272 ], [ 54.604665443958275, 25.632437352664272 ], [ 54.604665443958275, 25.632347521135859 ], [ 54.604306117844629, 25.632347521135859 ], [ 54.604306117844629, 25.632437352664272 ], [ 54.604216286316216, 25.632437352664272 ], [ 54.604216286316216, 25.632527184192686 ], [ 54.60412645478781, 25.632527184192686 ], [ 54.60412645478781, 25.632617015721095 ], [ 54.604036623259397, 25.632617015721095 ], [ 54.604036623259397, 25.632706847249509 ], [ 54.603946791730984, 25.632706847249509 ], [ 54.603946791730984, 25.632886510306331 ], [ 54.60385696020257, 25.632886510306331 ], [ 54.60385696020257, 25.633425499476804 ], [ 54.604036623259397, 25.633425499476804 ], [ 54.604036623259397, 25.633515331005217 ] ], [ [ 54.608168873566342, 25.633245836419981 ], [ 54.608618031208401, 25.633245836419981 ], [ 54.608618031208401, 25.633156004891568 ], [ 54.608707862736814, 25.633156004891568 ], [ 54.608707862736814, 25.632976341834745 ], [ 54.608438368151582, 25.632976341834745 ], [ 54.608438368151582, 25.632886510306331 ], [ 54.608348536623168, 25.632886510306331 ], [ 54.608348536623168, 25.632976341834745 ], [ 54.608168873566342, 25.632976341834745 ], [ 54.608168873566342, 25.633245836419981 ] ], [ [ 54.609246851907287, 25.632527184192686 ], [ 54.609516346492526, 25.632527184192686 ], [ 54.609516346492526, 25.632437352664272 ], [ 54.609246851907287, 25.632437352664272 ], [ 54.609246851907287, 25.632527184192686 ] ], [ [ 54.683986683546031, 25.631628868908564 ], [ 54.684256178131271, 25.631628868908564 ], [ 54.684256178131271, 25.631539037380154 ], [ 54.684346009659677, 25.631539037380154 ], [ 54.684346009659677, 25.631179711266505 ], [ 54.684076515074445, 25.631179711266505 ], [ 54.684076515074445, 25.631269542794918 ], [ 54.683896852017618, 25.631269542794918 ], [ 54.683896852017618, 25.631539037380154 ], [ 54.683986683546031, 25.631539037380154 ], [ 54.683986683546031, 25.631628868908564 ] ], [ [ 54.684256178131271, 25.629383080698265 ], [ 54.684525672716504, 25.629383080698265 ], [ 54.684525672716504, 25.629293249169855 ], [ 54.684974830358563, 25.629293249169855 ], [ 54.684974830358563, 25.629203417641442 ], [ 54.685154493415389, 25.629203417641442 ], [ 54.685154493415389, 25.629113586113029 ], [ 54.685334156472209, 25.629113586113029 ], [ 54.685334156472209, 25.628664428470969 ], [ 54.685423988000622, 25.628664428470969 ], [ 54.685423988000622, 25.628394933885733 ], [ 54.685334156472209, 25.628394933885733 ], [ 54.685334156472209, 25.628125439300497 ], [ 54.685154493415389, 25.628125439300497 ], [ 54.685154493415389, 25.628035607772087 ], [ 54.685064661886976, 25.628035607772087 ], [ 54.685064661886976, 25.628125439300497 ], [ 54.684974830358563, 25.628125439300497 ], [ 54.684974830358563, 25.62821527082891 ], [ 54.684795167301736, 25.62821527082891 ], [ 54.684795167301736, 25.628394933885733 ], [ 54.684615504244917, 25.628394933885733 ], [ 54.684615504244917, 25.628484765414147 ], [ 54.684525672716504, 25.628484765414147 ], [ 54.684525672716504, 25.62857459694256 ], [ 54.684346009659677, 25.62857459694256 ], [ 54.684346009659677, 25.628664428470969 ], [ 54.684256178131271, 25.628664428470969 ], [ 54.684256178131271, 25.628754259999383 ], [ 54.684166346602858, 25.628754259999383 ], [ 54.684166346602858, 25.628844091527796 ], [ 54.684076515074445, 25.628844091527796 ], [ 54.684076515074445, 25.628933923056206 ], [ 54.683986683546031, 25.628933923056206 ], [ 54.683986683546031, 25.629203417641442 ], [ 54.684076515074445, 25.629203417641442 ], [ 54.684076515074445, 25.629293249169855 ], [ 54.684256178131271, 25.629293249169855 ], [ 54.684256178131271, 25.629383080698265 ] ], [ [ 54.684795167301736, 25.627766113186851 ], [ 54.68488499883015, 25.627766113186851 ], [ 54.68488499883015, 25.627586450130028 ], [ 54.684795167301736, 25.627586450130028 ], [ 54.684795167301736, 25.627766113186851 ] ], [ [ 54.686232471756334, 25.627676281658438 ], [ 54.686412134813153, 25.627676281658438 ], [ 54.686412134813153, 25.627586450130028 ], [ 54.686501966341567, 25.627586450130028 ], [ 54.686501966341567, 25.627496618601615 ], [ 54.68659179786998, 25.627496618601615 ], [ 54.68659179786998, 25.627406787073202 ], [ 54.686681629398393, 25.627406787073202 ], [ 54.686681629398393, 25.627316955544792 ], [ 54.686771460926799, 25.627316955544792 ], [ 54.686771460926799, 25.627047460959556 ], [ 54.686142640227921, 25.627047460959556 ], [ 54.686142640227921, 25.627137292487966 ], [ 54.686052808699507, 25.627137292487966 ], [ 54.686052808699507, 25.627227124016379 ], [ 54.685962977171094, 25.627227124016379 ], [ 54.685962977171094, 25.627406787073202 ], [ 54.686052808699507, 25.627406787073202 ], [ 54.686052808699507, 25.627496618601615 ], [ 54.686142640227921, 25.627496618601615 ], [ 54.686142640227921, 25.627586450130028 ], [ 54.686232471756334, 25.627586450130028 ], [ 54.686232471756334, 25.627676281658438 ] ], [ [ 54.684974830358563, 25.627227124016379 ], [ 54.685154493415389, 25.627227124016379 ], [ 54.685154493415389, 25.627137292487966 ], [ 54.685244324943802, 25.627137292487966 ], [ 54.685244324943802, 25.627047460959556 ], [ 54.685334156472209, 25.627047460959556 ], [ 54.685334156472209, 25.626957629431143 ], [ 54.685064661886976, 25.626957629431143 ], [ 54.685064661886976, 25.627047460959556 ], [ 54.68488499883015, 25.627047460959556 ], [ 54.68488499883015, 25.627137292487966 ], [ 54.684974830358563, 25.627137292487966 ], [ 54.684974830358563, 25.627227124016379 ] ], [ [ 54.684076515074445, 25.626328808732261 ], [ 54.684346009659677, 25.626328808732261 ], [ 54.684346009659677, 25.625969482618611 ], [ 54.684256178131271, 25.625969482618611 ], [ 54.684256178131271, 25.625699988033375 ], [ 54.684076515074445, 25.625699988033375 ], [ 54.684076515074445, 25.625610156504965 ], [ 54.683717188960799, 25.625610156504965 ], [ 54.683717188960799, 25.625789819561788 ], [ 54.683807020489205, 25.625789819561788 ], [ 54.683807020489205, 25.625879651090202 ], [ 54.683896852017618, 25.625879651090202 ], [ 54.683896852017618, 25.625969482618611 ], [ 54.683807020489205, 25.625969482618611 ], [ 54.683807020489205, 25.626059314147025 ], [ 54.683896852017618, 25.626059314147025 ], [ 54.683896852017618, 25.626149145675434 ], [ 54.683986683546031, 25.626149145675434 ], [ 54.683986683546031, 25.626238977203847 ], [ 54.684076515074445, 25.626238977203847 ], [ 54.684076515074445, 25.626328808732261 ] ], [ [ 54.67967477018226, 25.624172852050371 ], [ 54.679764601710673, 25.624172852050371 ], [ 54.679764601710673, 25.623903357465135 ], [ 54.679854433239079, 25.623903357465135 ], [ 54.679854433239079, 25.623723694408312 ], [ 54.679764601710673, 25.623723694408312 ], [ 54.679764601710673, 25.623544031351489 ], [ 54.67967477018226, 25.623544031351489 ], [ 54.67967477018226, 25.623633862879903 ], [ 54.679584938653846, 25.623633862879903 ], [ 54.679584938653846, 25.623723694408312 ], [ 54.679495107125433, 25.623723694408312 ], [ 54.679495107125433, 25.623813525936725 ], [ 54.679584938653846, 25.623813525936725 ], [ 54.679584938653846, 25.624083020521962 ], [ 54.67967477018226, 25.624083020521962 ], [ 54.67967477018226, 25.624172852050371 ] ], [ [ 54.541783374069915, 25.623993188993548 ], [ 54.541873205598321, 25.623993188993548 ], [ 54.541873205598321, 25.623723694408312 ], [ 54.541783374069915, 25.623723694408312 ], [ 54.541783374069915, 25.623633862879903 ], [ 54.541693542541502, 25.623633862879903 ], [ 54.541693542541502, 25.623903357465135 ], [ 54.541783374069915, 25.623903357465135 ], [ 54.541783374069915, 25.623993188993548 ] ], [ [ 54.564690413814958, 25.623903357465135 ], [ 54.564780245343371, 25.623903357465135 ], [ 54.564780245343371, 25.623813525936725 ], [ 54.564870076871784, 25.623813525936725 ], [ 54.564870076871784, 25.623723694408312 ], [ 54.564780245343371, 25.623723694408312 ], [ 54.564780245343371, 25.623633862879903 ], [ 54.564600582286545, 25.623633862879903 ], [ 54.564600582286545, 25.623813525936725 ], [ 54.564690413814958, 25.623813525936725 ], [ 54.564690413814958, 25.623903357465135 ] ], [ [ 54.610684156361877, 25.623903357465135 ], [ 54.61077398789029, 25.623903357465135 ], [ 54.61077398789029, 25.623813525936725 ], [ 54.610863819418704, 25.623813525936725 ], [ 54.610863819418704, 25.623723694408312 ], [ 54.61077398789029, 25.623723694408312 ], [ 54.61077398789029, 25.623633862879903 ], [ 54.610594324833464, 25.623633862879903 ], [ 54.610594324833464, 25.623813525936725 ], [ 54.610684156361877, 25.623813525936725 ], [ 54.610684156361877, 25.623903357465135 ] ], [ [ 54.63368102763534, 25.623903357465135 ], [ 54.633770859163754, 25.623903357465135 ], [ 54.633770859163754, 25.623813525936725 ], [ 54.63386069069216, 25.623813525936725 ], [ 54.63386069069216, 25.623723694408312 ], [ 54.633770859163754, 25.623723694408312 ], [ 54.633770859163754, 25.623633862879903 ], [ 54.633591196106927, 25.623633862879903 ], [ 54.633591196106927, 25.623813525936725 ], [ 54.63368102763534, 25.623813525936725 ], [ 54.63368102763534, 25.623903357465135 ] ], [ [ 54.656677898908796, 25.623903357465135 ], [ 54.65676773043721, 25.623903357465135 ], [ 54.65676773043721, 25.623633862879903 ], [ 54.656677898908796, 25.623633862879903 ], [ 54.656677898908796, 25.623723694408312 ], [ 54.656588067380383, 25.623723694408312 ], [ 54.656588067380383, 25.623813525936725 ], [ 54.656677898908796, 25.623813525936725 ], [ 54.656677898908796, 25.623903357465135 ] ], [ [ 54.686951123983626, 25.623813525936725 ], [ 54.687310450097272, 25.623813525936725 ], [ 54.687310450097272, 25.623723694408312 ], [ 54.686951123983626, 25.623723694408312 ], [ 54.686951123983626, 25.623813525936725 ] ], [ [ 54.685962977171094, 25.623274536766253 ], [ 54.686412134813153, 25.623274536766253 ], [ 54.686412134813153, 25.62318470523784 ], [ 54.68659179786998, 25.62318470523784 ], [ 54.68659179786998, 25.623005042181017 ], [ 54.686681629398393, 25.623005042181017 ], [ 54.686681629398393, 25.622915210652604 ], [ 54.68659179786998, 25.622915210652604 ], [ 54.68659179786998, 25.622645716067371 ], [ 54.686232471756334, 25.622645716067371 ], [ 54.686232471756334, 25.622735547595781 ], [ 54.685873145642681, 25.622735547595781 ], [ 54.685873145642681, 25.622825379124194 ], [ 54.685783314114268, 25.622825379124194 ], [ 54.685783314114268, 25.62318470523784 ], [ 54.685962977171094, 25.62318470523784 ], [ 54.685962977171094, 25.623274536766253 ] ], [ [ 54.585531328406532, 25.621927063840072 ], [ 54.585710991463358, 25.621927063840072 ], [ 54.585710991463358, 25.621837232311663 ], [ 54.585800822991771, 25.621837232311663 ], [ 54.585800822991771, 25.621747400783249 ], [ 54.585621159934945, 25.621747400783249 ], [ 54.585621159934945, 25.62165756925484 ], [ 54.585441496878119, 25.62165756925484 ], [ 54.585441496878119, 25.621747400783249 ], [ 54.585531328406532, 25.621747400783249 ], [ 54.585531328406532, 25.621927063840072 ] ], [ [ 54.684795167301736, 25.621567737726426 ], [ 54.685064661886976, 25.621567737726426 ], [ 54.685064661886976, 25.621477906198013 ], [ 54.685154493415389, 25.621477906198013 ], [ 54.685154493415389, 25.62129824314119 ], [ 54.685244324943802, 25.62129824314119 ], [ 54.685244324943802, 25.621208411612777 ], [ 54.685334156472209, 25.621208411612777 ], [ 54.685334156472209, 25.621118580084367 ], [ 54.685244324943802, 25.621118580084367 ], [ 54.685244324943802, 25.621028748555954 ], [ 54.685154493415389, 25.621028748555954 ], [ 54.685154493415389, 25.620938917027541 ], [ 54.68488499883015, 25.620938917027541 ], [ 54.68488499883015, 25.621477906198013 ], [ 54.684795167301736, 25.621477906198013 ], [ 54.684795167301736, 25.621567737726426 ] ], [ [ 54.579692279059756, 25.620759253970718 ], [ 54.579871942116583, 25.620759253970718 ], [ 54.579871942116583, 25.620669422442308 ], [ 54.580051605173402, 25.620669422442308 ], [ 54.580051605173402, 25.620579590913895 ], [ 54.580141436701815, 25.620579590913895 ], [ 54.580141436701815, 25.620220264800246 ], [ 54.580051605173402, 25.620220264800246 ], [ 54.580051605173402, 25.620040601743423 ], [ 54.579961773644989, 25.620040601743423 ], [ 54.579961773644989, 25.619950770215009 ], [ 54.579692279059756, 25.619950770215009 ], [ 54.579692279059756, 25.620040601743423 ], [ 54.579602447531343, 25.620040601743423 ], [ 54.579602447531343, 25.620669422442308 ], [ 54.579692279059756, 25.620669422442308 ], [ 54.579692279059756, 25.620759253970718 ] ], [ [ 54.564780245343371, 25.620669422442308 ], [ 54.564870076871784, 25.620669422442308 ], [ 54.564870076871784, 25.619681275629777 ], [ 54.564780245343371, 25.619681275629777 ], [ 54.564780245343371, 25.620669422442308 ] ], [ [ 54.598916226139913, 25.620310096328659 ], [ 54.599365383781972, 25.620310096328659 ], [ 54.599365383781972, 25.620220264800246 ], [ 54.599455215310385, 25.620220264800246 ], [ 54.599455215310385, 25.620130433271836 ], [ 54.599634878367212, 25.620130433271836 ], [ 54.599634878367212, 25.619950770215009 ], [ 54.599455215310385, 25.619950770215009 ], [ 54.599455215310385, 25.6198609386866 ], [ 54.599365383781972, 25.6198609386866 ], [ 54.599365383781972, 25.619950770215009 ], [ 54.59909588919674, 25.619950770215009 ], [ 54.59909588919674, 25.620040601743423 ], [ 54.598916226139913, 25.620040601743423 ], [ 54.598916226139913, 25.620310096328659 ] ], [ [ 54.679764601710673, 25.619411781044541 ], [ 54.679854433239079, 25.619411781044541 ], [ 54.679854433239079, 25.619052454930891 ], [ 54.679764601710673, 25.619052454930891 ], [ 54.679764601710673, 25.619411781044541 ] ], [ [ 54.584992339236059, 25.619052454930891 ], [ 54.585261833821299, 25.619052454930891 ], [ 54.585261833821299, 25.618962623402478 ], [ 54.585441496878119, 25.618962623402478 ], [ 54.585441496878119, 25.618872791874068 ], [ 54.585621159934945, 25.618872791874068 ], [ 54.585621159934945, 25.618782960345655 ], [ 54.585710991463358, 25.618782960345655 ], [ 54.585710991463358, 25.618693128817245 ], [ 54.585800822991771, 25.618693128817245 ], [ 54.585800822991771, 25.618603297288832 ], [ 54.585890654520178, 25.618603297288832 ], [ 54.585890654520178, 25.618513465760419 ], [ 54.585980486048591, 25.618513465760419 ], [ 54.585980486048591, 25.618423634232009 ], [ 54.586070317577004, 25.618423634232009 ], [ 54.586070317577004, 25.618243971175183 ], [ 54.586160149105417, 25.618243971175183 ], [ 54.586160149105417, 25.618154139646773 ], [ 54.586339812162237, 25.618154139646773 ], [ 54.586339812162237, 25.61806430811836 ], [ 54.58642964369065, 25.61806430811836 ], [ 54.58642964369065, 25.617884645061537 ], [ 54.586519475219063, 25.617884645061537 ], [ 54.586519475219063, 25.617704982004714 ], [ 54.58642964369065, 25.617704982004714 ], [ 54.58642964369065, 25.617794813533123 ], [ 54.586160149105417, 25.617794813533123 ], [ 54.586160149105417, 25.617884645061537 ], [ 54.586070317577004, 25.617884645061537 ], [ 54.586070317577004, 25.617974476589946 ], [ 54.585441496878119, 25.617974476589946 ], [ 54.585441496878119, 25.61806430811836 ], [ 54.585351665349705, 25.61806430811836 ], [ 54.585351665349705, 25.618154139646773 ], [ 54.585261833821299, 25.618154139646773 ], [ 54.585261833821299, 25.618243971175183 ], [ 54.585172002292886, 25.618243971175183 ], [ 54.585172002292886, 25.618423634232009 ], [ 54.585082170764473, 25.618423634232009 ], [ 54.585082170764473, 25.618693128817245 ], [ 54.584992339236059, 25.618693128817245 ], [ 54.584992339236059, 25.619052454930891 ] ], [ [ 54.593526334435197, 25.618962623402478 ], [ 54.59361616596361, 25.618962623402478 ], [ 54.59361616596361, 25.618872791874068 ], [ 54.593705997492023, 25.618872791874068 ], [ 54.593705997492023, 25.618513465760419 ], [ 54.593256839849957, 25.618513465760419 ], [ 54.593256839849957, 25.618872791874068 ], [ 54.593526334435197, 25.618872791874068 ], [ 54.593526334435197, 25.618962623402478 ] ], [ [ 54.565948055212729, 25.618782960345655 ], [ 54.566037886741135, 25.618782960345655 ], [ 54.566037886741135, 25.618693128817245 ], [ 54.565948055212729, 25.618693128817245 ], [ 54.565948055212729, 25.618782960345655 ] ], [ [ 54.592178861509019, 25.618513465760419 ], [ 54.592628019151078, 25.618513465760419 ], [ 54.592628019151078, 25.618333802703596 ], [ 54.592807682207898, 25.618333802703596 ], [ 54.592807682207898, 25.617974476589946 ], [ 54.592897513736311, 25.617974476589946 ], [ 54.592897513736311, 25.617794813533123 ], [ 54.592807682207898, 25.617794813533123 ], [ 54.592807682207898, 25.617615150476301 ], [ 54.592717850679492, 25.617615150476301 ], [ 54.592717850679492, 25.617525318947887 ], [ 54.592628019151078, 25.617525318947887 ], [ 54.592628019151078, 25.617435487419478 ], [ 54.592538187622665, 25.617435487419478 ], [ 54.592538187622665, 25.617345655891064 ], [ 54.592448356094252, 25.617345655891064 ], [ 54.592448356094252, 25.617255824362651 ], [ 54.592268693037425, 25.617255824362651 ], [ 54.592268693037425, 25.617165992834241 ], [ 54.592089029980606, 25.617165992834241 ], [ 54.592089029980606, 25.617255824362651 ], [ 54.591999198452193, 25.617255824362651 ], [ 54.591999198452193, 25.617345655891064 ], [ 54.591819535395366, 25.617345655891064 ], [ 54.591819535395366, 25.617435487419478 ], [ 54.59172970386696, 25.617435487419478 ], [ 54.59172970386696, 25.617525318947887 ], [ 54.591639872338547, 25.617525318947887 ], [ 54.591639872338547, 25.617794813533123 ], [ 54.591819535395366, 25.617794813533123 ], [ 54.591819535395366, 25.617884645061537 ], [ 54.59172970386696, 25.617884645061537 ], [ 54.59172970386696, 25.617974476589946 ], [ 54.591819535395366, 25.617974476589946 ], [ 54.591819535395366, 25.618154139646773 ], [ 54.59190936692378, 25.618154139646773 ], [ 54.59190936692378, 25.618243971175183 ], [ 54.591999198452193, 25.618243971175183 ], [ 54.591999198452193, 25.618423634232009 ], [ 54.592178861509019, 25.618423634232009 ], [ 54.592178861509019, 25.618513465760419 ] ], [ [ 54.59864673155468, 25.618333802703596 ], [ 54.598916226139913, 25.618333802703596 ], [ 54.598916226139913, 25.618243971175183 ], [ 54.59864673155468, 25.618243971175183 ], [ 54.59864673155468, 25.618333802703596 ] ], [ [ 54.594514481247728, 25.618243971175183 ], [ 54.594694144304555, 25.618243971175183 ], [ 54.594694144304555, 25.618154139646773 ], [ 54.594873807361374, 25.618154139646773 ], [ 54.594873807361374, 25.61806430811836 ], [ 54.594783975832961, 25.61806430811836 ], [ 54.594783975832961, 25.617974476589946 ], [ 54.594694144304555, 25.617974476589946 ], [ 54.594694144304555, 25.617884645061537 ], [ 54.594604312776141, 25.617884645061537 ], [ 54.594604312776141, 25.617794813533123 ], [ 54.594514481247728, 25.617794813533123 ], [ 54.594514481247728, 25.617704982004714 ], [ 54.594244986662488, 25.617704982004714 ], [ 54.594244986662488, 25.617974476589946 ], [ 54.594334818190902, 25.617974476589946 ], [ 54.594334818190902, 25.61806430811836 ], [ 54.594514481247728, 25.61806430811836 ], [ 54.594514481247728, 25.618243971175183 ] ], [ [ 54.594065323605669, 25.617704982004714 ], [ 54.594244986662488, 25.617704982004714 ], [ 54.594244986662488, 25.617615150476301 ], [ 54.594065323605669, 25.617615150476301 ], [ 54.594065323605669, 25.617704982004714 ] ], [ [ 54.58642964369065, 25.617165992834241 ], [ 54.586788969804303, 25.617165992834241 ], [ 54.586788969804303, 25.617076161305828 ], [ 54.586878801332709, 25.617076161305828 ], [ 54.586878801332709, 25.616896498249005 ], [ 54.586968632861122, 25.616896498249005 ], [ 54.586968632861122, 25.616716835192182 ], [ 54.587058464389536, 25.616716835192182 ], [ 54.587058464389536, 25.616357509078533 ], [ 54.587148295917949, 25.616357509078533 ], [ 54.587148295917949, 25.61617784602171 ], [ 54.586968632861122, 25.61617784602171 ], [ 54.586968632861122, 25.61626767755012 ], [ 54.586878801332709, 25.61626767755012 ], [ 54.586878801332709, 25.61617784602171 ], [ 54.586788969804303, 25.61617784602171 ], [ 54.586788969804303, 25.615998182964884 ], [ 54.58669913827589, 25.615998182964884 ], [ 54.58669913827589, 25.615728688379651 ], [ 54.58642964369065, 25.615728688379651 ], [ 54.58642964369065, 25.615279530737588 ], [ 54.586519475219063, 25.615279530737588 ], [ 54.586519475219063, 25.615189699209179 ], [ 54.58642964369065, 25.615189699209179 ], [ 54.58642964369065, 25.615099867680765 ], [ 54.586519475219063, 25.615099867680765 ], [ 54.586519475219063, 25.614920204623942 ], [ 54.58642964369065, 25.614920204623942 ], [ 54.58642964369065, 25.615010036152352 ], [ 54.586339812162237, 25.615010036152352 ], [ 54.586339812162237, 25.615099867680765 ], [ 54.586160149105417, 25.615099867680765 ], [ 54.586160149105417, 25.614920204623942 ], [ 54.586339812162237, 25.614920204623942 ], [ 54.586339812162237, 25.614650710038706 ], [ 54.586249980633831, 25.614650710038706 ], [ 54.586249980633831, 25.614560878510293 ], [ 54.586160149105417, 25.614560878510293 ], [ 54.586160149105417, 25.61438121545347 ], [ 54.586070317577004, 25.61438121545347 ], [ 54.586070317577004, 25.614291383925057 ], [ 54.585800822991771, 25.614291383925057 ], [ 54.585800822991771, 25.61438121545347 ], [ 54.585710991463358, 25.61438121545347 ], [ 54.585710991463358, 25.614560878510293 ], [ 54.585621159934945, 25.614560878510293 ], [ 54.585621159934945, 25.615099867680765 ], [ 54.585531328406532, 25.615099867680765 ], [ 54.585531328406532, 25.615189699209179 ], [ 54.585441496878119, 25.615189699209179 ], [ 54.585441496878119, 25.615369362266001 ], [ 54.585531328406532, 25.615369362266001 ], [ 54.585531328406532, 25.615998182964884 ], [ 54.585621159934945, 25.615998182964884 ], [ 54.585621159934945, 25.616357509078533 ], [ 54.585800822991771, 25.616357509078533 ], [ 54.585800822991771, 25.616447340606946 ], [ 54.585890654520178, 25.616447340606946 ], [ 54.585890654520178, 25.616537172135356 ], [ 54.585980486048591, 25.616537172135356 ], [ 54.585980486048591, 25.616627003663769 ], [ 54.586070317577004, 25.616627003663769 ], [ 54.586070317577004, 25.616716835192182 ], [ 54.586249980633831, 25.616716835192182 ], [ 54.586249980633831, 25.616806666720592 ], [ 54.586339812162237, 25.616806666720592 ], [ 54.586339812162237, 25.616896498249005 ], [ 54.58642964369065, 25.616896498249005 ], [ 54.58642964369065, 25.617165992834241 ] ], [ [ 54.593436502906783, 25.617165992834241 ], [ 54.593526334435197, 25.617165992834241 ], [ 54.593526334435197, 25.617076161305828 ], [ 54.593436502906783, 25.617076161305828 ], [ 54.593436502906783, 25.617165992834241 ] ], [ [ 54.591999198452193, 25.617076161305828 ], [ 54.592178861509019, 25.617076161305828 ], [ 54.592178861509019, 25.616986329777415 ], [ 54.592268693037425, 25.616986329777415 ], [ 54.592268693037425, 25.616896498249005 ], [ 54.592358524565839, 25.616896498249005 ], [ 54.592358524565839, 25.616716835192182 ], [ 54.591999198452193, 25.616716835192182 ], [ 54.591999198452193, 25.616806666720592 ], [ 54.59190936692378, 25.616806666720592 ], [ 54.59190936692378, 25.616896498249005 ], [ 54.591999198452193, 25.616896498249005 ], [ 54.591999198452193, 25.617076161305828 ] ], [ [ 54.591639872338547, 25.615908351436474 ], [ 54.59172970386696, 25.615908351436474 ], [ 54.59172970386696, 25.615638856851238 ], [ 54.591639872338547, 25.615638856851238 ], [ 54.591639872338547, 25.615908351436474 ] ], [ [ 54.59146020928172, 25.615638856851238 ], [ 54.591639872338547, 25.615638856851238 ], [ 54.591639872338547, 25.615549025322824 ], [ 54.591550040810134, 25.615549025322824 ], [ 54.591550040810134, 25.615459193794415 ], [ 54.59146020928172, 25.615459193794415 ], [ 54.59146020928172, 25.615638856851238 ] ], [ [ 54.587777116616834, 25.615279530737588 ], [ 54.587866948145241, 25.615279530737588 ], [ 54.587866948145241, 25.614471046981883 ], [ 54.587956779673654, 25.614471046981883 ], [ 54.587956779673654, 25.614291383925057 ], [ 54.587866948145241, 25.614291383925057 ], [ 54.587866948145241, 25.613393068640939 ], [ 54.587956779673654, 25.613393068640939 ], [ 54.587956779673654, 25.613303237112525 ], [ 54.588046611202067, 25.613303237112525 ], [ 54.588046611202067, 25.613213405584116 ], [ 54.588226274258894, 25.613213405584116 ], [ 54.588226274258894, 25.613123574055702 ], [ 54.588405937315713, 25.613123574055702 ], [ 54.588405937315713, 25.613213405584116 ], [ 54.588585600372539, 25.613213405584116 ], [ 54.588585600372539, 25.613303237112525 ], [ 54.588675431900953, 25.613303237112525 ], [ 54.588675431900953, 25.613393068640939 ], [ 54.588765263429366, 25.613393068640939 ], [ 54.588765263429366, 25.613482900169352 ], [ 54.588944926486185, 25.613482900169352 ], [ 54.588944926486185, 25.613572731697761 ], [ 54.589304252599831, 25.613572731697761 ], [ 54.589304252599831, 25.613662563226175 ], [ 54.589483915656658, 25.613662563226175 ], [ 54.589483915656658, 25.613752394754588 ], [ 54.589843241770303, 25.613752394754588 ], [ 54.589843241770303, 25.613662563226175 ], [ 54.589933073298717, 25.613662563226175 ], [ 54.589933073298717, 25.613572731697761 ], [ 54.590202567883956, 25.613572731697761 ], [ 54.590202567883956, 25.613662563226175 ], [ 54.590292399412363, 25.613662563226175 ], [ 54.590292399412363, 25.613752394754588 ], [ 54.590202567883956, 25.613752394754588 ], [ 54.590202567883956, 25.613932057811411 ], [ 54.590472062469189, 25.613932057811411 ], [ 54.590472062469189, 25.614021889339821 ], [ 54.590651725526016, 25.614021889339821 ], [ 54.590651725526016, 25.613932057811411 ], [ 54.590831388582835, 25.613932057811411 ], [ 54.590831388582835, 25.613842226282998 ], [ 54.591011051639661, 25.613842226282998 ], [ 54.591011051639661, 25.613662563226175 ], [ 54.591100883168075, 25.613662563226175 ], [ 54.591100883168075, 25.613572731697761 ], [ 54.591190714696488, 25.613572731697761 ], [ 54.591190714696488, 25.613482900169352 ], [ 54.591280546224894, 25.613482900169352 ], [ 54.591280546224894, 25.613393068640939 ], [ 54.591370377753307, 25.613393068640939 ], [ 54.591370377753307, 25.613213405584116 ], [ 54.591280546224894, 25.613213405584116 ], [ 54.591280546224894, 25.613123574055702 ], [ 54.591190714696488, 25.613123574055702 ], [ 54.591190714696488, 25.613033742527289 ], [ 54.590741557054429, 25.613033742527289 ], [ 54.590741557054429, 25.613123574055702 ], [ 54.590472062469189, 25.613123574055702 ], [ 54.590472062469189, 25.613033742527289 ], [ 54.590202567883956, 25.613033742527289 ], [ 54.590202567883956, 25.612854079470466 ], [ 54.590112736355543, 25.612854079470466 ], [ 54.590112736355543, 25.612764247942057 ], [ 54.589933073298717, 25.612764247942057 ], [ 54.589933073298717, 25.61258458488523 ], [ 54.589663578713484, 25.61258458488523 ], [ 54.589663578713484, 25.61249475335682 ], [ 54.589394084128244, 25.61249475335682 ], [ 54.589394084128244, 25.612225258771584 ], [ 54.589304252599831, 25.612225258771584 ], [ 54.589304252599831, 25.612045595714758 ], [ 54.589214421071425, 25.612045595714758 ], [ 54.589214421071425, 25.611955764186348 ], [ 54.589394084128244, 25.611955764186348 ], [ 54.589394084128244, 25.611776101129525 ], [ 54.589483915656658, 25.611776101129525 ], [ 54.589483915656658, 25.611686269601112 ], [ 54.589573747185071, 25.611686269601112 ], [ 54.589573747185071, 25.611596438072699 ], [ 54.589663578713484, 25.611596438072699 ], [ 54.589663578713484, 25.611416775015876 ], [ 54.589843241770303, 25.611416775015876 ], [ 54.589843241770303, 25.611326943487462 ], [ 54.589933073298717, 25.611326943487462 ], [ 54.589933073298717, 25.611057448902226 ], [ 54.590112736355543, 25.611057448902226 ], [ 54.590112736355543, 25.61069812278858 ], [ 54.59002290482713, 25.61069812278858 ], [ 54.59002290482713, 25.610608291260167 ], [ 54.589933073298717, 25.610608291260167 ], [ 54.589933073298717, 25.610428628203344 ], [ 54.59002290482713, 25.610428628203344 ], [ 54.59002290482713, 25.610338796674931 ], [ 54.589933073298717, 25.610338796674931 ], [ 54.589933073298717, 25.610248965146521 ], [ 54.59002290482713, 25.610248965146521 ], [ 54.59002290482713, 25.609889639032872 ], [ 54.590112736355543, 25.609889639032872 ], [ 54.590112736355543, 25.609709975976049 ], [ 54.59002290482713, 25.609709975976049 ], [ 54.59002290482713, 25.609081155277163 ], [ 54.590112736355543, 25.609081155277163 ], [ 54.590112736355543, 25.608991323748754 ], [ 54.59002290482713, 25.608991323748754 ], [ 54.59002290482713, 25.608721829163517 ], [ 54.589933073298717, 25.608721829163517 ], [ 54.589933073298717, 25.608452334578281 ], [ 54.589843241770303, 25.608452334578281 ], [ 54.589843241770303, 25.608182839993045 ], [ 54.589933073298717, 25.608182839993045 ], [ 54.589933073298717, 25.607733682350986 ], [ 54.590112736355543, 25.607733682350986 ], [ 54.590112736355543, 25.607554019294163 ], [ 54.590292399412363, 25.607554019294163 ], [ 54.590292399412363, 25.607194693180514 ], [ 54.590382230940776, 25.607194693180514 ], [ 54.590382230940776, 25.607015030123691 ], [ 54.590472062469189, 25.607015030123691 ], [ 54.590472062469189, 25.606925198595277 ], [ 54.590561893997602, 25.606925198595277 ], [ 54.590561893997602, 25.606835367066864 ], [ 54.590651725526016, 25.606835367066864 ], [ 54.590651725526016, 25.606745535538455 ], [ 54.590741557054429, 25.606745535538455 ], [ 54.590741557054429, 25.606655704010041 ], [ 54.590831388582835, 25.606655704010041 ], [ 54.590831388582835, 25.606745535538455 ], [ 54.590921220111248, 25.606745535538455 ], [ 54.590921220111248, 25.606655704010041 ], [ 54.591100883168075, 25.606655704010041 ], [ 54.591100883168075, 25.606565872481632 ], [ 54.591190714696488, 25.606565872481632 ], [ 54.591190714696488, 25.606296377896395 ], [ 54.591280546224894, 25.606296377896395 ], [ 54.591280546224894, 25.606116714839569 ], [ 54.591190714696488, 25.606116714839569 ], [ 54.591190714696488, 25.605937051782746 ], [ 54.591100883168075, 25.605937051782746 ], [ 54.591100883168075, 25.605847220254333 ], [ 54.591011051639661, 25.605847220254333 ], [ 54.591011051639661, 25.605757388725923 ], [ 54.590921220111248, 25.605757388725923 ], [ 54.590921220111248, 25.6055777256691 ], [ 54.590741557054429, 25.6055777256691 ], [ 54.590741557054429, 25.605487894140687 ], [ 54.590651725526016, 25.605487894140687 ], [ 54.590651725526016, 25.605398062612274 ], [ 54.589843241770303, 25.605398062612274 ], [ 54.589843241770303, 25.605487894140687 ], [ 54.589753410241897, 25.605487894140687 ], [ 54.589753410241897, 25.6055777256691 ], [ 54.589663578713484, 25.6055777256691 ], [ 54.589663578713484, 25.60566755719751 ], [ 54.589573747185071, 25.60566755719751 ], [ 54.589573747185071, 25.605757388725923 ], [ 54.589483915656658, 25.605757388725923 ], [ 54.589483915656658, 25.605847220254333 ], [ 54.589304252599831, 25.605847220254333 ], [ 54.589304252599831, 25.605937051782746 ], [ 54.589214421071425, 25.605937051782746 ], [ 54.589214421071425, 25.606116714839569 ], [ 54.589124589543012, 25.606116714839569 ], [ 54.589124589543012, 25.606565872481632 ], [ 54.589034758014598, 25.606565872481632 ], [ 54.589034758014598, 25.606745535538455 ], [ 54.588944926486185, 25.606745535538455 ], [ 54.588944926486185, 25.607015030123691 ], [ 54.588855094957772, 25.607015030123691 ], [ 54.588855094957772, 25.607733682350986 ], [ 54.588765263429366, 25.607733682350986 ], [ 54.588765263429366, 25.607823513879396 ], [ 54.588675431900953, 25.607823513879396 ], [ 54.588675431900953, 25.607913345407809 ], [ 54.588585600372539, 25.607913345407809 ], [ 54.588585600372539, 25.608003176936222 ], [ 54.588495768844126, 25.608003176936222 ], [ 54.588495768844126, 25.608182839993045 ], [ 54.588405937315713, 25.608182839993045 ], [ 54.588405937315713, 25.608362503049868 ], [ 54.5883161057873, 25.608362503049868 ], [ 54.5883161057873, 25.608452334578281 ], [ 54.588046611202067, 25.608452334578281 ], [ 54.588046611202067, 25.608362503049868 ], [ 54.587866948145241, 25.608362503049868 ], [ 54.587866948145241, 25.608093008464632 ], [ 54.587777116616834, 25.608093008464632 ], [ 54.587777116616834, 25.610518459731757 ], [ 54.587687285088421, 25.610518459731757 ], [ 54.587687285088421, 25.610787954316994 ], [ 54.587597453560008, 25.610787954316994 ], [ 54.587597453560008, 25.610967617373817 ], [ 54.587417790503181, 25.610967617373817 ], [ 54.587417790503181, 25.610787954316994 ], [ 54.587327958974768, 25.610787954316994 ], [ 54.587327958974768, 25.61069812278858 ], [ 54.587238127446362, 25.61069812278858 ], [ 54.587238127446362, 25.610787954316994 ], [ 54.586878801332709, 25.610787954316994 ], [ 54.586878801332709, 25.610877785845403 ], [ 54.58669913827589, 25.610877785845403 ], [ 54.58669913827589, 25.610967617373817 ], [ 54.586609306747476, 25.610967617373817 ], [ 54.586609306747476, 25.611237111959053 ], [ 54.586519475219063, 25.611237111959053 ], [ 54.586519475219063, 25.611506606544289 ], [ 54.58642964369065, 25.611506606544289 ], [ 54.58642964369065, 25.611955764186348 ], [ 54.586519475219063, 25.611955764186348 ], [ 54.586519475219063, 25.612045595714758 ], [ 54.586609306747476, 25.612045595714758 ], [ 54.586609306747476, 25.611955764186348 ], [ 54.586968632861122, 25.611955764186348 ], [ 54.586968632861122, 25.612045595714758 ], [ 54.587148295917949, 25.612045595714758 ], [ 54.587148295917949, 25.612135427243171 ], [ 54.587238127446362, 25.612135427243171 ], [ 54.587238127446362, 25.612045595714758 ], [ 54.587417790503181, 25.612045595714758 ], [ 54.587417790503181, 25.611865932657935 ], [ 54.587507622031595, 25.611865932657935 ], [ 54.587507622031595, 25.612045595714758 ], [ 54.587597453560008, 25.612045595714758 ], [ 54.587597453560008, 25.612404921828407 ], [ 54.587687285088421, 25.612404921828407 ], [ 54.587687285088421, 25.612674416413643 ], [ 54.587777116616834, 25.612674416413643 ], [ 54.587777116616834, 25.615279530737588 ] ], [ [ 54.591190714696488, 25.615099867680765 ], [ 54.591280546224894, 25.615099867680765 ], [ 54.591280546224894, 25.614830373095529 ], [ 54.591190714696488, 25.614830373095529 ], [ 54.591190714696488, 25.614920204623942 ], [ 54.591100883168075, 25.614920204623942 ], [ 54.591100883168075, 25.615010036152352 ], [ 54.591190714696488, 25.615010036152352 ], [ 54.591190714696488, 25.615099867680765 ] ], [ [ 54.593167008321551, 25.614740541567119 ], [ 54.593436502906783, 25.614740541567119 ], [ 54.593436502906783, 25.614560878510293 ], [ 54.59334667137837, 25.614560878510293 ], [ 54.59334667137837, 25.614471046981883 ], [ 54.593167008321551, 25.614471046981883 ], [ 54.593167008321551, 25.614740541567119 ] ], [ [ 54.59146020928172, 25.613033742527289 ], [ 54.591550040810134, 25.613033742527289 ], [ 54.591550040810134, 25.612943910998879 ], [ 54.59172970386696, 25.612943910998879 ], [ 54.59172970386696, 25.612854079470466 ], [ 54.591819535395366, 25.612854079470466 ], [ 54.591819535395366, 25.612764247942057 ], [ 54.59190936692378, 25.612764247942057 ], [ 54.59190936692378, 25.612674416413643 ], [ 54.591999198452193, 25.612674416413643 ], [ 54.591999198452193, 25.61258458488523 ], [ 54.592089029980606, 25.61258458488523 ], [ 54.592089029980606, 25.61249475335682 ], [ 54.592178861509019, 25.61249475335682 ], [ 54.592178861509019, 25.612404921828407 ], [ 54.592358524565839, 25.612404921828407 ], [ 54.592358524565839, 25.612045595714758 ], [ 54.592178861509019, 25.612045595714758 ], [ 54.592178861509019, 25.611955764186348 ], [ 54.591999198452193, 25.611955764186348 ], [ 54.591999198452193, 25.612135427243171 ], [ 54.591819535395366, 25.612135427243171 ], [ 54.591819535395366, 25.612045595714758 ], [ 54.591639872338547, 25.612045595714758 ], [ 54.591639872338547, 25.612135427243171 ], [ 54.591550040810134, 25.612135427243171 ], [ 54.591550040810134, 25.612315090299994 ], [ 54.59146020928172, 25.612315090299994 ], [ 54.59146020928172, 25.61249475335682 ], [ 54.591550040810134, 25.61249475335682 ], [ 54.591550040810134, 25.612674416413643 ], [ 54.59146020928172, 25.612674416413643 ], [ 54.59146020928172, 25.613033742527289 ] ], [ [ 54.684166346602858, 25.612045595714758 ], [ 54.684346009659677, 25.612045595714758 ], [ 54.684346009659677, 25.611955764186348 ], [ 54.684615504244917, 25.611955764186348 ], [ 54.684615504244917, 25.611865932657935 ], [ 54.68488499883015, 25.611865932657935 ], [ 54.68488499883015, 25.611955764186348 ], [ 54.684974830358563, 25.611955764186348 ], [ 54.684974830358563, 25.612045595714758 ], [ 54.685423988000622, 25.612045595714758 ], [ 54.685423988000622, 25.611686269601112 ], [ 54.685244324943802, 25.611686269601112 ], [ 54.685244324943802, 25.611776101129525 ], [ 54.68488499883015, 25.611776101129525 ], [ 54.68488499883015, 25.611147280430639 ], [ 54.684795167301736, 25.611147280430639 ], [ 54.684795167301736, 25.611057448902226 ], [ 54.68470533577333, 25.611057448902226 ], [ 54.68470533577333, 25.611147280430639 ], [ 54.684525672716504, 25.611147280430639 ], [ 54.684525672716504, 25.611237111959053 ], [ 54.68443584118809, 25.611237111959053 ], [ 54.68443584118809, 25.611326943487462 ], [ 54.684346009659677, 25.611326943487462 ], [ 54.684346009659677, 25.611416775015876 ], [ 54.684166346602858, 25.611416775015876 ], [ 54.684166346602858, 25.611506606544289 ], [ 54.684076515074445, 25.611506606544289 ], [ 54.684076515074445, 25.611596438072699 ], [ 54.683986683546031, 25.611596438072699 ], [ 54.683986683546031, 25.611776101129525 ], [ 54.684076515074445, 25.611776101129525 ], [ 54.684076515074445, 25.611955764186348 ], [ 54.684166346602858, 25.611955764186348 ], [ 54.684166346602858, 25.612045595714758 ] ], [ [ 54.591550040810134, 25.611686269601112 ], [ 54.59190936692378, 25.611686269601112 ], [ 54.59190936692378, 25.611596438072699 ], [ 54.591999198452193, 25.611596438072699 ], [ 54.591999198452193, 25.611506606544289 ], [ 54.59190936692378, 25.611506606544289 ], [ 54.59190936692378, 25.611326943487462 ], [ 54.591550040810134, 25.611326943487462 ], [ 54.591550040810134, 25.611237111959053 ], [ 54.591280546224894, 25.611237111959053 ], [ 54.591280546224894, 25.611326943487462 ], [ 54.591190714696488, 25.611326943487462 ], [ 54.591190714696488, 25.611506606544289 ], [ 54.591550040810134, 25.611506606544289 ], [ 54.591550040810134, 25.611686269601112 ] ], [ [ 54.681830726864142, 25.609440481390813 ], [ 54.682100221449382, 25.609440481390813 ], [ 54.682100221449382, 25.6093506498624 ], [ 54.682190052977795, 25.6093506498624 ], [ 54.682190052977795, 25.60926081833399 ], [ 54.682279884506208, 25.60926081833399 ], [ 54.682279884506208, 25.608991323748754 ], [ 54.682369716034614, 25.608991323748754 ], [ 54.682369716034614, 25.608631997635104 ], [ 54.682639210619854, 25.608631997635104 ], [ 54.682639210619854, 25.608452334578281 ], [ 54.682818873676673, 25.608452334578281 ], [ 54.682818873676673, 25.608362503049868 ], [ 54.682908705205087, 25.608362503049868 ], [ 54.682908705205087, 25.608272671521458 ], [ 54.6829985367335, 25.608272671521458 ], [ 54.6829985367335, 25.608182839993045 ], [ 54.683088368261913, 25.608182839993045 ], [ 54.683088368261913, 25.608003176936222 ], [ 54.683178199790326, 25.608003176936222 ], [ 54.683178199790326, 25.607823513879396 ], [ 54.6829985367335, 25.607823513879396 ], [ 54.6829985367335, 25.607733682350986 ], [ 54.682459547563028, 25.607733682350986 ], [ 54.682459547563028, 25.607823513879396 ], [ 54.682369716034614, 25.607823513879396 ], [ 54.682369716034614, 25.607913345407809 ], [ 54.682279884506208, 25.607913345407809 ], [ 54.682279884506208, 25.608003176936222 ], [ 54.682190052977795, 25.608003176936222 ], [ 54.682190052977795, 25.608093008464632 ], [ 54.682100221449382, 25.608093008464632 ], [ 54.682100221449382, 25.608272671521458 ], [ 54.681740895335736, 25.608272671521458 ], [ 54.681740895335736, 25.608362503049868 ], [ 54.681561232278909, 25.608362503049868 ], [ 54.681561232278909, 25.608452334578281 ], [ 54.681471400750496, 25.608452334578281 ], [ 54.681471400750496, 25.608811660691927 ], [ 54.681651063807323, 25.608811660691927 ], [ 54.681651063807323, 25.609170986805577 ], [ 54.681740895335736, 25.609170986805577 ], [ 54.681740895335736, 25.6093506498624 ], [ 54.681830726864142, 25.6093506498624 ], [ 54.681830726864142, 25.609440481390813 ] ], [ [ 54.61077398789029, 25.606116714839569 ], [ 54.610863819418704, 25.606116714839569 ], [ 54.610863819418704, 25.606026883311159 ], [ 54.61077398789029, 25.606026883311159 ], [ 54.61077398789029, 25.606116714839569 ] ], [ [ 54.61077398789029, 25.605128568027038 ], [ 54.610863819418704, 25.605128568027038 ], [ 54.610863819418704, 25.604499747328155 ], [ 54.61077398789029, 25.604499747328155 ], [ 54.61077398789029, 25.605128568027038 ] ], [ [ 54.610055335662999, 25.605038736498628 ], [ 54.610234998719818, 25.605038736498628 ], [ 54.610234998719818, 25.604948904970215 ], [ 54.610324830248231, 25.604948904970215 ], [ 54.610324830248231, 25.604859073441801 ], [ 54.610414661776645, 25.604859073441801 ], [ 54.610414661776645, 25.604679410384978 ], [ 54.610234998719818, 25.604679410384978 ], [ 54.610234998719818, 25.604769241913392 ], [ 54.610055335662999, 25.604769241913392 ], [ 54.610055335662999, 25.605038736498628 ] ], [ [ 54.591190714696488, 25.604140421214506 ], [ 54.591370377753307, 25.604140421214506 ], [ 54.591370377753307, 25.603960758157683 ], [ 54.591280546224894, 25.603960758157683 ], [ 54.591280546224894, 25.60387092662927 ], [ 54.591190714696488, 25.60387092662927 ], [ 54.591190714696488, 25.603960758157683 ], [ 54.591100883168075, 25.603960758157683 ], [ 54.591100883168075, 25.604050589686096 ], [ 54.591190714696488, 25.604050589686096 ], [ 54.591190714696488, 25.604140421214506 ] ], [ [ 54.609516346492526, 25.604050589686096 ], [ 54.609785841077759, 25.604050589686096 ], [ 54.609785841077759, 25.603960758157683 ], [ 54.609875672606172, 25.603960758157683 ], [ 54.609875672606172, 25.60378109510086 ], [ 54.609516346492526, 25.60378109510086 ], [ 54.609516346492526, 25.604050589686096 ] ], [ [ 54.6093366834357, 25.60378109510086 ], [ 54.609426514964113, 25.60378109510086 ], [ 54.609426514964113, 25.603691263572447 ], [ 54.6093366834357, 25.603691263572447 ], [ 54.6093366834357, 25.60378109510086 ] ], [ [ 54.591280546224894, 25.603601432044037 ], [ 54.591370377753307, 25.603601432044037 ], [ 54.591370377753307, 25.603511600515624 ], [ 54.591280546224894, 25.603511600515624 ], [ 54.591280546224894, 25.603601432044037 ] ], [ [ 54.591370377753307, 25.603511600515624 ], [ 54.591550040810134, 25.603511600515624 ], [ 54.591550040810134, 25.603331937458801 ], [ 54.591639872338547, 25.603331937458801 ], [ 54.591639872338547, 25.603152274401975 ], [ 54.591550040810134, 25.603152274401975 ], [ 54.591550040810134, 25.603062442873565 ], [ 54.591639872338547, 25.603062442873565 ], [ 54.591639872338547, 25.602972611345152 ], [ 54.59172970386696, 25.602972611345152 ], [ 54.59172970386696, 25.602613285231506 ], [ 54.591550040810134, 25.602613285231506 ], [ 54.591550040810134, 25.602523453703093 ], [ 54.59146020928172, 25.602523453703093 ], [ 54.59146020928172, 25.602613285231506 ], [ 54.591190714696488, 25.602613285231506 ], [ 54.591190714696488, 25.602703116759916 ], [ 54.591011051639661, 25.602703116759916 ], [ 54.591011051639661, 25.602792948288329 ], [ 54.590831388582835, 25.602792948288329 ], [ 54.590831388582835, 25.603062442873565 ], [ 54.591011051639661, 25.603062442873565 ], [ 54.591011051639661, 25.603152274401975 ], [ 54.591190714696488, 25.603152274401975 ], [ 54.591190714696488, 25.603062442873565 ], [ 54.591280546224894, 25.603062442873565 ], [ 54.591280546224894, 25.603152274401975 ], [ 54.591370377753307, 25.603152274401975 ], [ 54.591370377753307, 25.603242105930388 ], [ 54.591280546224894, 25.603242105930388 ], [ 54.591280546224894, 25.603421768987211 ], [ 54.591370377753307, 25.603421768987211 ], [ 54.591370377753307, 25.603511600515624 ] ], [ [ 54.611762134702822, 25.602703116759916 ], [ 54.611851966231235, 25.602703116759916 ], [ 54.611851966231235, 25.602613285231506 ], [ 54.612031629288062, 25.602613285231506 ], [ 54.612031629288062, 25.602523453703093 ], [ 54.612121460816468, 25.602523453703093 ], [ 54.612121460816468, 25.602433622174679 ], [ 54.612211292344881, 25.602433622174679 ], [ 54.612211292344881, 25.602164127589443 ], [ 54.612390955401708, 25.602164127589443 ], [ 54.612390955401708, 25.602074296061033 ], [ 54.612570618458527, 25.602074296061033 ], [ 54.612570618458527, 25.60198446453262 ], [ 54.61266044998694, 25.60198446453262 ], [ 54.61266044998694, 25.601894633004207 ], [ 54.612750281515353, 25.601894633004207 ], [ 54.612750281515353, 25.601804801475797 ], [ 54.612840113043767, 25.601804801475797 ], [ 54.612840113043767, 25.601714969947384 ], [ 54.61292994457218, 25.601714969947384 ], [ 54.61292994457218, 25.601625138418974 ], [ 54.613019776100593, 25.601625138418974 ], [ 54.613019776100593, 25.601535306890561 ], [ 54.613109607628999, 25.601535306890561 ], [ 54.613109607628999, 25.601445475362148 ], [ 54.613199439157412, 25.601445475362148 ], [ 54.613199439157412, 25.601355643833738 ], [ 54.613289270685826, 25.601355643833738 ], [ 54.613289270685826, 25.601265812305325 ], [ 54.613648596799472, 25.601265812305325 ], [ 54.613648596799472, 25.601175980776912 ], [ 54.613738428327885, 25.601175980776912 ], [ 54.613738428327885, 25.600996317720089 ], [ 54.613828259856298, 25.600996317720089 ], [ 54.613828259856298, 25.600906486191676 ], [ 54.613918091384711, 25.600906486191676 ], [ 54.613918091384711, 25.600816654663266 ], [ 54.614007922913125, 25.600816654663266 ], [ 54.614007922913125, 25.600726823134853 ], [ 54.613918091384711, 25.600726823134853 ], [ 54.613918091384711, 25.600636991606443 ], [ 54.613828259856298, 25.600636991606443 ], [ 54.613828259856298, 25.60054716007803 ], [ 54.613648596799472, 25.60054716007803 ], [ 54.613648596799472, 25.600457328549616 ], [ 54.613738428327885, 25.600457328549616 ], [ 54.613738428327885, 25.600367497021207 ], [ 54.613648596799472, 25.600367497021207 ], [ 54.613648596799472, 25.599828507850734 ], [ 54.613558765271058, 25.599828507850734 ], [ 54.613558765271058, 25.599648844793911 ], [ 54.613379102214239, 25.599648844793911 ], [ 54.613379102214239, 25.599559013265498 ], [ 54.613019776100593, 25.599559013265498 ], [ 54.613019776100593, 25.599648844793911 ], [ 54.612840113043767, 25.599648844793911 ], [ 54.612840113043767, 25.599738676322321 ], [ 54.612750281515353, 25.599738676322321 ], [ 54.612750281515353, 25.599918339379144 ], [ 54.61266044998694, 25.599918339379144 ], [ 54.61266044998694, 25.600277665492793 ], [ 54.612570618458527, 25.600277665492793 ], [ 54.612570618458527, 25.600367497021207 ], [ 54.61266044998694, 25.600367497021207 ], [ 54.61266044998694, 25.60054716007803 ], [ 54.612570618458527, 25.60054716007803 ], [ 54.612570618458527, 25.600636991606443 ], [ 54.612390955401708, 25.600636991606443 ], [ 54.612390955401708, 25.600726823134853 ], [ 54.612211292344881, 25.600726823134853 ], [ 54.612211292344881, 25.600816654663266 ], [ 54.611762134702822, 25.600816654663266 ], [ 54.611762134702822, 25.600906486191676 ], [ 54.611672303174409, 25.600906486191676 ], [ 54.611672303174409, 25.601714969947384 ], [ 54.611492640117589, 25.601714969947384 ], [ 54.611492640117589, 25.602074296061033 ], [ 54.611402808589176, 25.602074296061033 ], [ 54.611402808589176, 25.602164127589443 ], [ 54.611492640117589, 25.602164127589443 ], [ 54.611492640117589, 25.60234379064627 ], [ 54.611582471645995, 25.60234379064627 ], [ 54.611582471645995, 25.602433622174679 ], [ 54.611672303174409, 25.602433622174679 ], [ 54.611672303174409, 25.602613285231506 ], [ 54.611762134702822, 25.602613285231506 ], [ 54.611762134702822, 25.602703116759916 ] ], [ [ 54.608438368151582, 25.601714969947384 ], [ 54.608528199679995, 25.601714969947384 ], [ 54.608528199679995, 25.601625138418974 ], [ 54.608707862736814, 25.601625138418974 ], [ 54.608707862736814, 25.601445475362148 ], [ 54.608797694265228, 25.601445475362148 ], [ 54.608797694265228, 25.601265812305325 ], [ 54.608707862736814, 25.601265812305325 ], [ 54.608707862736814, 25.601175980776912 ], [ 54.608618031208401, 25.601175980776912 ], [ 54.608618031208401, 25.600816654663266 ], [ 54.607899378981109, 25.600816654663266 ], [ 54.607899378981109, 25.600906486191676 ], [ 54.607809547452696, 25.600906486191676 ], [ 54.607809547452696, 25.600996317720089 ], [ 54.607899378981109, 25.600996317720089 ], [ 54.607899378981109, 25.601265812305325 ], [ 54.607989210509523, 25.601265812305325 ], [ 54.607989210509523, 25.601355643833738 ], [ 54.608079042037936, 25.601355643833738 ], [ 54.608079042037936, 25.601535306890561 ], [ 54.608258705094755, 25.601535306890561 ], [ 54.608258705094755, 25.601625138418974 ], [ 54.608438368151582, 25.601625138418974 ], [ 54.608438368151582, 25.601714969947384 ] ], [ [ 54.615085901254062, 25.601445475362148 ], [ 54.615445227367715, 25.601445475362148 ], [ 54.615445227367715, 25.601355643833738 ], [ 54.615535058896121, 25.601355643833738 ], [ 54.615535058896121, 25.600816654663266 ], [ 54.614996069725656, 25.600816654663266 ], [ 54.614996069725656, 25.601265812305325 ], [ 54.615085901254062, 25.601265812305325 ], [ 54.615085901254062, 25.601445475362148 ] ], [ [ 54.61077398789029, 25.600996317720089 ], [ 54.610863819418704, 25.600996317720089 ], [ 54.610863819418704, 25.600726823134853 ], [ 54.61077398789029, 25.600726823134853 ], [ 54.61077398789029, 25.600636991606443 ], [ 54.610594324833464, 25.600636991606443 ], [ 54.610594324833464, 25.600726823134853 ], [ 54.610504493305058, 25.600726823134853 ], [ 54.610504493305058, 25.600816654663266 ], [ 54.610684156361877, 25.600816654663266 ], [ 54.610684156361877, 25.600906486191676 ], [ 54.61077398789029, 25.600906486191676 ], [ 54.61077398789029, 25.600996317720089 ] ], [ [ 54.65676773043721, 25.600996317720089 ], [ 54.656857561965623, 25.600996317720089 ], [ 54.656857561965623, 25.600726823134853 ], [ 54.65676773043721, 25.600726823134853 ], [ 54.65676773043721, 25.600636991606443 ], [ 54.656588067380383, 25.600636991606443 ], [ 54.656588067380383, 25.600726823134853 ], [ 54.656498235851977, 25.600726823134853 ], [ 54.656498235851977, 25.600816654663266 ], [ 54.656677898908796, 25.600816654663266 ], [ 54.656677898908796, 25.600906486191676 ], [ 54.65676773043721, 25.600906486191676 ], [ 54.65676773043721, 25.600996317720089 ] ], [ [ 54.564690413814958, 25.600906486191676 ], [ 54.564780245343371, 25.600906486191676 ], [ 54.564780245343371, 25.600816654663266 ], [ 54.564870076871784, 25.600816654663266 ], [ 54.564870076871784, 25.600726823134853 ], [ 54.564780245343371, 25.600726823134853 ], [ 54.564780245343371, 25.600636991606443 ], [ 54.564690413814958, 25.600636991606443 ], [ 54.564690413814958, 25.600906486191676 ] ], [ [ 54.587687285088421, 25.600906486191676 ], [ 54.587866948145241, 25.600906486191676 ], [ 54.587866948145241, 25.600726823134853 ], [ 54.587777116616834, 25.600726823134853 ], [ 54.587777116616834, 25.600636991606443 ], [ 54.587597453560008, 25.600636991606443 ], [ 54.587597453560008, 25.600816654663266 ], [ 54.587687285088421, 25.600816654663266 ], [ 54.587687285088421, 25.600906486191676 ] ], [ [ 54.63368102763534, 25.600906486191676 ], [ 54.633770859163754, 25.600906486191676 ], [ 54.633770859163754, 25.600636991606443 ], [ 54.63368102763534, 25.600636991606443 ], [ 54.63368102763534, 25.600726823134853 ], [ 54.633591196106927, 25.600726823134853 ], [ 54.633591196106927, 25.600816654663266 ], [ 54.63368102763534, 25.600816654663266 ], [ 54.63368102763534, 25.600906486191676 ] ], [ [ 54.67967477018226, 25.600906486191676 ], [ 54.679764601710673, 25.600906486191676 ], [ 54.679764601710673, 25.600636991606443 ], [ 54.679584938653846, 25.600636991606443 ], [ 54.679584938653846, 25.600726823134853 ], [ 54.679495107125433, 25.600726823134853 ], [ 54.679495107125433, 25.600816654663266 ], [ 54.67967477018226, 25.600816654663266 ], [ 54.67967477018226, 25.600906486191676 ] ], [ [ 54.68443584118809, 25.59695389894155 ], [ 54.684615504244917, 25.59695389894155 ], [ 54.684615504244917, 25.59686406741314 ], [ 54.684525672716504, 25.59686406741314 ], [ 54.684525672716504, 25.596774235884727 ], [ 54.68443584118809, 25.596774235884727 ], [ 54.68443584118809, 25.59695389894155 ] ], [ [ 54.600623025179743, 25.592282659464129 ], [ 54.600802688236563, 25.592282659464129 ], [ 54.600802688236563, 25.592192827935719 ], [ 54.600712856708149, 25.592192827935719 ], [ 54.600712856708149, 25.592013164878892 ], [ 54.600623025179743, 25.592013164878892 ], [ 54.600623025179743, 25.592282659464129 ] ], [ [ 54.581848235741646, 25.591923333350483 ], [ 54.581938067270052, 25.591923333350483 ], [ 54.581938067270052, 25.59183350182207 ], [ 54.582027898798465, 25.59183350182207 ], [ 54.582027898798465, 25.591653838765247 ], [ 54.582117730326878, 25.591653838765247 ], [ 54.582117730326878, 25.591564007236833 ], [ 54.582207561855292, 25.591564007236833 ], [ 54.582207561855292, 25.59138434418001 ], [ 54.582297393383705, 25.59138434418001 ], [ 54.582297393383705, 25.591204681123187 ], [ 54.582387224912111, 25.591204681123187 ], [ 54.582387224912111, 25.591114849594774 ], [ 54.582297393383705, 25.591114849594774 ], [ 54.582297393383705, 25.591025018066361 ], [ 54.582027898798465, 25.591025018066361 ], [ 54.582027898798465, 25.591114849594774 ], [ 54.581938067270052, 25.591114849594774 ], [ 54.581938067270052, 25.591564007236833 ], [ 54.581848235741646, 25.591564007236833 ], [ 54.581848235741646, 25.591923333350483 ] ], [ [ 54.57762615390628, 25.590126702782243 ], [ 54.578614300718812, 25.590126702782243 ], [ 54.578614300718812, 25.59003687125383 ], [ 54.578704132247225, 25.59003687125383 ], [ 54.578704132247225, 25.58994703972542 ], [ 54.578793963775638, 25.58994703972542 ], [ 54.578793963775638, 25.589767376668593 ], [ 54.578973626832457, 25.589767376668593 ], [ 54.578973626832457, 25.589677545140184 ], [ 54.579063458360871, 25.589677545140184 ], [ 54.579063458360871, 25.58958771361177 ], [ 54.579153289889284, 25.58958771361177 ], [ 54.579153289889284, 25.589318219026534 ], [ 54.578973626832457, 25.589318219026534 ], [ 54.578973626832457, 25.589228387498125 ], [ 54.578883795304051, 25.589228387498125 ], [ 54.578883795304051, 25.589318219026534 ], [ 54.578793963775638, 25.589318219026534 ], [ 54.578793963775638, 25.589228387498125 ], [ 54.578614300718812, 25.589228387498125 ], [ 54.578614300718812, 25.589318219026534 ], [ 54.578254974605166, 25.589318219026534 ], [ 54.578254974605166, 25.589408050554947 ], [ 54.578075311548339, 25.589408050554947 ], [ 54.578075311548339, 25.589497882083361 ], [ 54.57789564849152, 25.589497882083361 ], [ 54.57789564849152, 25.58958771361177 ], [ 54.577715985434693, 25.58958771361177 ], [ 54.577715985434693, 25.589767376668593 ], [ 54.57762615390628, 25.589767376668593 ], [ 54.57762615390628, 25.590126702782243 ] ], [ [ 54.583016045610997, 25.589767376668593 ], [ 54.58310587713941, 25.589767376668593 ], [ 54.58310587713941, 25.589677545140184 ], [ 54.583016045610997, 25.589677545140184 ], [ 54.583016045610997, 25.589767376668593 ] ], [ [ 54.58310587713941, 25.589677545140184 ], [ 54.583195708667823, 25.589677545140184 ], [ 54.583195708667823, 25.589497882083361 ], [ 54.58310587713941, 25.589497882083361 ], [ 54.58310587713941, 25.589677545140184 ] ], [ [ 54.58121941504276, 25.588330072214003 ], [ 54.581399078099579, 25.588330072214003 ], [ 54.581399078099579, 25.588240240685593 ], [ 54.581488909627993, 25.588240240685593 ], [ 54.581488909627993, 25.58815040915718 ], [ 54.581938067270052, 25.58815040915718 ], [ 54.581938067270052, 25.588060577628767 ], [ 54.582297393383705, 25.588060577628767 ], [ 54.582297393383705, 25.587970746100357 ], [ 54.582656719497351, 25.587970746100357 ], [ 54.582656719497351, 25.587880914571944 ], [ 54.582746551025764, 25.587880914571944 ], [ 54.582746551025764, 25.58779108304353 ], [ 54.58310587713941, 25.58779108304353 ], [ 54.58310587713941, 25.587701251515121 ], [ 54.583375371724642, 25.587701251515121 ], [ 54.583375371724642, 25.587611419986708 ], [ 54.583465203253056, 25.587611419986708 ], [ 54.583465203253056, 25.587521588458298 ], [ 54.583555034781469, 25.587521588458298 ], [ 54.583555034781469, 25.587431756929885 ], [ 54.583734697838295, 25.587431756929885 ], [ 54.583734697838295, 25.587341925401471 ], [ 54.583824529366709, 25.587341925401471 ], [ 54.583824529366709, 25.587252093873062 ], [ 54.583914360895115, 25.587252093873062 ], [ 54.583914360895115, 25.587162262344648 ], [ 54.583824529366709, 25.587162262344648 ], [ 54.583824529366709, 25.586892767759412 ], [ 54.583734697838295, 25.586892767759412 ], [ 54.583734697838295, 25.586802936230999 ], [ 54.583555034781469, 25.586802936230999 ], [ 54.583555034781469, 25.586713104702589 ], [ 54.58310587713941, 25.586713104702589 ], [ 54.58310587713941, 25.586623273174176 ], [ 54.582836382554177, 25.586623273174176 ], [ 54.582836382554177, 25.586713104702589 ], [ 54.582566887968937, 25.586713104702589 ], [ 54.582566887968937, 25.586802936230999 ], [ 54.582207561855292, 25.586802936230999 ], [ 54.582207561855292, 25.586892767759412 ], [ 54.582027898798465, 25.586892767759412 ], [ 54.582027898798465, 25.586982599287825 ], [ 54.581938067270052, 25.586982599287825 ], [ 54.581938067270052, 25.587072430816235 ], [ 54.581848235741646, 25.587072430816235 ], [ 54.581848235741646, 25.587162262344648 ], [ 54.581758404213232, 25.587162262344648 ], [ 54.581758404213232, 25.587341925401471 ], [ 54.581668572684819, 25.587341925401471 ], [ 54.581668572684819, 25.587701251515121 ], [ 54.581578741156406, 25.587701251515121 ], [ 54.581578741156406, 25.58779108304353 ], [ 54.581668572684819, 25.58779108304353 ], [ 54.581668572684819, 25.587970746100357 ], [ 54.581488909627993, 25.587970746100357 ], [ 54.581488909627993, 25.588060577628767 ], [ 54.581399078099579, 25.588060577628767 ], [ 54.581399078099579, 25.58815040915718 ], [ 54.58121941504276, 25.58815040915718 ], [ 54.58121941504276, 25.588330072214003 ] ], [ [ 54.584094023951941, 25.588240240685593 ], [ 54.584183855480354, 25.588240240685593 ], [ 54.584183855480354, 25.58815040915718 ], [ 54.584363518537174, 25.58815040915718 ], [ 54.584363518537174, 25.587701251515121 ], [ 54.584543181594, 25.587701251515121 ], [ 54.584543181594, 25.587521588458298 ], [ 54.584633013122414, 25.587521588458298 ], [ 54.584633013122414, 25.587431756929885 ], [ 54.584722844650827, 25.587431756929885 ], [ 54.584722844650827, 25.587341925401471 ], [ 54.584902507707646, 25.587341925401471 ], [ 54.584902507707646, 25.587252093873062 ], [ 54.584992339236059, 25.587252093873062 ], [ 54.584992339236059, 25.587162262344648 ], [ 54.585082170764473, 25.587162262344648 ], [ 54.585082170764473, 25.587072430816235 ], [ 54.585172002292886, 25.587072430816235 ], [ 54.585172002292886, 25.586982599287825 ], [ 54.585261833821299, 25.586982599287825 ], [ 54.585261833821299, 25.586892767759412 ], [ 54.585441496878119, 25.586892767759412 ], [ 54.585441496878119, 25.586713104702589 ], [ 54.585621159934945, 25.586713104702589 ], [ 54.585621159934945, 25.586623273174176 ], [ 54.585710991463358, 25.586623273174176 ], [ 54.585710991463358, 25.586533441645766 ], [ 54.585980486048591, 25.586533441645766 ], [ 54.585980486048591, 25.58635377858894 ], [ 54.586519475219063, 25.58635377858894 ], [ 54.586519475219063, 25.58626394706053 ], [ 54.586788969804303, 25.58626394706053 ], [ 54.586788969804303, 25.58635377858894 ], [ 54.586878801332709, 25.58635377858894 ], [ 54.586878801332709, 25.58626394706053 ], [ 54.586968632861122, 25.58626394706053 ], [ 54.586968632861122, 25.58635377858894 ], [ 54.587148295917949, 25.58635377858894 ], [ 54.587148295917949, 25.58626394706053 ], [ 54.587238127446362, 25.58626394706053 ], [ 54.587238127446362, 25.586174115532117 ], [ 54.587417790503181, 25.586174115532117 ], [ 54.587417790503181, 25.585635126361645 ], [ 54.587148295917949, 25.585635126361645 ], [ 54.587148295917949, 25.585724957890058 ], [ 54.587058464389536, 25.585724957890058 ], [ 54.587058464389536, 25.585635126361645 ], [ 54.586788969804303, 25.585635126361645 ], [ 54.586788969804303, 25.585455463304822 ], [ 54.58669913827589, 25.585455463304822 ], [ 54.58669913827589, 25.585365631776408 ], [ 54.586609306747476, 25.585365631776408 ], [ 54.586609306747476, 25.585275800247999 ], [ 54.586519475219063, 25.585275800247999 ], [ 54.586519475219063, 25.584916474134349 ], [ 54.58642964369065, 25.584916474134349 ], [ 54.58642964369065, 25.584736811077526 ], [ 54.586070317577004, 25.584736811077526 ], [ 54.586070317577004, 25.584826642605936 ], [ 54.585980486048591, 25.584826642605936 ], [ 54.585980486048591, 25.584916474134349 ], [ 54.585890654520178, 25.584916474134349 ], [ 54.585890654520178, 25.585006305662763 ], [ 54.585800822991771, 25.585006305662763 ], [ 54.585800822991771, 25.585096137191172 ], [ 54.585710991463358, 25.585096137191172 ], [ 54.585710991463358, 25.585275800247999 ], [ 54.585621159934945, 25.585275800247999 ], [ 54.585621159934945, 25.585365631776408 ], [ 54.585441496878119, 25.585365631776408 ], [ 54.585441496878119, 25.585455463304822 ], [ 54.585351665349705, 25.585455463304822 ], [ 54.585351665349705, 25.585635126361645 ], [ 54.585261833821299, 25.585635126361645 ], [ 54.585261833821299, 25.585724957890058 ], [ 54.585082170764473, 25.585724957890058 ], [ 54.585082170764473, 25.585814789418468 ], [ 54.584992339236059, 25.585814789418468 ], [ 54.584992339236059, 25.585904620946881 ], [ 54.584902507707646, 25.585904620946881 ], [ 54.584902507707646, 25.585994452475294 ], [ 54.58481267617924, 25.585994452475294 ], [ 54.58481267617924, 25.586174115532117 ], [ 54.584722844650827, 25.586174115532117 ], [ 54.584722844650827, 25.58635377858894 ], [ 54.584633013122414, 25.58635377858894 ], [ 54.584633013122414, 25.586443610117353 ], [ 54.584543181594, 25.586443610117353 ], [ 54.584543181594, 25.586623273174176 ], [ 54.584453350065587, 25.586623273174176 ], [ 54.584453350065587, 25.587252093873062 ], [ 54.584183855480354, 25.587252093873062 ], [ 54.584183855480354, 25.587341925401471 ], [ 54.584004192423528, 25.587341925401471 ], [ 54.584004192423528, 25.587431756929885 ], [ 54.584094023951941, 25.587431756929885 ], [ 54.584094023951941, 25.587521588458298 ], [ 54.584183855480354, 25.587521588458298 ], [ 54.584183855480354, 25.587701251515121 ], [ 54.584273687008768, 25.587701251515121 ], [ 54.584273687008768, 25.587880914571944 ], [ 54.584183855480354, 25.587880914571944 ], [ 54.584183855480354, 25.588060577628767 ], [ 54.584094023951941, 25.588060577628767 ], [ 54.584094023951941, 25.588240240685593 ] ], [ [ 54.587777116616834, 25.586084284003704 ], [ 54.587866948145241, 25.586084284003704 ], [ 54.587866948145241, 25.585185968719586 ], [ 54.587777116616834, 25.585185968719586 ], [ 54.587777116616834, 25.586084284003704 ] ], [ [ 54.588765263429366, 25.585994452475294 ], [ 54.589034758014598, 25.585994452475294 ], [ 54.589034758014598, 25.585904620946881 ], [ 54.589304252599831, 25.585904620946881 ], [ 54.589304252599831, 25.585814789418468 ], [ 54.589573747185071, 25.585814789418468 ], [ 54.589573747185071, 25.585724957890058 ], [ 54.589753410241897, 25.585724957890058 ], [ 54.589753410241897, 25.585635126361645 ], [ 54.589933073298717, 25.585635126361645 ], [ 54.589933073298717, 25.585545294833235 ], [ 54.59002290482713, 25.585545294833235 ], [ 54.59002290482713, 25.585455463304822 ], [ 54.590202567883956, 25.585455463304822 ], [ 54.590202567883956, 25.585365631776408 ], [ 54.590382230940776, 25.585365631776408 ], [ 54.590382230940776, 25.585275800247999 ], [ 54.590472062469189, 25.585275800247999 ], [ 54.590472062469189, 25.585096137191172 ], [ 54.590561893997602, 25.585096137191172 ], [ 54.590561893997602, 25.584916474134349 ], [ 54.590472062469189, 25.584916474134349 ], [ 54.590472062469189, 25.584736811077526 ], [ 54.590382230940776, 25.584736811077526 ], [ 54.590382230940776, 25.584646979549113 ], [ 54.590292399412363, 25.584646979549113 ], [ 54.590292399412363, 25.584557148020703 ], [ 54.589483915656658, 25.584557148020703 ], [ 54.589483915656658, 25.584646979549113 ], [ 54.589304252599831, 25.584646979549113 ], [ 54.589304252599831, 25.584736811077526 ], [ 54.589034758014598, 25.584736811077526 ], [ 54.589034758014598, 25.584826642605936 ], [ 54.588855094957772, 25.584826642605936 ], [ 54.588855094957772, 25.584916474134349 ], [ 54.588585600372539, 25.584916474134349 ], [ 54.588585600372539, 25.585006305662763 ], [ 54.588405937315713, 25.585006305662763 ], [ 54.588405937315713, 25.585096137191172 ], [ 54.5883161057873, 25.585096137191172 ], [ 54.5883161057873, 25.585185968719586 ], [ 54.588226274258894, 25.585185968719586 ], [ 54.588226274258894, 25.585365631776408 ], [ 54.58813644273048, 25.585365631776408 ], [ 54.58813644273048, 25.585455463304822 ], [ 54.588226274258894, 25.585455463304822 ], [ 54.588226274258894, 25.585724957890058 ], [ 54.5883161057873, 25.585724957890058 ], [ 54.5883161057873, 25.585814789418468 ], [ 54.588495768844126, 25.585814789418468 ], [ 54.588495768844126, 25.585904620946881 ], [ 54.588765263429366, 25.585904620946881 ], [ 54.588765263429366, 25.585994452475294 ] ], [ [ 54.580860088929114, 25.585635126361645 ], [ 54.581129583514347, 25.585635126361645 ], [ 54.581129583514347, 25.585545294833235 ], [ 54.58121941504276, 25.585545294833235 ], [ 54.58121941504276, 25.585455463304822 ], [ 54.581309246571173, 25.585455463304822 ], [ 54.581309246571173, 25.585185968719586 ], [ 54.581399078099579, 25.585185968719586 ], [ 54.581399078099579, 25.585096137191172 ], [ 54.581578741156406, 25.585096137191172 ], [ 54.581578741156406, 25.585006305662763 ], [ 54.581668572684819, 25.585006305662763 ], [ 54.581668572684819, 25.584736811077526 ], [ 54.58094992045752, 25.584736811077526 ], [ 54.58094992045752, 25.584826642605936 ], [ 54.580860088929114, 25.584826642605936 ], [ 54.580860088929114, 25.584916474134349 ], [ 54.580770257400701, 25.584916474134349 ], [ 54.580770257400701, 25.585096137191172 ], [ 54.580680425872288, 25.585096137191172 ], [ 54.580680425872288, 25.585185968719586 ], [ 54.580590594343874, 25.585185968719586 ], [ 54.580590594343874, 25.585455463304822 ], [ 54.580680425872288, 25.585455463304822 ], [ 54.580680425872288, 25.585545294833235 ], [ 54.580860088929114, 25.585545294833235 ], [ 54.580860088929114, 25.585635126361645 ] ], [ [ 54.626135179248735, 25.585275800247999 ], [ 54.626225010777148, 25.585275800247999 ], [ 54.626225010777148, 25.585185968719586 ], [ 54.626135179248735, 25.585185968719586 ], [ 54.626135179248735, 25.585275800247999 ] ], [ [ 54.625865684663502, 25.585096137191172 ], [ 54.625955516191908, 25.585096137191172 ], [ 54.625955516191908, 25.585006305662763 ], [ 54.625865684663502, 25.585006305662763 ], [ 54.625865684663502, 25.585096137191172 ] ], [ [ 54.59523313347502, 25.584916474134349 ], [ 54.595322965003433, 25.584916474134349 ], [ 54.595322965003433, 25.584826642605936 ], [ 54.59550262806026, 25.584826642605936 ], [ 54.59550262806026, 25.584736811077526 ], [ 54.595592459588673, 25.584736811077526 ], [ 54.595592459588673, 25.584646979549113 ], [ 54.59550262806026, 25.584646979549113 ], [ 54.59550262806026, 25.58446731649229 ], [ 54.595322965003433, 25.58446731649229 ], [ 54.595322965003433, 25.584377484963877 ], [ 54.59523313347502, 25.584377484963877 ], [ 54.59523313347502, 25.58446731649229 ], [ 54.595143301946614, 25.58446731649229 ], [ 54.595143301946614, 25.584826642605936 ], [ 54.59523313347502, 25.584826642605936 ], [ 54.59523313347502, 25.584916474134349 ] ], [ [ 54.584094023951941, 25.584557148020703 ], [ 54.584273687008768, 25.584557148020703 ], [ 54.584273687008768, 25.58446731649229 ], [ 54.584363518537174, 25.58446731649229 ], [ 54.584363518537174, 25.584287653435467 ], [ 54.584453350065587, 25.584287653435467 ], [ 54.584453350065587, 25.584018158850231 ], [ 54.584183855480354, 25.584018158850231 ], [ 54.584183855480354, 25.584107990378641 ], [ 54.583914360895115, 25.584107990378641 ], [ 54.583914360895115, 25.584377484963877 ], [ 54.584004192423528, 25.584377484963877 ], [ 54.584004192423528, 25.58446731649229 ], [ 54.584094023951941, 25.58446731649229 ], [ 54.584094023951941, 25.584557148020703 ] ], [ [ 54.597748416270555, 25.58446731649229 ], [ 54.59909588919674, 25.58446731649229 ], [ 54.59909588919674, 25.584377484963877 ], [ 54.599185720725146, 25.584377484963877 ], [ 54.599185720725146, 25.584197821907054 ], [ 54.599275552253559, 25.584197821907054 ], [ 54.599275552253559, 25.584107990378641 ], [ 54.599365383781972, 25.584107990378641 ], [ 54.599365383781972, 25.583928327321818 ], [ 54.599455215310385, 25.583928327321818 ], [ 54.599455215310385, 25.583748664264995 ], [ 54.599545046838799, 25.583748664264995 ], [ 54.599545046838799, 25.583658832736582 ], [ 54.599634878367212, 25.583658832736582 ], [ 54.599634878367212, 25.583569001208172 ], [ 54.599814541424031, 25.583569001208172 ], [ 54.599814541424031, 25.583479169679759 ], [ 54.60026369906609, 25.583479169679759 ], [ 54.60026369906609, 25.583658832736582 ], [ 54.600443362122917, 25.583658832736582 ], [ 54.600443362122917, 25.583748664264995 ], [ 54.60053319365133, 25.583748664264995 ], [ 54.60053319365133, 25.583658832736582 ], [ 54.601162014350216, 25.583658832736582 ], [ 54.601162014350216, 25.583748664264995 ], [ 54.601251845878622, 25.583748664264995 ], [ 54.601251845878622, 25.583838495793405 ], [ 54.601341677407035, 25.583838495793405 ], [ 54.601341677407035, 25.583928327321818 ], [ 54.601521340463862, 25.583928327321818 ], [ 54.601521340463862, 25.584018158850231 ], [ 54.601790835049094, 25.584018158850231 ], [ 54.601790835049094, 25.584107990378641 ], [ 54.602060329634334, 25.584107990378641 ], [ 54.602060329634334, 25.584197821907054 ], [ 54.602509487276393, 25.584197821907054 ], [ 54.602509487276393, 25.584107990378641 ], [ 54.602778981861626, 25.584107990378641 ], [ 54.602778981861626, 25.584018158850231 ], [ 54.602958644918452, 25.584018158850231 ], [ 54.602958644918452, 25.583928327321818 ], [ 54.603048476446865, 25.583928327321818 ], [ 54.603048476446865, 25.583838495793405 ], [ 54.603138307975279, 25.583838495793405 ], [ 54.603138307975279, 25.583748664264995 ], [ 54.603228139503685, 25.583748664264995 ], [ 54.603228139503685, 25.583658832736582 ], [ 54.603317971032098, 25.583658832736582 ], [ 54.603317971032098, 25.583569001208172 ], [ 54.603407802560511, 25.583569001208172 ], [ 54.603407802560511, 25.583479169679759 ], [ 54.603497634088924, 25.583479169679759 ], [ 54.603497634088924, 25.583389338151346 ], [ 54.604216286316216, 25.583389338151346 ], [ 54.604216286316216, 25.583299506622936 ], [ 54.604306117844629, 25.583299506622936 ], [ 54.604306117844629, 25.583209675094523 ], [ 54.604395949373043, 25.583209675094523 ], [ 54.604395949373043, 25.583119843566109 ], [ 54.604485780901456, 25.583119843566109 ], [ 54.604485780901456, 25.582940180509286 ], [ 54.604665443958275, 25.582940180509286 ], [ 54.604665443958275, 25.582760517452463 ], [ 54.604845107015102, 25.582760517452463 ], [ 54.604845107015102, 25.58267068592405 ], [ 54.605114601600341, 25.58267068592405 ], [ 54.605114601600341, 25.582760517452463 ], [ 54.605204433128748, 25.582760517452463 ], [ 54.605204433128748, 25.582850348980873 ], [ 54.605294264657161, 25.582850348980873 ], [ 54.605294264657161, 25.582940180509286 ], [ 54.605384096185574, 25.582940180509286 ], [ 54.605384096185574, 25.5830300120377 ], [ 54.605653590770807, 25.5830300120377 ], [ 54.605653590770807, 25.583119843566109 ], [ 54.606282411469692, 25.583119843566109 ], [ 54.606282411469692, 25.5830300120377 ], [ 54.606372242998106, 25.5830300120377 ], [ 54.606372242998106, 25.582940180509286 ], [ 54.606641737583338, 25.582940180509286 ], [ 54.606641737583338, 25.5830300120377 ], [ 54.607090895225404, 25.5830300120377 ], [ 54.607090895225404, 25.583119843566109 ], [ 54.607270558282224, 25.583119843566109 ], [ 54.607270558282224, 25.583209675094523 ], [ 54.60745022133905, 25.583209675094523 ], [ 54.60745022133905, 25.583299506622936 ], [ 54.60762988439587, 25.583299506622936 ], [ 54.60762988439587, 25.583389338151346 ], [ 54.607989210509523, 25.583389338151346 ], [ 54.607989210509523, 25.583299506622936 ], [ 54.608168873566342, 25.583299506622936 ], [ 54.608168873566342, 25.583209675094523 ], [ 54.608977357322054, 25.583209675094523 ], [ 54.608977357322054, 25.5830300120377 ], [ 54.609067188850467, 25.5830300120377 ], [ 54.609067188850467, 25.582940180509286 ], [ 54.609157020378873, 25.582940180509286 ], [ 54.609157020378873, 25.58267068592405 ], [ 54.609067188850467, 25.58267068592405 ], [ 54.609067188850467, 25.582580854395641 ], [ 54.608887525793641, 25.582580854395641 ], [ 54.608887525793641, 25.582491022867227 ], [ 54.607719715924283, 25.582491022867227 ], [ 54.607719715924283, 25.582401191338814 ], [ 54.60762988439587, 25.582401191338814 ], [ 54.60762988439587, 25.582311359810404 ], [ 54.607360389810637, 25.582311359810404 ], [ 54.607360389810637, 25.582221528281991 ], [ 54.607180726753811, 25.582221528281991 ], [ 54.607180726753811, 25.582131696753578 ], [ 54.607001063696991, 25.582131696753578 ], [ 54.607001063696991, 25.582221528281991 ], [ 54.606731569111751, 25.582221528281991 ], [ 54.606731569111751, 25.582311359810404 ], [ 54.606282411469692, 25.582311359810404 ], [ 54.606282411469692, 25.582221528281991 ], [ 54.605923085356046, 25.582221528281991 ], [ 54.605923085356046, 25.582131696753578 ], [ 54.605833253827633, 25.582131696753578 ], [ 54.605833253827633, 25.582041865225168 ], [ 54.605473927713987, 25.582041865225168 ], [ 54.605473927713987, 25.581952033696755 ], [ 54.605294264657161, 25.581952033696755 ], [ 54.605294264657161, 25.582041865225168 ], [ 54.605114601600341, 25.582041865225168 ], [ 54.605114601600341, 25.582131696753578 ], [ 54.605024770071928, 25.582131696753578 ], [ 54.605024770071928, 25.582491022867227 ], [ 54.604845107015102, 25.582491022867227 ], [ 54.604845107015102, 25.582580854395641 ], [ 54.604755275486689, 25.582580854395641 ], [ 54.604755275486689, 25.58267068592405 ], [ 54.604575612429869, 25.58267068592405 ], [ 54.604575612429869, 25.582580854395641 ], [ 54.604485780901456, 25.582580854395641 ], [ 54.604485780901456, 25.582491022867227 ], [ 54.603677297145744, 25.582491022867227 ], [ 54.603677297145744, 25.582401191338814 ], [ 54.603497634088924, 25.582401191338814 ], [ 54.603497634088924, 25.582311359810404 ], [ 54.603048476446865, 25.582311359810404 ], [ 54.603048476446865, 25.582401191338814 ], [ 54.602958644918452, 25.582401191338814 ], [ 54.602958644918452, 25.582491022867227 ], [ 54.602689150333212, 25.582491022867227 ], [ 54.602689150333212, 25.582580854395641 ], [ 54.602509487276393, 25.582580854395641 ], [ 54.602509487276393, 25.582491022867227 ], [ 54.602329824219566, 25.582491022867227 ], [ 54.602329824219566, 25.582401191338814 ], [ 54.602239992691153, 25.582401191338814 ], [ 54.602239992691153, 25.582221528281991 ], [ 54.602150161162747, 25.582221528281991 ], [ 54.602150161162747, 25.582131696753578 ], [ 54.602060329634334, 25.582131696753578 ], [ 54.602060329634334, 25.581772370639932 ], [ 54.602150161162747, 25.581772370639932 ], [ 54.602150161162747, 25.581592707583109 ], [ 54.602239992691153, 25.581592707583109 ], [ 54.602239992691153, 25.581502876054696 ], [ 54.602329824219566, 25.581502876054696 ], [ 54.602329824219566, 25.581413044526283 ], [ 54.60241965574798, 25.581413044526283 ], [ 54.60241965574798, 25.581323212997873 ], [ 54.602509487276393, 25.581323212997873 ], [ 54.602509487276393, 25.58123338146946 ], [ 54.602958644918452, 25.58123338146946 ], [ 54.602958644918452, 25.581323212997873 ], [ 54.604575612429869, 25.581323212997873 ], [ 54.604575612429869, 25.581413044526283 ], [ 54.604755275486689, 25.581413044526283 ], [ 54.604755275486689, 25.581502876054696 ], [ 54.604845107015102, 25.581502876054696 ], [ 54.604845107015102, 25.581413044526283 ], [ 54.605024770071928, 25.581413044526283 ], [ 54.605024770071928, 25.581502876054696 ], [ 54.605114601600341, 25.581502876054696 ], [ 54.605114601600341, 25.581413044526283 ], [ 54.605204433128748, 25.581413044526283 ], [ 54.605204433128748, 25.581502876054696 ], [ 54.606102748412873, 25.581502876054696 ], [ 54.606102748412873, 25.581413044526283 ], [ 54.606282411469692, 25.581413044526283 ], [ 54.606282411469692, 25.581323212997873 ], [ 54.606372242998106, 25.581323212997873 ], [ 54.606372242998106, 25.58123338146946 ], [ 54.606551906054932, 25.58123338146946 ], [ 54.606551906054932, 25.581143549941046 ], [ 54.607180726753811, 25.581143549941046 ], [ 54.607180726753811, 25.581053718412637 ], [ 54.607540052867463, 25.581053718412637 ], [ 54.607540052867463, 25.580963886884224 ], [ 54.607809547452696, 25.580963886884224 ], [ 54.607809547452696, 25.581053718412637 ], [ 54.608887525793641, 25.581053718412637 ], [ 54.608887525793641, 25.580963886884224 ], [ 54.608977357322054, 25.580963886884224 ], [ 54.608977357322054, 25.58087405535581 ], [ 54.609067188850467, 25.58087405535581 ], [ 54.609067188850467, 25.580694392298987 ], [ 54.608977357322054, 25.580694392298987 ], [ 54.608977357322054, 25.580514729242164 ], [ 54.608797694265228, 25.580514729242164 ], [ 54.608797694265228, 25.580424897713751 ], [ 54.608618031208401, 25.580424897713751 ], [ 54.608618031208401, 25.580335066185341 ], [ 54.608258705094755, 25.580335066185341 ], [ 54.608258705094755, 25.580245234656928 ], [ 54.607809547452696, 25.580245234656928 ], [ 54.607809547452696, 25.580155403128515 ], [ 54.60762988439587, 25.580155403128515 ], [ 54.60762988439587, 25.580065571600105 ], [ 54.606821400640165, 25.580065571600105 ], [ 54.606821400640165, 25.579975740071692 ], [ 54.606551906054932, 25.579975740071692 ], [ 54.606551906054932, 25.579885908543279 ], [ 54.606102748412873, 25.579885908543279 ], [ 54.606102748412873, 25.579796077014869 ], [ 54.605833253827633, 25.579796077014869 ], [ 54.605833253827633, 25.579706245486456 ], [ 54.605653590770807, 25.579706245486456 ], [ 54.605653590770807, 25.579616413958046 ], [ 54.605473927713987, 25.579616413958046 ], [ 54.605473927713987, 25.579526582429633 ], [ 54.605114601600341, 25.579526582429633 ], [ 54.605114601600341, 25.579616413958046 ], [ 54.604934938543515, 25.579616413958046 ], [ 54.604934938543515, 25.579526582429633 ], [ 54.604845107015102, 25.579526582429633 ], [ 54.604845107015102, 25.579616413958046 ], [ 54.604306117844629, 25.579616413958046 ], [ 54.604306117844629, 25.579526582429633 ], [ 54.603228139503685, 25.579526582429633 ], [ 54.603228139503685, 25.579616413958046 ], [ 54.603048476446865, 25.579616413958046 ], [ 54.603048476446865, 25.579706245486456 ], [ 54.602689150333212, 25.579706245486456 ], [ 54.602689150333212, 25.579796077014869 ], [ 54.602239992691153, 25.579796077014869 ], [ 54.602239992691153, 25.579706245486456 ], [ 54.602060329634334, 25.579706245486456 ], [ 54.602060329634334, 25.579616413958046 ], [ 54.601790835049094, 25.579616413958046 ], [ 54.601790835049094, 25.579526582429633 ], [ 54.601611171992275, 25.579526582429633 ], [ 54.601611171992275, 25.57943675090122 ], [ 54.601521340463862, 25.57943675090122 ], [ 54.601521340463862, 25.57934691937281 ], [ 54.601431508935448, 25.57934691937281 ], [ 54.601431508935448, 25.579077424787574 ], [ 54.601521340463862, 25.579077424787574 ], [ 54.601521340463862, 25.578987593259161 ], [ 54.601611171992275, 25.578987593259161 ], [ 54.601611171992275, 25.578897761730747 ], [ 54.601790835049094, 25.578897761730747 ], [ 54.601790835049094, 25.578807930202338 ], [ 54.601880666577507, 25.578807930202338 ], [ 54.601880666577507, 25.578718098673924 ], [ 54.601970498105921, 25.578718098673924 ], [ 54.601970498105921, 25.578628267145515 ], [ 54.602150161162747, 25.578628267145515 ], [ 54.602150161162747, 25.578538435617101 ], [ 54.60241965574798, 25.578538435617101 ], [ 54.60241965574798, 25.578448604088688 ], [ 54.602689150333212, 25.578448604088688 ], [ 54.602689150333212, 25.578358772560279 ], [ 54.602868813390039, 25.578358772560279 ], [ 54.602868813390039, 25.578268941031865 ], [ 54.603317971032098, 25.578268941031865 ], [ 54.603317971032098, 25.578179109503452 ], [ 54.603407802560511, 25.578179109503452 ], [ 54.603407802560511, 25.578089277975042 ], [ 54.603587465617338, 25.578089277975042 ], [ 54.603587465617338, 25.577999446446629 ], [ 54.603677297145744, 25.577999446446629 ], [ 54.603677297145744, 25.577909614918216 ], [ 54.603767128674157, 25.577909614918216 ], [ 54.603767128674157, 25.577819783389806 ], [ 54.604306117844629, 25.577819783389806 ], [ 54.604306117844629, 25.577729951861393 ], [ 54.604216286316216, 25.577729951861393 ], [ 54.604216286316216, 25.57764012033298 ], [ 54.604036623259397, 25.57764012033298 ], [ 54.604036623259397, 25.577280794219334 ], [ 54.60412645478781, 25.577280794219334 ], [ 54.60412645478781, 25.577101131162511 ], [ 54.604216286316216, 25.577101131162511 ], [ 54.604216286316216, 25.576831636577275 ], [ 54.60412645478781, 25.576831636577275 ], [ 54.60412645478781, 25.576741805048862 ], [ 54.603946791730984, 25.576741805048862 ], [ 54.603946791730984, 25.576651973520448 ], [ 54.602778981861626, 25.576651973520448 ], [ 54.602778981861626, 25.576741805048862 ], [ 54.60241965574798, 25.576741805048862 ], [ 54.60241965574798, 25.576651973520448 ], [ 54.601970498105921, 25.576651973520448 ], [ 54.601970498105921, 25.576562141992039 ], [ 54.601701003520681, 25.576562141992039 ], [ 54.601701003520681, 25.576472310463625 ], [ 54.601072182821802, 25.576472310463625 ], [ 54.601072182821802, 25.576562141992039 ], [ 54.600892519764976, 25.576562141992039 ], [ 54.600892519764976, 25.576472310463625 ], [ 54.599994204480858, 25.576472310463625 ], [ 54.599994204480858, 25.576562141992039 ], [ 54.599365383781972, 25.576562141992039 ], [ 54.599365383781972, 25.576472310463625 ], [ 54.599275552253559, 25.576472310463625 ], [ 54.599275552253559, 25.576382478935216 ], [ 54.599185720725146, 25.576382478935216 ], [ 54.599185720725146, 25.576292647406802 ], [ 54.599006057668326, 25.576292647406802 ], [ 54.599006057668326, 25.576382478935216 ], [ 54.5988263946115, 25.576382478935216 ], [ 54.5988263946115, 25.576472310463625 ], [ 54.598467068497854, 25.576472310463625 ], [ 54.598467068497854, 25.576562141992039 ], [ 54.598377236969441, 25.576562141992039 ], [ 54.598377236969441, 25.576651973520448 ], [ 54.598197573912614, 25.576651973520448 ], [ 54.598197573912614, 25.576741805048862 ], [ 54.598107742384208, 25.576741805048862 ], [ 54.598107742384208, 25.576831636577275 ], [ 54.598017910855795, 25.576831636577275 ], [ 54.598017910855795, 25.576921468105684 ], [ 54.597928079327382, 25.576921468105684 ], [ 54.597928079327382, 25.577011299634098 ], [ 54.597838247798968, 25.577011299634098 ], [ 54.597838247798968, 25.577190962690921 ], [ 54.597658584742149, 25.577190962690921 ], [ 54.597658584742149, 25.577280794219334 ], [ 54.597478921685322, 25.577280794219334 ], [ 54.597478921685322, 25.577370625747747 ], [ 54.597299258628496, 25.577370625747747 ], [ 54.597299258628496, 25.577460457276157 ], [ 54.597209427100083, 25.577460457276157 ], [ 54.597209427100083, 25.577370625747747 ], [ 54.59693993251485, 25.577370625747747 ], [ 54.59693993251485, 25.577280794219334 ], [ 54.596850100986437, 25.577280794219334 ], [ 54.596850100986437, 25.577190962690921 ], [ 54.596760269458024, 25.577190962690921 ], [ 54.596760269458024, 25.577101131162511 ], [ 54.596670437929617, 25.577101131162511 ], [ 54.596670437929617, 25.577011299634098 ], [ 54.596580606401204, 25.577011299634098 ], [ 54.596580606401204, 25.576921468105684 ], [ 54.596400943344378, 25.576921468105684 ], [ 54.596400943344378, 25.576831636577275 ], [ 54.596311111815965, 25.576831636577275 ], [ 54.596311111815965, 25.576741805048862 ], [ 54.596221280287551, 25.576741805048862 ], [ 54.596221280287551, 25.576651973520448 ], [ 54.596041617230732, 25.576651973520448 ], [ 54.596041617230732, 25.576562141992039 ], [ 54.595951785702319, 25.576562141992039 ], [ 54.595951785702319, 25.576472310463625 ], [ 54.595772122645492, 25.576472310463625 ], [ 54.595772122645492, 25.576382478935216 ], [ 54.595682291117086, 25.576382478935216 ], [ 54.595682291117086, 25.576023152821566 ], [ 54.595772122645492, 25.576023152821566 ], [ 54.595772122645492, 25.575933321293153 ], [ 54.595861954173905, 25.575933321293153 ], [ 54.595861954173905, 25.575843489764743 ], [ 54.595951785702319, 25.575843489764743 ], [ 54.595951785702319, 25.57575365823633 ], [ 54.596041617230732, 25.57575365823633 ], [ 54.596041617230732, 25.575573995179507 ], [ 54.596131448759145, 25.575573995179507 ], [ 54.596131448759145, 25.575484163651094 ], [ 54.596041617230732, 25.575484163651094 ], [ 54.596041617230732, 25.575394332122684 ], [ 54.596131448759145, 25.575394332122684 ], [ 54.596131448759145, 25.575304500594271 ], [ 54.596041617230732, 25.575304500594271 ], [ 54.596041617230732, 25.575214669065858 ], [ 54.596131448759145, 25.575214669065858 ], [ 54.596131448759145, 25.575035006009035 ], [ 54.596221280287551, 25.575035006009035 ], [ 54.596221280287551, 25.574945174480622 ], [ 54.596311111815965, 25.574945174480622 ], [ 54.596311111815965, 25.574765511423799 ], [ 54.596400943344378, 25.574765511423799 ], [ 54.596400943344378, 25.574675679895385 ], [ 54.596670437929617, 25.574675679895385 ], [ 54.596670437929617, 25.574585848366976 ], [ 54.596760269458024, 25.574585848366976 ], [ 54.596760269458024, 25.574046859196503 ], [ 54.596490774872791, 25.574046859196503 ], [ 54.596490774872791, 25.574226522253326 ], [ 54.596400943344378, 25.574226522253326 ], [ 54.596400943344378, 25.574406185310153 ], [ 54.595951785702319, 25.574406185310153 ], [ 54.595951785702319, 25.57431635378174 ], [ 54.595861954173905, 25.57431635378174 ], [ 54.595861954173905, 25.574406185310153 ], [ 54.595682291117086, 25.574406185310153 ], [ 54.595682291117086, 25.574765511423799 ], [ 54.59523313347502, 25.574765511423799 ], [ 54.59523313347502, 25.574855342952212 ], [ 54.594783975832961, 25.574855342952212 ], [ 54.594783975832961, 25.574945174480622 ], [ 54.594424649719315, 25.574945174480622 ], [ 54.594424649719315, 25.575035006009035 ], [ 54.594334818190902, 25.575035006009035 ], [ 54.594334818190902, 25.575124837537448 ], [ 54.594244986662488, 25.575124837537448 ], [ 54.594244986662488, 25.575214669065858 ], [ 54.594155155134082, 25.575214669065858 ], [ 54.594155155134082, 25.575394332122684 ], [ 54.594065323605669, 25.575394332122684 ], [ 54.594065323605669, 25.575843489764743 ], [ 54.594155155134082, 25.575843489764743 ], [ 54.594155155134082, 25.575933321293153 ], [ 54.594334818190902, 25.575933321293153 ], [ 54.594334818190902, 25.575843489764743 ], [ 54.594783975832961, 25.575843489764743 ], [ 54.594783975832961, 25.575933321293153 ], [ 54.594873807361374, 25.575933321293153 ], [ 54.594873807361374, 25.576292647406802 ], [ 54.594783975832961, 25.576292647406802 ], [ 54.594783975832961, 25.576382478935216 ], [ 54.594604312776141, 25.576382478935216 ], [ 54.594604312776141, 25.576472310463625 ], [ 54.593705997492023, 25.576472310463625 ], [ 54.593705997492023, 25.576651973520448 ], [ 54.59361616596361, 25.576651973520448 ], [ 54.59361616596361, 25.577011299634098 ], [ 54.593526334435197, 25.577011299634098 ], [ 54.593526334435197, 25.577190962690921 ], [ 54.593436502906783, 25.577190962690921 ], [ 54.593436502906783, 25.577280794219334 ], [ 54.59334667137837, 25.577280794219334 ], [ 54.59334667137837, 25.577370625747747 ], [ 54.593256839849957, 25.577370625747747 ], [ 54.593256839849957, 25.57755028880457 ], [ 54.593167008321551, 25.57755028880457 ], [ 54.593167008321551, 25.57764012033298 ], [ 54.592987345264724, 25.57764012033298 ], [ 54.592987345264724, 25.577729951861393 ], [ 54.592897513736311, 25.577729951861393 ], [ 54.592897513736311, 25.577819783389806 ], [ 54.591639872338547, 25.577819783389806 ], [ 54.591639872338547, 25.578268941031865 ], [ 54.59172970386696, 25.578268941031865 ], [ 54.59172970386696, 25.578358772560279 ], [ 54.591819535395366, 25.578358772560279 ], [ 54.591819535395366, 25.578448604088688 ], [ 54.59190936692378, 25.578448604088688 ], [ 54.59190936692378, 25.578538435617101 ], [ 54.591999198452193, 25.578538435617101 ], [ 54.591999198452193, 25.578628267145515 ], [ 54.592178861509019, 25.578628267145515 ], [ 54.592178861509019, 25.578718098673924 ], [ 54.592358524565839, 25.578718098673924 ], [ 54.592358524565839, 25.578807930202338 ], [ 54.592448356094252, 25.578807930202338 ], [ 54.592448356094252, 25.578897761730747 ], [ 54.592628019151078, 25.578897761730747 ], [ 54.592628019151078, 25.578987593259161 ], [ 54.592717850679492, 25.578987593259161 ], [ 54.592717850679492, 25.579077424787574 ], [ 54.592807682207898, 25.579077424787574 ], [ 54.592807682207898, 25.579167256315984 ], [ 54.592897513736311, 25.579167256315984 ], [ 54.592897513736311, 25.579526582429633 ], [ 54.592807682207898, 25.579526582429633 ], [ 54.592807682207898, 25.579885908543279 ], [ 54.592717850679492, 25.579885908543279 ], [ 54.592717850679492, 25.580065571600105 ], [ 54.592628019151078, 25.580065571600105 ], [ 54.592628019151078, 25.580155403128515 ], [ 54.592448356094252, 25.580155403128515 ], [ 54.592448356094252, 25.580245234656928 ], [ 54.592268693037425, 25.580245234656928 ], [ 54.592268693037425, 25.580335066185341 ], [ 54.592178861509019, 25.580335066185341 ], [ 54.592178861509019, 25.580424897713751 ], [ 54.592089029980606, 25.580424897713751 ], [ 54.592089029980606, 25.580514729242164 ], [ 54.591999198452193, 25.580514729242164 ], [ 54.591999198452193, 25.580604560770578 ], [ 54.59190936692378, 25.580604560770578 ], [ 54.59190936692378, 25.580784223827401 ], [ 54.59172970386696, 25.580784223827401 ], [ 54.59172970386696, 25.580963886884224 ], [ 54.591639872338547, 25.580963886884224 ], [ 54.591639872338547, 25.581053718412637 ], [ 54.591550040810134, 25.581053718412637 ], [ 54.591550040810134, 25.581323212997873 ], [ 54.59172970386696, 25.581323212997873 ], [ 54.59172970386696, 25.581413044526283 ], [ 54.591819535395366, 25.581413044526283 ], [ 54.591819535395366, 25.581502876054696 ], [ 54.591999198452193, 25.581502876054696 ], [ 54.591999198452193, 25.581592707583109 ], [ 54.592089029980606, 25.581592707583109 ], [ 54.592089029980606, 25.581682539111519 ], [ 54.592178861509019, 25.581682539111519 ], [ 54.592178861509019, 25.581772370639932 ], [ 54.592897513736311, 25.581772370639932 ], [ 54.592897513736311, 25.581862202168342 ], [ 54.593077176793138, 25.581862202168342 ], [ 54.593077176793138, 25.582041865225168 ], [ 54.593167008321551, 25.582041865225168 ], [ 54.593167008321551, 25.582401191338814 ], [ 54.593256839849957, 25.582401191338814 ], [ 54.593256839849957, 25.582760517452463 ], [ 54.59334667137837, 25.582760517452463 ], [ 54.59334667137837, 25.582850348980873 ], [ 54.59361616596361, 25.582850348980873 ], [ 54.59361616596361, 25.582940180509286 ], [ 54.593885660548843, 25.582940180509286 ], [ 54.593885660548843, 25.582850348980873 ], [ 54.593975492077256, 25.582850348980873 ], [ 54.593975492077256, 25.582940180509286 ], [ 54.594873807361374, 25.582940180509286 ], [ 54.594873807361374, 25.582760517452463 ], [ 54.5950534704182, 25.582760517452463 ], [ 54.5950534704182, 25.58267068592405 ], [ 54.59523313347502, 25.58267068592405 ], [ 54.59523313347502, 25.582580854395641 ], [ 54.59550262806026, 25.582580854395641 ], [ 54.59550262806026, 25.582491022867227 ], [ 54.595861954173905, 25.582491022867227 ], [ 54.595861954173905, 25.582401191338814 ], [ 54.598377236969441, 25.582401191338814 ], [ 54.598377236969441, 25.582491022867227 ], [ 54.598467068497854, 25.582491022867227 ], [ 54.598467068497854, 25.582940180509286 ], [ 54.598377236969441, 25.582940180509286 ], [ 54.598377236969441, 25.5830300120377 ], [ 54.598197573912614, 25.5830300120377 ], [ 54.598197573912614, 25.583119843566109 ], [ 54.598107742384208, 25.583119843566109 ], [ 54.598107742384208, 25.583209675094523 ], [ 54.597928079327382, 25.583209675094523 ], [ 54.597928079327382, 25.583299506622936 ], [ 54.597748416270555, 25.583299506622936 ], [ 54.597748416270555, 25.583389338151346 ], [ 54.597658584742149, 25.583389338151346 ], [ 54.597658584742149, 25.583479169679759 ], [ 54.597568753213736, 25.583479169679759 ], [ 54.597568753213736, 25.583569001208172 ], [ 54.597478921685322, 25.583569001208172 ], [ 54.597478921685322, 25.583838495793405 ], [ 54.597568753213736, 25.583838495793405 ], [ 54.597568753213736, 25.584018158850231 ], [ 54.597658584742149, 25.584018158850231 ], [ 54.597658584742149, 25.584377484963877 ], [ 54.597748416270555, 25.584377484963877 ], [ 54.597748416270555, 25.58446731649229 ] ], [ [ 54.584902507707646, 25.584107990378641 ], [ 54.585082170764473, 25.584107990378641 ], [ 54.585082170764473, 25.584018158850231 ], [ 54.585172002292886, 25.584018158850231 ], [ 54.585172002292886, 25.583928327321818 ], [ 54.585082170764473, 25.583928327321818 ], [ 54.585082170764473, 25.583838495793405 ], [ 54.584902507707646, 25.583838495793405 ], [ 54.584902507707646, 25.583928327321818 ], [ 54.584722844650827, 25.583928327321818 ], [ 54.584722844650827, 25.584018158850231 ], [ 54.584902507707646, 25.584018158850231 ], [ 54.584902507707646, 25.584107990378641 ] ], [ [ 54.61077398789029, 25.583209675094523 ], [ 54.610863819418704, 25.583209675094523 ], [ 54.610863819418704, 25.582850348980873 ], [ 54.61077398789029, 25.582850348980873 ], [ 54.61077398789029, 25.583209675094523 ] ], [ [ 54.587148295917949, 25.583119843566109 ], [ 54.587417790503181, 25.583119843566109 ], [ 54.587417790503181, 25.582580854395641 ], [ 54.587327958974768, 25.582580854395641 ], [ 54.587327958974768, 25.58267068592405 ], [ 54.587148295917949, 25.58267068592405 ], [ 54.587148295917949, 25.582850348980873 ], [ 54.587058464389536, 25.582850348980873 ], [ 54.587058464389536, 25.5830300120377 ], [ 54.587148295917949, 25.5830300120377 ], [ 54.587148295917949, 25.583119843566109 ] ], [ [ 54.587597453560008, 25.583119843566109 ], [ 54.587687285088421, 25.583119843566109 ], [ 54.587687285088421, 25.582940180509286 ], [ 54.587777116616834, 25.582940180509286 ], [ 54.587777116616834, 25.582491022867227 ], [ 54.587866948145241, 25.582491022867227 ], [ 54.587866948145241, 25.582311359810404 ], [ 54.587956779673654, 25.582311359810404 ], [ 54.587956779673654, 25.582041865225168 ], [ 54.58813644273048, 25.582041865225168 ], [ 54.58813644273048, 25.581952033696755 ], [ 54.588226274258894, 25.581952033696755 ], [ 54.588226274258894, 25.581862202168342 ], [ 54.5883161057873, 25.581862202168342 ], [ 54.5883161057873, 25.581502876054696 ], [ 54.588405937315713, 25.581502876054696 ], [ 54.588405937315713, 25.581323212997873 ], [ 54.58813644273048, 25.581323212997873 ], [ 54.58813644273048, 25.581502876054696 ], [ 54.588046611202067, 25.581502876054696 ], [ 54.588046611202067, 25.581323212997873 ], [ 54.587956779673654, 25.581323212997873 ], [ 54.587956779673654, 25.58123338146946 ], [ 54.587866948145241, 25.58123338146946 ], [ 54.587866948145241, 25.581053718412637 ], [ 54.587777116616834, 25.581053718412637 ], [ 54.587777116616834, 25.582221528281991 ], [ 54.587687285088421, 25.582221528281991 ], [ 54.587687285088421, 25.582311359810404 ], [ 54.587597453560008, 25.582311359810404 ], [ 54.587597453560008, 25.583119843566109 ] ], [ [ 54.624069054095258, 25.583119843566109 ], [ 54.624428380208904, 25.583119843566109 ], [ 54.624428380208904, 25.5830300120377 ], [ 54.624518211737318, 25.5830300120377 ], [ 54.624518211737318, 25.582940180509286 ], [ 54.624697874794144, 25.582940180509286 ], [ 54.624697874794144, 25.582491022867227 ], [ 54.624608043265731, 25.582491022867227 ], [ 54.624608043265731, 25.582401191338814 ], [ 54.624428380208904, 25.582401191338814 ], [ 54.624428380208904, 25.582311359810404 ], [ 54.624338548680498, 25.582311359810404 ], [ 54.624338548680498, 25.582221528281991 ], [ 54.624248717152085, 25.582221528281991 ], [ 54.624248717152085, 25.582131696753578 ], [ 54.624069054095258, 25.582131696753578 ], [ 54.624069054095258, 25.582041865225168 ], [ 54.623979222566845, 25.582041865225168 ], [ 54.623979222566845, 25.581952033696755 ], [ 54.623889391038439, 25.581952033696755 ], [ 54.623889391038439, 25.581862202168342 ], [ 54.623709727981613, 25.581862202168342 ], [ 54.623709727981613, 25.581772370639932 ], [ 54.623530064924786, 25.581772370639932 ], [ 54.623530064924786, 25.581682539111519 ], [ 54.623350401867967, 25.581682539111519 ], [ 54.623350401867967, 25.581592707583109 ], [ 54.62317073881114, 25.581592707583109 ], [ 54.62317073881114, 25.581502876054696 ], [ 54.623080907282727, 25.581502876054696 ], [ 54.623080907282727, 25.581592707583109 ], [ 54.622811412697494, 25.581592707583109 ], [ 54.622811412697494, 25.581682539111519 ], [ 54.622901244225908, 25.581682539111519 ], [ 54.622901244225908, 25.581952033696755 ], [ 54.622991075754314, 25.581952033696755 ], [ 54.622991075754314, 25.582311359810404 ], [ 54.623080907282727, 25.582311359810404 ], [ 54.623080907282727, 25.582401191338814 ], [ 54.62317073881114, 25.582401191338814 ], [ 54.62317073881114, 25.582491022867227 ], [ 54.623260570339554, 25.582491022867227 ], [ 54.623260570339554, 25.582580854395641 ], [ 54.623350401867967, 25.582580854395641 ], [ 54.623350401867967, 25.58267068592405 ], [ 54.623530064924786, 25.58267068592405 ], [ 54.623530064924786, 25.582760517452463 ], [ 54.623619896453199, 25.582760517452463 ], [ 54.623619896453199, 25.582850348980873 ], [ 54.623709727981613, 25.582850348980873 ], [ 54.623709727981613, 25.582940180509286 ], [ 54.623799559510026, 25.582940180509286 ], [ 54.623799559510026, 25.5830300120377 ], [ 54.624069054095258, 25.5830300120377 ], [ 54.624069054095258, 25.583119843566109 ] ], [ [ 54.610055335662999, 25.5830300120377 ], [ 54.610234998719818, 25.5830300120377 ], [ 54.610234998719818, 25.582940180509286 ], [ 54.610414661776645, 25.582940180509286 ], [ 54.610414661776645, 25.582850348980873 ], [ 54.610324830248231, 25.582850348980873 ], [ 54.610324830248231, 25.582760517452463 ], [ 54.610055335662999, 25.582760517452463 ], [ 54.610055335662999, 25.5830300120377 ] ], [ [ 54.618319836276896, 25.582940180509286 ], [ 54.618858825447369, 25.582940180509286 ], [ 54.618858825447369, 25.582850348980873 ], [ 54.618948656975782, 25.582850348980873 ], [ 54.618948656975782, 25.582401191338814 ], [ 54.618858825447369, 25.582401191338814 ], [ 54.618858825447369, 25.581772370639932 ], [ 54.618768993918955, 25.581772370639932 ], [ 54.618768993918955, 25.581682539111519 ], [ 54.618679162390542, 25.581682539111519 ], [ 54.618679162390542, 25.58123338146946 ], [ 54.618499499333716, 25.58123338146946 ], [ 54.618499499333716, 25.581143549941046 ], [ 54.617870678634837, 25.581143549941046 ], [ 54.617870678634837, 25.581323212997873 ], [ 54.61796051016325, 25.581323212997873 ], [ 54.61796051016325, 25.581502876054696 ], [ 54.618050341691657, 25.581502876054696 ], [ 54.618050341691657, 25.581592707583109 ], [ 54.61796051016325, 25.581592707583109 ], [ 54.61796051016325, 25.581682539111519 ], [ 54.618050341691657, 25.581682539111519 ], [ 54.618050341691657, 25.581862202168342 ], [ 54.61796051016325, 25.581862202168342 ], [ 54.61796051016325, 25.581952033696755 ], [ 54.617870678634837, 25.581952033696755 ], [ 54.617870678634837, 25.582041865225168 ], [ 54.617780847106424, 25.582041865225168 ], [ 54.617780847106424, 25.582131696753578 ], [ 54.617601184049597, 25.582131696753578 ], [ 54.617601184049597, 25.582311359810404 ], [ 54.617691015578011, 25.582311359810404 ], [ 54.617691015578011, 25.582491022867227 ], [ 54.617780847106424, 25.582491022867227 ], [ 54.617780847106424, 25.582580854395641 ], [ 54.617870678634837, 25.582580854395641 ], [ 54.617870678634837, 25.58267068592405 ], [ 54.618050341691657, 25.58267068592405 ], [ 54.618050341691657, 25.582760517452463 ], [ 54.61814017322007, 25.582760517452463 ], [ 54.61814017322007, 25.582850348980873 ], [ 54.618319836276896, 25.582850348980873 ], [ 54.618319836276896, 25.582940180509286 ] ], [ [ 54.616792700293892, 25.582311359810404 ], [ 54.616882531822306, 25.582311359810404 ], [ 54.616882531822306, 25.582221528281991 ], [ 54.616792700293892, 25.582221528281991 ], [ 54.616792700293892, 25.582311359810404 ] ], [ [ 54.591280546224894, 25.581592707583109 ], [ 54.591370377753307, 25.581592707583109 ], [ 54.591370377753307, 25.581502876054696 ], [ 54.59146020928172, 25.581502876054696 ], [ 54.59146020928172, 25.58123338146946 ], [ 54.591280546224894, 25.58123338146946 ], [ 54.591280546224894, 25.581323212997873 ], [ 54.591190714696488, 25.581323212997873 ], [ 54.591190714696488, 25.581502876054696 ], [ 54.591280546224894, 25.581502876054696 ], [ 54.591280546224894, 25.581592707583109 ] ], [ [ 54.622092760470196, 25.581592707583109 ], [ 54.622452086583841, 25.581592707583109 ], [ 54.622452086583841, 25.581502876054696 ], [ 54.622541918112255, 25.581502876054696 ], [ 54.622541918112255, 25.581413044526283 ], [ 54.622452086583841, 25.581413044526283 ], [ 54.622452086583841, 25.581323212997873 ], [ 54.622092760470196, 25.581323212997873 ], [ 54.622092760470196, 25.581592707583109 ] ], [ [ 54.678956117954961, 25.581502876054696 ], [ 54.679225612540201, 25.581502876054696 ], [ 54.679225612540201, 25.581323212997873 ], [ 54.679315444068614, 25.581323212997873 ], [ 54.679315444068614, 25.580963886884224 ], [ 54.679135781011787, 25.580963886884224 ], [ 54.679135781011787, 25.581143549941046 ], [ 54.679045949483374, 25.581143549941046 ], [ 54.679045949483374, 25.581323212997873 ], [ 54.678956117954961, 25.581323212997873 ], [ 54.678956117954961, 25.581502876054696 ] ], [ [ 54.621194445186077, 25.581413044526283 ], [ 54.62173343435655, 25.581413044526283 ], [ 54.62173343435655, 25.581143549941046 ], [ 54.621643602828136, 25.581143549941046 ], [ 54.621643602828136, 25.580694392298987 ], [ 54.62173343435655, 25.580694392298987 ], [ 54.62173343435655, 25.580604560770578 ], [ 54.621913097413376, 25.580604560770578 ], [ 54.621913097413376, 25.580514729242164 ], [ 54.622182591998609, 25.580514729242164 ], [ 54.622182591998609, 25.580604560770578 ], [ 54.622362255055435, 25.580604560770578 ], [ 54.622362255055435, 25.580694392298987 ], [ 54.622452086583841, 25.580694392298987 ], [ 54.622452086583841, 25.580604560770578 ], [ 54.622541918112255, 25.580604560770578 ], [ 54.622541918112255, 25.580694392298987 ], [ 54.622631749640668, 25.580694392298987 ], [ 54.622631749640668, 25.580604560770578 ], [ 54.622721581169081, 25.580604560770578 ], [ 54.622721581169081, 25.580424897713751 ], [ 54.622811412697494, 25.580424897713751 ], [ 54.622811412697494, 25.579885908543279 ], [ 54.622631749640668, 25.579885908543279 ], [ 54.622631749640668, 25.579706245486456 ], [ 54.622541918112255, 25.579706245486456 ], [ 54.622541918112255, 25.57943675090122 ], [ 54.622631749640668, 25.57943675090122 ], [ 54.622631749640668, 25.579257087844397 ], [ 54.622721581169081, 25.579257087844397 ], [ 54.622721581169081, 25.579167256315984 ], [ 54.622901244225908, 25.579167256315984 ], [ 54.622901244225908, 25.578987593259161 ], [ 54.622991075754314, 25.578987593259161 ], [ 54.622991075754314, 25.578897761730747 ], [ 54.623080907282727, 25.578897761730747 ], [ 54.623080907282727, 25.578807930202338 ], [ 54.623260570339554, 25.578807930202338 ], [ 54.623260570339554, 25.578628267145515 ], [ 54.62317073881114, 25.578628267145515 ], [ 54.62317073881114, 25.578538435617101 ], [ 54.623260570339554, 25.578538435617101 ], [ 54.623260570339554, 25.578448604088688 ], [ 54.623080907282727, 25.578448604088688 ], [ 54.623080907282727, 25.578268941031865 ], [ 54.622991075754314, 25.578268941031865 ], [ 54.622991075754314, 25.578089277975042 ], [ 54.622901244225908, 25.578089277975042 ], [ 54.622901244225908, 25.577819783389806 ], [ 54.622272423527022, 25.577819783389806 ], [ 54.622272423527022, 25.577729951861393 ], [ 54.620116466845133, 25.577729951861393 ], [ 54.620116466845133, 25.577819783389806 ], [ 54.61957747767466, 25.577819783389806 ], [ 54.61957747767466, 25.577909614918216 ], [ 54.619667309203074, 25.577909614918216 ], [ 54.619667309203074, 25.577999446446629 ], [ 54.619757140731487, 25.577999446446629 ], [ 54.619757140731487, 25.578089277975042 ], [ 54.61957747767466, 25.578089277975042 ], [ 54.61957747767466, 25.578179109503452 ], [ 54.619218151561014, 25.578179109503452 ], [ 54.619218151561014, 25.578268941031865 ], [ 54.618858825447369, 25.578268941031865 ], [ 54.618858825447369, 25.578358772560279 ], [ 54.618589330862129, 25.578358772560279 ], [ 54.618589330862129, 25.578448604088688 ], [ 54.618319836276896, 25.578448604088688 ], [ 54.618319836276896, 25.578538435617101 ], [ 54.618230004748483, 25.578538435617101 ], [ 54.618230004748483, 25.578628267145515 ], [ 54.61814017322007, 25.578628267145515 ], [ 54.61814017322007, 25.578538435617101 ], [ 54.618050341691657, 25.578538435617101 ], [ 54.618050341691657, 25.578628267145515 ], [ 54.61796051016325, 25.578628267145515 ], [ 54.61796051016325, 25.578268941031865 ], [ 54.617780847106424, 25.578268941031865 ], [ 54.617780847106424, 25.578179109503452 ], [ 54.617601184049597, 25.578179109503452 ], [ 54.617601184049597, 25.578089277975042 ], [ 54.617511352521184, 25.578089277975042 ], [ 54.617511352521184, 25.577999446446629 ], [ 54.617601184049597, 25.577999446446629 ], [ 54.617601184049597, 25.577909614918216 ], [ 54.617511352521184, 25.577909614918216 ], [ 54.617511352521184, 25.577819783389806 ], [ 54.618230004748483, 25.577819783389806 ], [ 54.618230004748483, 25.577729951861393 ], [ 54.617421520992778, 25.577729951861393 ], [ 54.617421520992778, 25.577819783389806 ], [ 54.616613037237066, 25.577819783389806 ], [ 54.616613037237066, 25.578089277975042 ], [ 54.616433374180247, 25.578089277975042 ], [ 54.616433374180247, 25.578358772560279 ], [ 54.616343542651833, 25.578358772560279 ], [ 54.616343542651833, 25.578628267145515 ], [ 54.616163879595007, 25.578628267145515 ], [ 54.616163879595007, 25.578718098673924 ], [ 54.615984216538187, 25.578718098673924 ], [ 54.615984216538187, 25.578807930202338 ], [ 54.615894385009774, 25.578807930202338 ], [ 54.615894385009774, 25.578897761730747 ], [ 54.615714721952948, 25.578897761730747 ], [ 54.615714721952948, 25.578987593259161 ], [ 54.615624890424534, 25.578987593259161 ], [ 54.615624890424534, 25.579077424787574 ], [ 54.615445227367715, 25.579077424787574 ], [ 54.615445227367715, 25.579167256315984 ], [ 54.615265564310889, 25.579167256315984 ], [ 54.615265564310889, 25.579257087844397 ], [ 54.615175732782475, 25.579257087844397 ], [ 54.615175732782475, 25.57934691937281 ], [ 54.615085901254062, 25.57934691937281 ], [ 54.615085901254062, 25.579885908543279 ], [ 54.615175732782475, 25.579885908543279 ], [ 54.615175732782475, 25.579975740071692 ], [ 54.615265564310889, 25.579975740071692 ], [ 54.615265564310889, 25.580065571600105 ], [ 54.615355395839302, 25.580065571600105 ], [ 54.615355395839302, 25.580155403128515 ], [ 54.615535058896121, 25.580155403128515 ], [ 54.615535058896121, 25.580245234656928 ], [ 54.615624890424534, 25.580245234656928 ], [ 54.615624890424534, 25.580335066185341 ], [ 54.615804553481361, 25.580335066185341 ], [ 54.615804553481361, 25.580424897713751 ], [ 54.615984216538187, 25.580424897713751 ], [ 54.615984216538187, 25.580514729242164 ], [ 54.616163879595007, 25.580514729242164 ], [ 54.616163879595007, 25.580604560770578 ], [ 54.616523205708653, 25.580604560770578 ], [ 54.616523205708653, 25.580694392298987 ], [ 54.616792700293892, 25.580694392298987 ], [ 54.616792700293892, 25.580784223827401 ], [ 54.616972363350719, 25.580784223827401 ], [ 54.616972363350719, 25.58087405535581 ], [ 54.617421520992778, 25.58087405535581 ], [ 54.617421520992778, 25.580784223827401 ], [ 54.617601184049597, 25.580784223827401 ], [ 54.617601184049597, 25.580694392298987 ], [ 54.617691015578011, 25.580694392298987 ], [ 54.617691015578011, 25.580604560770578 ], [ 54.617780847106424, 25.580604560770578 ], [ 54.617780847106424, 25.580424897713751 ], [ 54.617870678634837, 25.580424897713751 ], [ 54.617870678634837, 25.580335066185341 ], [ 54.618050341691657, 25.580335066185341 ], [ 54.618050341691657, 25.580245234656928 ], [ 54.61814017322007, 25.580245234656928 ], [ 54.61814017322007, 25.580155403128515 ], [ 54.618230004748483, 25.580155403128515 ], [ 54.618230004748483, 25.580065571600105 ], [ 54.618319836276896, 25.580065571600105 ], [ 54.618319836276896, 25.579975740071692 ], [ 54.618409667805309, 25.579975740071692 ], [ 54.618409667805309, 25.579885908543279 ], [ 54.618319836276896, 25.579885908543279 ], [ 54.618319836276896, 25.579796077014869 ], [ 54.618230004748483, 25.579796077014869 ], [ 54.618230004748483, 25.579706245486456 ], [ 54.61814017322007, 25.579706245486456 ], [ 54.61814017322007, 25.579526582429633 ], [ 54.618050341691657, 25.579526582429633 ], [ 54.618050341691657, 25.57943675090122 ], [ 54.61796051016325, 25.57943675090122 ], [ 54.61796051016325, 25.57934691937281 ], [ 54.617870678634837, 25.57934691937281 ], [ 54.617870678634837, 25.579077424787574 ], [ 54.618409667805309, 25.579077424787574 ], [ 54.618409667805309, 25.578987593259161 ], [ 54.618679162390542, 25.578987593259161 ], [ 54.618679162390542, 25.579077424787574 ], [ 54.618948656975782, 25.579077424787574 ], [ 54.618948656975782, 25.579167256315984 ], [ 54.61957747767466, 25.579167256315984 ], [ 54.61957747767466, 25.579257087844397 ], [ 54.619667309203074, 25.579257087844397 ], [ 54.619667309203074, 25.57934691937281 ], [ 54.619936803788313, 25.57934691937281 ], [ 54.619936803788313, 25.57943675090122 ], [ 54.620116466845133, 25.57943675090122 ], [ 54.620116466845133, 25.579526582429633 ], [ 54.620475792958779, 25.579526582429633 ], [ 54.620475792958779, 25.579616413958046 ], [ 54.620565624487192, 25.579616413958046 ], [ 54.620565624487192, 25.579796077014869 ], [ 54.620655456015605, 25.579796077014869 ], [ 54.620655456015605, 25.579885908543279 ], [ 54.620745287544018, 25.579885908543279 ], [ 54.620745287544018, 25.579975740071692 ], [ 54.620835119072431, 25.579975740071692 ], [ 54.620835119072431, 25.580065571600105 ], [ 54.620924950600845, 25.580065571600105 ], [ 54.620924950600845, 25.580155403128515 ], [ 54.621194445186077, 25.580155403128515 ], [ 54.621194445186077, 25.580245234656928 ], [ 54.621284276714491, 25.580245234656928 ], [ 54.621284276714491, 25.580424897713751 ], [ 54.621374108242904, 25.580424897713751 ], [ 54.621374108242904, 25.580694392298987 ], [ 54.621194445186077, 25.580694392298987 ], [ 54.621194445186077, 25.58087405535581 ], [ 54.621104613657664, 25.58087405535581 ], [ 54.621104613657664, 25.580963886884224 ], [ 54.621194445186077, 25.580963886884224 ], [ 54.621194445186077, 25.581413044526283 ] ], [ [ 54.67967477018226, 25.58123338146946 ], [ 54.679764601710673, 25.58123338146946 ], [ 54.679764601710673, 25.581053718412637 ], [ 54.67967477018226, 25.581053718412637 ], [ 54.67967477018226, 25.580963886884224 ], [ 54.679584938653846, 25.580963886884224 ], [ 54.679584938653846, 25.581143549941046 ], [ 54.67967477018226, 25.581143549941046 ], [ 54.67967477018226, 25.58123338146946 ] ], [ [ 54.588765263429366, 25.580784223827401 ], [ 54.589034758014598, 25.580784223827401 ], [ 54.589034758014598, 25.580694392298987 ], [ 54.589124589543012, 25.580694392298987 ], [ 54.589124589543012, 25.580604560770578 ], [ 54.589214421071425, 25.580604560770578 ], [ 54.589214421071425, 25.580424897713751 ], [ 54.589304252599831, 25.580424897713751 ], [ 54.589304252599831, 25.580155403128515 ], [ 54.589394084128244, 25.580155403128515 ], [ 54.589394084128244, 25.580065571600105 ], [ 54.589483915656658, 25.580065571600105 ], [ 54.589483915656658, 25.579975740071692 ], [ 54.589573747185071, 25.579975740071692 ], [ 54.589573747185071, 25.579885908543279 ], [ 54.589753410241897, 25.579885908543279 ], [ 54.589753410241897, 25.579796077014869 ], [ 54.589843241770303, 25.579796077014869 ], [ 54.589843241770303, 25.579706245486456 ], [ 54.589933073298717, 25.579706245486456 ], [ 54.589933073298717, 25.579616413958046 ], [ 54.59002290482713, 25.579616413958046 ], [ 54.59002290482713, 25.579526582429633 ], [ 54.590112736355543, 25.579526582429633 ], [ 54.590112736355543, 25.579077424787574 ], [ 54.590202567883956, 25.579077424787574 ], [ 54.590202567883956, 25.578897761730747 ], [ 54.590292399412363, 25.578897761730747 ], [ 54.590292399412363, 25.578807930202338 ], [ 54.590382230940776, 25.578807930202338 ], [ 54.590382230940776, 25.578718098673924 ], [ 54.590472062469189, 25.578718098673924 ], [ 54.590472062469189, 25.578628267145515 ], [ 54.590561893997602, 25.578628267145515 ], [ 54.590561893997602, 25.578538435617101 ], [ 54.590651725526016, 25.578538435617101 ], [ 54.590651725526016, 25.577999446446629 ], [ 54.590741557054429, 25.577999446446629 ], [ 54.590741557054429, 25.577819783389806 ], [ 54.588765263429366, 25.577819783389806 ], [ 54.588765263429366, 25.578089277975042 ], [ 54.588585600372539, 25.578089277975042 ], [ 54.588585600372539, 25.578179109503452 ], [ 54.588226274258894, 25.578179109503452 ], [ 54.588226274258894, 25.578268941031865 ], [ 54.58813644273048, 25.578268941031865 ], [ 54.58813644273048, 25.578358772560279 ], [ 54.588046611202067, 25.578358772560279 ], [ 54.588046611202067, 25.577999446446629 ], [ 54.587956779673654, 25.577999446446629 ], [ 54.587956779673654, 25.577819783389806 ], [ 54.587777116616834, 25.577819783389806 ], [ 54.587777116616834, 25.57764012033298 ], [ 54.587687285088421, 25.57764012033298 ], [ 54.587687285088421, 25.577729951861393 ], [ 54.587597453560008, 25.577729951861393 ], [ 54.587597453560008, 25.577819783389806 ], [ 54.587687285088421, 25.577819783389806 ], [ 54.587687285088421, 25.577909614918216 ], [ 54.587777116616834, 25.577909614918216 ], [ 54.587777116616834, 25.579526582429633 ], [ 54.587866948145241, 25.579526582429633 ], [ 54.587866948145241, 25.57934691937281 ], [ 54.587956779673654, 25.57934691937281 ], [ 54.587956779673654, 25.579257087844397 ], [ 54.58813644273048, 25.579257087844397 ], [ 54.58813644273048, 25.579167256315984 ], [ 54.588226274258894, 25.579167256315984 ], [ 54.588226274258894, 25.579257087844397 ], [ 54.588675431900953, 25.579257087844397 ], [ 54.588675431900953, 25.57934691937281 ], [ 54.588765263429366, 25.57934691937281 ], [ 54.588765263429366, 25.57943675090122 ], [ 54.588855094957772, 25.57943675090122 ], [ 54.588855094957772, 25.580245234656928 ], [ 54.588765263429366, 25.580245234656928 ], [ 54.588765263429366, 25.580424897713751 ], [ 54.588675431900953, 25.580424897713751 ], [ 54.588675431900953, 25.580604560770578 ], [ 54.588765263429366, 25.580604560770578 ], [ 54.588765263429366, 25.580784223827401 ] ], [ [ 54.67967477018226, 25.580784223827401 ], [ 54.679764601710673, 25.580784223827401 ], [ 54.679764601710673, 25.580694392298987 ], [ 54.67967477018226, 25.580694392298987 ], [ 54.67967477018226, 25.580784223827401 ] ], [ [ 54.679584938653846, 25.580155403128515 ], [ 54.679764601710673, 25.580155403128515 ], [ 54.679764601710673, 25.578718098673924 ], [ 54.679854433239079, 25.578718098673924 ], [ 54.679854433239079, 25.578179109503452 ], [ 54.679944264767492, 25.578179109503452 ], [ 54.679944264767492, 25.577819783389806 ], [ 54.679854433239079, 25.577819783389806 ], [ 54.679854433239079, 25.57755028880457 ], [ 54.679764601710673, 25.57755028880457 ], [ 54.679764601710673, 25.577370625747747 ], [ 54.679584938653846, 25.577370625747747 ], [ 54.679584938653846, 25.57755028880457 ], [ 54.67940527559702, 25.57755028880457 ], [ 54.67940527559702, 25.57764012033298 ], [ 54.679315444068614, 25.57764012033298 ], [ 54.679315444068614, 25.577729951861393 ], [ 54.679225612540201, 25.577729951861393 ], [ 54.679225612540201, 25.577819783389806 ], [ 54.679584938653846, 25.577819783389806 ], [ 54.679584938653846, 25.577909614918216 ], [ 54.679315444068614, 25.577909614918216 ], [ 54.679315444068614, 25.577999446446629 ], [ 54.67940527559702, 25.577999446446629 ], [ 54.67940527559702, 25.578089277975042 ], [ 54.679495107125433, 25.578089277975042 ], [ 54.679495107125433, 25.577999446446629 ], [ 54.679584938653846, 25.577999446446629 ], [ 54.679584938653846, 25.578358772560279 ], [ 54.67967477018226, 25.578358772560279 ], [ 54.67967477018226, 25.578538435617101 ], [ 54.679764601710673, 25.578538435617101 ], [ 54.679764601710673, 25.578628267145515 ], [ 54.67967477018226, 25.578628267145515 ], [ 54.67967477018226, 25.578718098673924 ], [ 54.679584938653846, 25.578718098673924 ], [ 54.679584938653846, 25.579077424787574 ], [ 54.679495107125433, 25.579077424787574 ], [ 54.679495107125433, 25.57943675090122 ], [ 54.679584938653846, 25.57943675090122 ], [ 54.679584938653846, 25.579616413958046 ], [ 54.679495107125433, 25.579616413958046 ], [ 54.679495107125433, 25.579706245486456 ], [ 54.679584938653846, 25.579706245486456 ], [ 54.679584938653846, 25.580155403128515 ] ], [ [ 54.625865684663502, 25.580065571600105 ], [ 54.626225010777148, 25.580065571600105 ], [ 54.626225010777148, 25.579975740071692 ], [ 54.626404673833967, 25.579975740071692 ], [ 54.626404673833967, 25.579885908543279 ], [ 54.62649450536238, 25.579885908543279 ], [ 54.62649450536238, 25.579796077014869 ], [ 54.626404673833967, 25.579796077014869 ], [ 54.626404673833967, 25.579706245486456 ], [ 54.626314842305561, 25.579706245486456 ], [ 54.626314842305561, 25.579616413958046 ], [ 54.626045347720321, 25.579616413958046 ], [ 54.626045347720321, 25.579526582429633 ], [ 54.625865684663502, 25.579526582429633 ], [ 54.625865684663502, 25.57943675090122 ], [ 54.625596190078262, 25.57943675090122 ], [ 54.625596190078262, 25.57934691937281 ], [ 54.625147032436203, 25.57934691937281 ], [ 54.625147032436203, 25.579257087844397 ], [ 54.62505720090779, 25.579257087844397 ], [ 54.62505720090779, 25.579077424787574 ], [ 54.624967369379377, 25.579077424787574 ], [ 54.624967369379377, 25.578987593259161 ], [ 54.624877537850971, 25.578987593259161 ], [ 54.624877537850971, 25.578897761730747 ], [ 54.624697874794144, 25.578897761730747 ], [ 54.624697874794144, 25.578807930202338 ], [ 54.624248717152085, 25.578807930202338 ], [ 54.624248717152085, 25.578897761730747 ], [ 54.624069054095258, 25.578897761730747 ], [ 54.624069054095258, 25.578807930202338 ], [ 54.623709727981613, 25.578807930202338 ], [ 54.623709727981613, 25.578718098673924 ], [ 54.623619896453199, 25.578718098673924 ], [ 54.623619896453199, 25.578807930202338 ], [ 54.623530064924786, 25.578807930202338 ], [ 54.623530064924786, 25.578897761730747 ], [ 54.623440233396373, 25.578897761730747 ], [ 54.623440233396373, 25.578987593259161 ], [ 54.623530064924786, 25.578987593259161 ], [ 54.623530064924786, 25.579077424787574 ], [ 54.623619896453199, 25.579077424787574 ], [ 54.623619896453199, 25.579167256315984 ], [ 54.623709727981613, 25.579167256315984 ], [ 54.623709727981613, 25.579257087844397 ], [ 54.623979222566845, 25.579257087844397 ], [ 54.623979222566845, 25.57934691937281 ], [ 54.624069054095258, 25.57934691937281 ], [ 54.624069054095258, 25.579616413958046 ], [ 54.624158885623672, 25.579616413958046 ], [ 54.624158885623672, 25.579706245486456 ], [ 54.62505720090779, 25.579706245486456 ], [ 54.62505720090779, 25.579616413958046 ], [ 54.625416527021436, 25.579616413958046 ], [ 54.625416527021436, 25.579706245486456 ], [ 54.625596190078262, 25.579706245486456 ], [ 54.625596190078262, 25.579796077014869 ], [ 54.625686021606676, 25.579796077014869 ], [ 54.625686021606676, 25.579885908543279 ], [ 54.625775853135089, 25.579885908543279 ], [ 54.625775853135089, 25.579975740071692 ], [ 54.625865684663502, 25.579975740071692 ], [ 54.625865684663502, 25.580065571600105 ] ], [ [ 54.679135781011787, 25.579706245486456 ], [ 54.679315444068614, 25.579706245486456 ], [ 54.679315444068614, 25.579616413958046 ], [ 54.67940527559702, 25.579616413958046 ], [ 54.67940527559702, 25.578987593259161 ], [ 54.679135781011787, 25.578987593259161 ], [ 54.679135781011787, 25.579077424787574 ], [ 54.679045949483374, 25.579077424787574 ], [ 54.679045949483374, 25.579167256315984 ], [ 54.678956117954961, 25.579167256315984 ], [ 54.678956117954961, 25.579526582429633 ], [ 54.679045949483374, 25.579526582429633 ], [ 54.679045949483374, 25.579616413958046 ], [ 54.679135781011787, 25.579616413958046 ], [ 54.679135781011787, 25.579706245486456 ] ], [ [ 54.612031629288062, 25.579526582429633 ], [ 54.612570618458527, 25.579526582429633 ], [ 54.612570618458527, 25.57943675090122 ], [ 54.612840113043767, 25.57943675090122 ], [ 54.612840113043767, 25.57934691937281 ], [ 54.61292994457218, 25.57934691937281 ], [ 54.61292994457218, 25.578897761730747 ], [ 54.61266044998694, 25.578897761730747 ], [ 54.61266044998694, 25.578987593259161 ], [ 54.612480786930121, 25.578987593259161 ], [ 54.612480786930121, 25.579077424787574 ], [ 54.612211292344881, 25.579077424787574 ], [ 54.612211292344881, 25.579167256315984 ], [ 54.612121460816468, 25.579167256315984 ], [ 54.612121460816468, 25.579257087844397 ], [ 54.612031629288062, 25.579257087844397 ], [ 54.612031629288062, 25.579526582429633 ] ], [ [ 54.61077398789029, 25.578179109503452 ], [ 54.610863819418704, 25.578179109503452 ], [ 54.610863819418704, 25.577999446446629 ], [ 54.610953650947117, 25.577999446446629 ], [ 54.610953650947117, 25.577819783389806 ], [ 54.611582471645995, 25.577819783389806 ], [ 54.611582471645995, 25.577729951861393 ], [ 54.611492640117589, 25.577729951861393 ], [ 54.611492640117589, 25.57764012033298 ], [ 54.611402808589176, 25.57764012033298 ], [ 54.611402808589176, 25.57755028880457 ], [ 54.611312977060763, 25.57755028880457 ], [ 54.611312977060763, 25.577460457276157 ], [ 54.611402808589176, 25.577460457276157 ], [ 54.611402808589176, 25.577370625747747 ], [ 54.611492640117589, 25.577370625747747 ], [ 54.611492640117589, 25.577280794219334 ], [ 54.611672303174409, 25.577280794219334 ], [ 54.611672303174409, 25.577190962690921 ], [ 54.611941797759648, 25.577190962690921 ], [ 54.611941797759648, 25.577101131162511 ], [ 54.612121460816468, 25.577101131162511 ], [ 54.612121460816468, 25.577011299634098 ], [ 54.612211292344881, 25.577011299634098 ], [ 54.612211292344881, 25.576921468105684 ], [ 54.612301123873294, 25.576921468105684 ], [ 54.612301123873294, 25.576831636577275 ], [ 54.612390955401708, 25.576831636577275 ], [ 54.612390955401708, 25.576741805048862 ], [ 54.612031629288062, 25.576741805048862 ], [ 54.612031629288062, 25.576651973520448 ], [ 54.611402808589176, 25.576651973520448 ], [ 54.611402808589176, 25.576562141992039 ], [ 54.610953650947117, 25.576562141992039 ], [ 54.610953650947117, 25.576472310463625 ], [ 54.610863819418704, 25.576472310463625 ], [ 54.610863819418704, 25.576292647406802 ], [ 54.61077398789029, 25.576292647406802 ], [ 54.61077398789029, 25.576382478935216 ], [ 54.610684156361877, 25.576382478935216 ], [ 54.610684156361877, 25.576472310463625 ], [ 54.610414661776645, 25.576472310463625 ], [ 54.610414661776645, 25.576382478935216 ], [ 54.609785841077759, 25.576382478935216 ], [ 54.609785841077759, 25.576472310463625 ], [ 54.609157020378873, 25.576472310463625 ], [ 54.609157020378873, 25.576562141992039 ], [ 54.609067188850467, 25.576562141992039 ], [ 54.609067188850467, 25.576651973520448 ], [ 54.608977357322054, 25.576651973520448 ], [ 54.608977357322054, 25.576741805048862 ], [ 54.608258705094755, 25.576741805048862 ], [ 54.608258705094755, 25.576651973520448 ], [ 54.608079042037936, 25.576651973520448 ], [ 54.608079042037936, 25.576562141992039 ], [ 54.607989210509523, 25.576562141992039 ], [ 54.607989210509523, 25.576472310463625 ], [ 54.607899378981109, 25.576472310463625 ], [ 54.607899378981109, 25.576382478935216 ], [ 54.607809547452696, 25.576382478935216 ], [ 54.607809547452696, 25.576292647406802 ], [ 54.607540052867463, 25.576292647406802 ], [ 54.607540052867463, 25.576202815878389 ], [ 54.60745022133905, 25.576202815878389 ], [ 54.60745022133905, 25.576112984349979 ], [ 54.607180726753811, 25.576112984349979 ], [ 54.607180726753811, 25.576023152821566 ], [ 54.607001063696991, 25.576023152821566 ], [ 54.607001063696991, 25.576112984349979 ], [ 54.606551906054932, 25.576112984349979 ], [ 54.606551906054932, 25.576202815878389 ], [ 54.606282411469692, 25.576202815878389 ], [ 54.606282411469692, 25.576292647406802 ], [ 54.606102748412873, 25.576292647406802 ], [ 54.606102748412873, 25.576472310463625 ], [ 54.60601291688446, 25.576472310463625 ], [ 54.60601291688446, 25.576831636577275 ], [ 54.606102748412873, 25.576831636577275 ], [ 54.606102748412873, 25.577280794219334 ], [ 54.606192579941279, 25.577280794219334 ], [ 54.606192579941279, 25.577460457276157 ], [ 54.606282411469692, 25.577460457276157 ], [ 54.606282411469692, 25.57755028880457 ], [ 54.606192579941279, 25.57755028880457 ], [ 54.606192579941279, 25.57764012033298 ], [ 54.60601291688446, 25.57764012033298 ], [ 54.60601291688446, 25.577729951861393 ], [ 54.605833253827633, 25.577729951861393 ], [ 54.605833253827633, 25.577819783389806 ], [ 54.606821400640165, 25.577819783389806 ], [ 54.606821400640165, 25.57764012033298 ], [ 54.606641737583338, 25.57764012033298 ], [ 54.606641737583338, 25.57755028880457 ], [ 54.606551906054932, 25.57755028880457 ], [ 54.606551906054932, 25.577460457276157 ], [ 54.606731569111751, 25.577460457276157 ], [ 54.606731569111751, 25.577370625747747 ], [ 54.60745022133905, 25.577370625747747 ], [ 54.60745022133905, 25.577280794219334 ], [ 54.607540052867463, 25.577280794219334 ], [ 54.607540052867463, 25.577190962690921 ], [ 54.607719715924283, 25.577190962690921 ], [ 54.607719715924283, 25.577101131162511 ], [ 54.608079042037936, 25.577101131162511 ], [ 54.608079042037936, 25.577011299634098 ], [ 54.608438368151582, 25.577011299634098 ], [ 54.608438368151582, 25.577101131162511 ], [ 54.608707862736814, 25.577101131162511 ], [ 54.608707862736814, 25.577011299634098 ], [ 54.608887525793641, 25.577011299634098 ], [ 54.608887525793641, 25.577101131162511 ], [ 54.609067188850467, 25.577101131162511 ], [ 54.609067188850467, 25.577190962690921 ], [ 54.609246851907287, 25.577190962690921 ], [ 54.609246851907287, 25.577280794219334 ], [ 54.609426514964113, 25.577280794219334 ], [ 54.609426514964113, 25.577370625747747 ], [ 54.609516346492526, 25.577370625747747 ], [ 54.609516346492526, 25.577460457276157 ], [ 54.609606178020933, 25.577460457276157 ], [ 54.609606178020933, 25.57764012033298 ], [ 54.609426514964113, 25.57764012033298 ], [ 54.609426514964113, 25.577819783389806 ], [ 54.610594324833464, 25.577819783389806 ], [ 54.610594324833464, 25.577999446446629 ], [ 54.610684156361877, 25.577999446446629 ], [ 54.610684156361877, 25.578089277975042 ], [ 54.61077398789029, 25.578089277975042 ], [ 54.61077398789029, 25.578179109503452 ] ], [ [ 54.680213759352732, 25.578089277975042 ], [ 54.680303590881145, 25.578089277975042 ], [ 54.680303590881145, 25.577999446446629 ], [ 54.680573085466378, 25.577999446446629 ], [ 54.680573085466378, 25.577909614918216 ], [ 54.680662916994791, 25.577909614918216 ], [ 54.680662916994791, 25.577819783389806 ], [ 54.680123927824319, 25.577819783389806 ], [ 54.680123927824319, 25.577909614918216 ], [ 54.680213759352732, 25.577909614918216 ], [ 54.680213759352732, 25.578089277975042 ] ], [ [ 54.63368102763534, 25.577909614918216 ], [ 54.633770859163754, 25.577909614918216 ], [ 54.633770859163754, 25.577819783389806 ], [ 54.63386069069216, 25.577819783389806 ], [ 54.63386069069216, 25.577729951861393 ], [ 54.633770859163754, 25.577729951861393 ], [ 54.633770859163754, 25.57764012033298 ], [ 54.63368102763534, 25.57764012033298 ], [ 54.63368102763534, 25.577729951861393 ], [ 54.633591196106927, 25.577729951861393 ], [ 54.633591196106927, 25.577819783389806 ], [ 54.63368102763534, 25.577819783389806 ], [ 54.63368102763534, 25.577909614918216 ] ], [ [ 54.656677898908796, 25.577909614918216 ], [ 54.656857561965623, 25.577909614918216 ], [ 54.656857561965623, 25.577729951861393 ], [ 54.65676773043721, 25.577729951861393 ], [ 54.65676773043721, 25.57764012033298 ], [ 54.656588067380383, 25.57764012033298 ], [ 54.656588067380383, 25.577819783389806 ], [ 54.656677898908796, 25.577819783389806 ], [ 54.656677898908796, 25.577909614918216 ] ], [ [ 54.620385961430372, 25.577280794219334 ], [ 54.620475792958779, 25.577280794219334 ], [ 54.620475792958779, 25.577190962690921 ], [ 54.620745287544018, 25.577190962690921 ], [ 54.620745287544018, 25.577011299634098 ], [ 54.621104613657664, 25.577011299634098 ], [ 54.621104613657664, 25.576921468105684 ], [ 54.621194445186077, 25.576921468105684 ], [ 54.621194445186077, 25.576831636577275 ], [ 54.621284276714491, 25.576831636577275 ], [ 54.621284276714491, 25.576651973520448 ], [ 54.621374108242904, 25.576651973520448 ], [ 54.621374108242904, 25.576472310463625 ], [ 54.62146393977131, 25.576472310463625 ], [ 54.62146393977131, 25.576202815878389 ], [ 54.621553771299723, 25.576202815878389 ], [ 54.621553771299723, 25.576023152821566 ], [ 54.621643602828136, 25.576023152821566 ], [ 54.621643602828136, 25.57575365823633 ], [ 54.621553771299723, 25.57575365823633 ], [ 54.621553771299723, 25.575663826707917 ], [ 54.62146393977131, 25.575663826707917 ], [ 54.62146393977131, 25.57575365823633 ], [ 54.621374108242904, 25.57575365823633 ], [ 54.621374108242904, 25.575843489764743 ], [ 54.621284276714491, 25.575843489764743 ], [ 54.621284276714491, 25.57575365823633 ], [ 54.621104613657664, 25.57575365823633 ], [ 54.621104613657664, 25.575484163651094 ], [ 54.621374108242904, 25.575484163651094 ], [ 54.621374108242904, 25.575394332122684 ], [ 54.62146393977131, 25.575394332122684 ], [ 54.62146393977131, 25.575304500594271 ], [ 54.621553771299723, 25.575304500594271 ], [ 54.621553771299723, 25.574855342952212 ], [ 54.621284276714491, 25.574855342952212 ], [ 54.621284276714491, 25.574945174480622 ], [ 54.621194445186077, 25.574945174480622 ], [ 54.621194445186077, 25.574765511423799 ], [ 54.621104613657664, 25.574765511423799 ], [ 54.621104613657664, 25.574585848366976 ], [ 54.621194445186077, 25.574585848366976 ], [ 54.621194445186077, 25.574406185310153 ], [ 54.621284276714491, 25.574406185310153 ], [ 54.621284276714491, 25.574226522253326 ], [ 54.621374108242904, 25.574226522253326 ], [ 54.621374108242904, 25.57395702766809 ], [ 54.62146393977131, 25.57395702766809 ], [ 54.62146393977131, 25.57386719613968 ], [ 54.62173343435655, 25.57386719613968 ], [ 54.62173343435655, 25.573597701554444 ], [ 54.621823265884963, 25.573597701554444 ], [ 54.621823265884963, 25.573328206969208 ], [ 54.62173343435655, 25.573328206969208 ], [ 54.62173343435655, 25.573238375440795 ], [ 54.621194445186077, 25.573238375440795 ], [ 54.621194445186077, 25.573328206969208 ], [ 54.620924950600845, 25.573328206969208 ], [ 54.620924950600845, 25.573418038497621 ], [ 54.620745287544018, 25.573418038497621 ], [ 54.620745287544018, 25.573328206969208 ], [ 54.620565624487192, 25.573328206969208 ], [ 54.620565624487192, 25.573238375440795 ], [ 54.620385961430372, 25.573238375440795 ], [ 54.620385961430372, 25.573148543912385 ], [ 54.620296129901959, 25.573148543912385 ], [ 54.620296129901959, 25.572968880855559 ], [ 54.620206298373546, 25.572968880855559 ], [ 54.620206298373546, 25.572879049327149 ], [ 54.620116466845133, 25.572879049327149 ], [ 54.620116466845133, 25.572789217798736 ], [ 54.620026635316719, 25.572789217798736 ], [ 54.620026635316719, 25.572699386270322 ], [ 54.619936803788313, 25.572699386270322 ], [ 54.619936803788313, 25.572609554741913 ], [ 54.619757140731487, 25.572609554741913 ], [ 54.619757140731487, 25.5725197232135 ], [ 54.61957747767466, 25.5725197232135 ], [ 54.61957747767466, 25.57242989168509 ], [ 54.619487646146247, 25.57242989168509 ], [ 54.619487646146247, 25.572340060156677 ], [ 54.619397814617841, 25.572340060156677 ], [ 54.619397814617841, 25.572160397099854 ], [ 54.619307983089428, 25.572160397099854 ], [ 54.619307983089428, 25.57207056557144 ], [ 54.619218151561014, 25.57207056557144 ], [ 54.619218151561014, 25.571980734043027 ], [ 54.619038488504188, 25.571980734043027 ], [ 54.619038488504188, 25.571711239457791 ], [ 54.619128320032601, 25.571711239457791 ], [ 54.619128320032601, 25.571262081815732 ], [ 54.619038488504188, 25.571262081815732 ], [ 54.619038488504188, 25.570992587230496 ], [ 54.619128320032601, 25.570992587230496 ], [ 54.619128320032601, 25.570453598060027 ], [ 54.619038488504188, 25.570453598060027 ], [ 54.619038488504188, 25.570184103474791 ], [ 54.618948656975782, 25.570184103474791 ], [ 54.618948656975782, 25.570004440417964 ], [ 54.619038488504188, 25.570004440417964 ], [ 54.619038488504188, 25.569824777361141 ], [ 54.619128320032601, 25.569824777361141 ], [ 54.619128320032601, 25.569734945832728 ], [ 54.619307983089428, 25.569734945832728 ], [ 54.619307983089428, 25.569645114304318 ], [ 54.619397814617841, 25.569645114304318 ], [ 54.619397814617841, 25.569555282775905 ], [ 54.619487646146247, 25.569555282775905 ], [ 54.619487646146247, 25.569465451247495 ], [ 54.61957747767466, 25.569465451247495 ], [ 54.61957747767466, 25.569375619719082 ], [ 54.619667309203074, 25.569375619719082 ], [ 54.619667309203074, 25.569285788190669 ], [ 54.620565624487192, 25.569285788190669 ], [ 54.620565624487192, 25.569375619719082 ], [ 54.620655456015605, 25.569375619719082 ], [ 54.620655456015605, 25.569465451247495 ], [ 54.620745287544018, 25.569465451247495 ], [ 54.620745287544018, 25.569375619719082 ], [ 54.620835119072431, 25.569375619719082 ], [ 54.620835119072431, 25.569285788190669 ], [ 54.620924950600845, 25.569285788190669 ], [ 54.620924950600845, 25.569106125133846 ], [ 54.620835119072431, 25.569106125133846 ], [ 54.620835119072431, 25.569016293605433 ], [ 54.620116466845133, 25.569016293605433 ], [ 54.620116466845133, 25.568926462077023 ], [ 54.619936803788313, 25.568926462077023 ], [ 54.619936803788313, 25.56883663054861 ], [ 54.6198469722599, 25.56883663054861 ], [ 54.6198469722599, 25.568746799020197 ], [ 54.619397814617841, 25.568746799020197 ], [ 54.619397814617841, 25.568656967491787 ], [ 54.618589330862129, 25.568656967491787 ], [ 54.618589330862129, 25.568746799020197 ], [ 54.618319836276896, 25.568746799020197 ], [ 54.618319836276896, 25.568656967491787 ], [ 54.617870678634837, 25.568656967491787 ], [ 54.617870678634837, 25.568746799020197 ], [ 54.617691015578011, 25.568746799020197 ], [ 54.617691015578011, 25.56883663054861 ], [ 54.617511352521184, 25.56883663054861 ], [ 54.617511352521184, 25.568926462077023 ], [ 54.617331689464365, 25.568926462077023 ], [ 54.617331689464365, 25.569016293605433 ], [ 54.617152026407538, 25.569016293605433 ], [ 54.617152026407538, 25.569106125133846 ], [ 54.616882531822306, 25.569106125133846 ], [ 54.616882531822306, 25.569016293605433 ], [ 54.616074048066594, 25.569016293605433 ], [ 54.616074048066594, 25.569106125133846 ], [ 54.615894385009774, 25.569106125133846 ], [ 54.615894385009774, 25.569195956662259 ], [ 54.615714721952948, 25.569195956662259 ], [ 54.615714721952948, 25.569285788190669 ], [ 54.615624890424534, 25.569285788190669 ], [ 54.615624890424534, 25.569375619719082 ], [ 54.615535058896121, 25.569375619719082 ], [ 54.615535058896121, 25.569465451247495 ], [ 54.615445227367715, 25.569465451247495 ], [ 54.615445227367715, 25.569645114304318 ], [ 54.615355395839302, 25.569645114304318 ], [ 54.615355395839302, 25.569824777361141 ], [ 54.615265564310889, 25.569824777361141 ], [ 54.615265564310889, 25.570004440417964 ], [ 54.615175732782475, 25.570004440417964 ], [ 54.615175732782475, 25.570453598060027 ], [ 54.615085901254062, 25.570453598060027 ], [ 54.615085901254062, 25.570543429588437 ], [ 54.614726575140416, 25.570543429588437 ], [ 54.614726575140416, 25.57063326111685 ], [ 54.61454691208359, 25.57063326111685 ], [ 54.61454691208359, 25.570812924173673 ], [ 54.614457080555184, 25.570812924173673 ], [ 54.614457080555184, 25.571172250287322 ], [ 54.61481640666883, 25.571172250287322 ], [ 54.61481640666883, 25.571082418758909 ], [ 54.614906238197243, 25.571082418758909 ], [ 54.614906238197243, 25.570992587230496 ], [ 54.614996069725656, 25.570992587230496 ], [ 54.614996069725656, 25.570902755702086 ], [ 54.615175732782475, 25.570902755702086 ], [ 54.615175732782475, 25.570812924173673 ], [ 54.615265564310889, 25.570812924173673 ], [ 54.615265564310889, 25.570902755702086 ], [ 54.615355395839302, 25.570902755702086 ], [ 54.615355395839302, 25.570992587230496 ], [ 54.615535058896121, 25.570992587230496 ], [ 54.615535058896121, 25.571082418758909 ], [ 54.615624890424534, 25.571082418758909 ], [ 54.615624890424534, 25.571172250287322 ], [ 54.615804553481361, 25.571172250287322 ], [ 54.615804553481361, 25.571262081815732 ], [ 54.615984216538187, 25.571262081815732 ], [ 54.615984216538187, 25.571351913344145 ], [ 54.616163879595007, 25.571351913344145 ], [ 54.616163879595007, 25.571441744872558 ], [ 54.616613037237066, 25.571441744872558 ], [ 54.616613037237066, 25.571351913344145 ], [ 54.617152026407538, 25.571351913344145 ], [ 54.617152026407538, 25.571441744872558 ], [ 54.617241857935952, 25.571441744872558 ], [ 54.617241857935952, 25.571531576400968 ], [ 54.617421520992778, 25.571531576400968 ], [ 54.617421520992778, 25.571621407929381 ], [ 54.617511352521184, 25.571621407929381 ], [ 54.617511352521184, 25.571711239457791 ], [ 54.617601184049597, 25.571711239457791 ], [ 54.617601184049597, 25.571801070986204 ], [ 54.617691015578011, 25.571801070986204 ], [ 54.617691015578011, 25.571890902514617 ], [ 54.617780847106424, 25.571890902514617 ], [ 54.617780847106424, 25.572340060156677 ], [ 54.617870678634837, 25.572340060156677 ], [ 54.617870678634837, 25.57242989168509 ], [ 54.61796051016325, 25.57242989168509 ], [ 54.61796051016325, 25.572609554741913 ], [ 54.617870678634837, 25.572609554741913 ], [ 54.617870678634837, 25.572699386270322 ], [ 54.617780847106424, 25.572699386270322 ], [ 54.617780847106424, 25.572789217798736 ], [ 54.617691015578011, 25.572789217798736 ], [ 54.617691015578011, 25.572879049327149 ], [ 54.617511352521184, 25.572879049327149 ], [ 54.617511352521184, 25.572968880855559 ], [ 54.617241857935952, 25.572968880855559 ], [ 54.617241857935952, 25.573148543912385 ], [ 54.617152026407538, 25.573148543912385 ], [ 54.617152026407538, 25.573238375440795 ], [ 54.617062194879125, 25.573238375440795 ], [ 54.617062194879125, 25.573328206969208 ], [ 54.616972363350719, 25.573328206969208 ], [ 54.616972363350719, 25.573687533082854 ], [ 54.616882531822306, 25.573687533082854 ], [ 54.616882531822306, 25.574136690724917 ], [ 54.616972363350719, 25.574136690724917 ], [ 54.616972363350719, 25.57431635378174 ], [ 54.617062194879125, 25.57431635378174 ], [ 54.617062194879125, 25.574585848366976 ], [ 54.616972363350719, 25.574585848366976 ], [ 54.616972363350719, 25.574675679895385 ], [ 54.616792700293892, 25.574675679895385 ], [ 54.616792700293892, 25.574765511423799 ], [ 54.616523205708653, 25.574765511423799 ], [ 54.616523205708653, 25.574855342952212 ], [ 54.61625371112342, 25.574855342952212 ], [ 54.61625371112342, 25.574945174480622 ], [ 54.615894385009774, 25.574945174480622 ], [ 54.615894385009774, 25.574855342952212 ], [ 54.615535058896121, 25.574855342952212 ], [ 54.615535058896121, 25.574765511423799 ], [ 54.615445227367715, 25.574765511423799 ], [ 54.615445227367715, 25.574675679895385 ], [ 54.615355395839302, 25.574675679895385 ], [ 54.615355395839302, 25.574585848366976 ], [ 54.615265564310889, 25.574585848366976 ], [ 54.615265564310889, 25.574496016838562 ], [ 54.615175732782475, 25.574496016838562 ], [ 54.615175732782475, 25.574406185310153 ], [ 54.615085901254062, 25.574406185310153 ], [ 54.615085901254062, 25.574046859196503 ], [ 54.614996069725656, 25.574046859196503 ], [ 54.614996069725656, 25.57395702766809 ], [ 54.614906238197243, 25.57395702766809 ], [ 54.614906238197243, 25.57386719613968 ], [ 54.61481640666883, 25.57386719613968 ], [ 54.61481640666883, 25.573777364611267 ], [ 54.614726575140416, 25.573777364611267 ], [ 54.614726575140416, 25.573687533082854 ], [ 54.614636743612003, 25.573687533082854 ], [ 54.614636743612003, 25.573597701554444 ], [ 54.61454691208359, 25.573597701554444 ], [ 54.61454691208359, 25.573507870026031 ], [ 54.614457080555184, 25.573507870026031 ], [ 54.614457080555184, 25.573418038497621 ], [ 54.614277417498357, 25.573418038497621 ], [ 54.614277417498357, 25.573328206969208 ], [ 54.613918091384711, 25.573328206969208 ], [ 54.613918091384711, 25.573418038497621 ], [ 54.613648596799472, 25.573418038497621 ], [ 54.613648596799472, 25.573328206969208 ], [ 54.613109607628999, 25.573328206969208 ], [ 54.613109607628999, 25.573238375440795 ], [ 54.61292994457218, 25.573238375440795 ], [ 54.61292994457218, 25.573328206969208 ], [ 54.612570618458527, 25.573328206969208 ], [ 54.612570618458527, 25.573418038497621 ], [ 54.612480786930121, 25.573418038497621 ], [ 54.612480786930121, 25.573507870026031 ], [ 54.612301123873294, 25.573507870026031 ], [ 54.612301123873294, 25.573687533082854 ], [ 54.612211292344881, 25.573687533082854 ], [ 54.612211292344881, 25.574136690724917 ], [ 54.612301123873294, 25.574136690724917 ], [ 54.612301123873294, 25.574226522253326 ], [ 54.612480786930121, 25.574226522253326 ], [ 54.612480786930121, 25.57431635378174 ], [ 54.612570618458527, 25.57431635378174 ], [ 54.612570618458527, 25.574406185310153 ], [ 54.61266044998694, 25.574406185310153 ], [ 54.61266044998694, 25.574496016838562 ], [ 54.612750281515353, 25.574496016838562 ], [ 54.612750281515353, 25.574585848366976 ], [ 54.612840113043767, 25.574585848366976 ], [ 54.612840113043767, 25.574675679895385 ], [ 54.61292994457218, 25.574675679895385 ], [ 54.61292994457218, 25.574855342952212 ], [ 54.613019776100593, 25.574855342952212 ], [ 54.613019776100593, 25.575394332122684 ], [ 54.613109607628999, 25.575394332122684 ], [ 54.613109607628999, 25.575484163651094 ], [ 54.613199439157412, 25.575484163651094 ], [ 54.613199439157412, 25.575573995179507 ], [ 54.613289270685826, 25.575573995179507 ], [ 54.613289270685826, 25.57575365823633 ], [ 54.613379102214239, 25.57575365823633 ], [ 54.613379102214239, 25.575933321293153 ], [ 54.613828259856298, 25.575933321293153 ], [ 54.613828259856298, 25.575843489764743 ], [ 54.613918091384711, 25.575843489764743 ], [ 54.613918091384711, 25.57575365823633 ], [ 54.614007922913125, 25.57575365823633 ], [ 54.614007922913125, 25.575663826707917 ], [ 54.614187585969944, 25.575663826707917 ], [ 54.614187585969944, 25.575573995179507 ], [ 54.614457080555184, 25.575573995179507 ], [ 54.614457080555184, 25.575484163651094 ], [ 54.614726575140416, 25.575484163651094 ], [ 54.614726575140416, 25.575573995179507 ], [ 54.61481640666883, 25.575573995179507 ], [ 54.61481640666883, 25.575663826707917 ], [ 54.614906238197243, 25.575663826707917 ], [ 54.614906238197243, 25.57575365823633 ], [ 54.615085901254062, 25.57575365823633 ], [ 54.615085901254062, 25.575843489764743 ], [ 54.615894385009774, 25.575843489764743 ], [ 54.615894385009774, 25.575933321293153 ], [ 54.616074048066594, 25.575933321293153 ], [ 54.616074048066594, 25.576023152821566 ], [ 54.616343542651833, 25.576023152821566 ], [ 54.616343542651833, 25.576112984349979 ], [ 54.616613037237066, 25.576112984349979 ], [ 54.616613037237066, 25.576202815878389 ], [ 54.617691015578011, 25.576202815878389 ], [ 54.617691015578011, 25.576112984349979 ], [ 54.617870678634837, 25.576112984349979 ], [ 54.617870678634837, 25.576023152821566 ], [ 54.618050341691657, 25.576023152821566 ], [ 54.618050341691657, 25.576112984349979 ], [ 54.618319836276896, 25.576112984349979 ], [ 54.618319836276896, 25.576202815878389 ], [ 54.618589330862129, 25.576202815878389 ], [ 54.618589330862129, 25.576292647406802 ], [ 54.618679162390542, 25.576292647406802 ], [ 54.618679162390542, 25.576382478935216 ], [ 54.618858825447369, 25.576382478935216 ], [ 54.618858825447369, 25.576472310463625 ], [ 54.618948656975782, 25.576472310463625 ], [ 54.618948656975782, 25.576562141992039 ], [ 54.619038488504188, 25.576562141992039 ], [ 54.619038488504188, 25.576651973520448 ], [ 54.619128320032601, 25.576651973520448 ], [ 54.619128320032601, 25.576741805048862 ], [ 54.619307983089428, 25.576741805048862 ], [ 54.619307983089428, 25.576831636577275 ], [ 54.619397814617841, 25.576831636577275 ], [ 54.619397814617841, 25.576921468105684 ], [ 54.620026635316719, 25.576921468105684 ], [ 54.620026635316719, 25.577011299634098 ], [ 54.620116466845133, 25.577011299634098 ], [ 54.620116466845133, 25.577101131162511 ], [ 54.620206298373546, 25.577101131162511 ], [ 54.620206298373546, 25.577190962690921 ], [ 54.620385961430372, 25.577190962690921 ], [ 54.620385961430372, 25.577280794219334 ] ], [ [ 54.67967477018226, 25.577280794219334 ], [ 54.679764601710673, 25.577280794219334 ], [ 54.679764601710673, 25.577011299634098 ], [ 54.67967477018226, 25.577011299634098 ], [ 54.67967477018226, 25.577280794219334 ] ], [ [ 54.583914360895115, 25.576472310463625 ], [ 54.585082170764473, 25.576472310463625 ], [ 54.585082170764473, 25.576382478935216 ], [ 54.585261833821299, 25.576382478935216 ], [ 54.585261833821299, 25.576292647406802 ], [ 54.585890654520178, 25.576292647406802 ], [ 54.585890654520178, 25.576202815878389 ], [ 54.585980486048591, 25.576202815878389 ], [ 54.585980486048591, 25.576112984349979 ], [ 54.586070317577004, 25.576112984349979 ], [ 54.586070317577004, 25.576023152821566 ], [ 54.586160149105417, 25.576023152821566 ], [ 54.586160149105417, 25.575933321293153 ], [ 54.586249980633831, 25.575933321293153 ], [ 54.586249980633831, 25.575843489764743 ], [ 54.586339812162237, 25.575843489764743 ], [ 54.586339812162237, 25.57575365823633 ], [ 54.586519475219063, 25.57575365823633 ], [ 54.586519475219063, 25.575573995179507 ], [ 54.58669913827589, 25.575573995179507 ], [ 54.58669913827589, 25.575484163651094 ], [ 54.586788969804303, 25.575484163651094 ], [ 54.586788969804303, 25.575394332122684 ], [ 54.586878801332709, 25.575394332122684 ], [ 54.586878801332709, 25.575214669065858 ], [ 54.586968632861122, 25.575214669065858 ], [ 54.586968632861122, 25.575124837537448 ], [ 54.587058464389536, 25.575124837537448 ], [ 54.587058464389536, 25.575035006009035 ], [ 54.587327958974768, 25.575035006009035 ], [ 54.587327958974768, 25.574945174480622 ], [ 54.587417790503181, 25.574945174480622 ], [ 54.587417790503181, 25.574855342952212 ], [ 54.587507622031595, 25.574855342952212 ], [ 54.587507622031595, 25.574945174480622 ], [ 54.587597453560008, 25.574945174480622 ], [ 54.587597453560008, 25.575035006009035 ], [ 54.587777116616834, 25.575035006009035 ], [ 54.587777116616834, 25.574855342952212 ], [ 54.587866948145241, 25.574855342952212 ], [ 54.587866948145241, 25.574675679895385 ], [ 54.587956779673654, 25.574675679895385 ], [ 54.587956779673654, 25.574585848366976 ], [ 54.588046611202067, 25.574585848366976 ], [ 54.588046611202067, 25.574496016838562 ], [ 54.5883161057873, 25.574496016838562 ], [ 54.5883161057873, 25.574406185310153 ], [ 54.588495768844126, 25.574406185310153 ], [ 54.588495768844126, 25.57431635378174 ], [ 54.588675431900953, 25.57431635378174 ], [ 54.588675431900953, 25.574226522253326 ], [ 54.588765263429366, 25.574226522253326 ], [ 54.588765263429366, 25.574136690724917 ], [ 54.589034758014598, 25.574136690724917 ], [ 54.589034758014598, 25.574046859196503 ], [ 54.589124589543012, 25.574046859196503 ], [ 54.589124589543012, 25.57395702766809 ], [ 54.589573747185071, 25.57395702766809 ], [ 54.589573747185071, 25.57386719613968 ], [ 54.589753410241897, 25.57386719613968 ], [ 54.589753410241897, 25.573777364611267 ], [ 54.589933073298717, 25.573777364611267 ], [ 54.589933073298717, 25.573687533082854 ], [ 54.59002290482713, 25.573687533082854 ], [ 54.59002290482713, 25.573597701554444 ], [ 54.590831388582835, 25.573597701554444 ], [ 54.590831388582835, 25.573507870026031 ], [ 54.591011051639661, 25.573507870026031 ], [ 54.591011051639661, 25.573418038497621 ], [ 54.591280546224894, 25.573418038497621 ], [ 54.591280546224894, 25.573328206969208 ], [ 54.59190936692378, 25.573328206969208 ], [ 54.59190936692378, 25.573418038497621 ], [ 54.592089029980606, 25.573418038497621 ], [ 54.592089029980606, 25.573507870026031 ], [ 54.592268693037425, 25.573507870026031 ], [ 54.592268693037425, 25.573597701554444 ], [ 54.592358524565839, 25.573597701554444 ], [ 54.592358524565839, 25.573687533082854 ], [ 54.592897513736311, 25.573687533082854 ], [ 54.592897513736311, 25.573597701554444 ], [ 54.593167008321551, 25.573597701554444 ], [ 54.593167008321551, 25.573507870026031 ], [ 54.59334667137837, 25.573507870026031 ], [ 54.59334667137837, 25.573418038497621 ], [ 54.593526334435197, 25.573418038497621 ], [ 54.593526334435197, 25.573328206969208 ], [ 54.59361616596361, 25.573328206969208 ], [ 54.59361616596361, 25.573238375440795 ], [ 54.593705997492023, 25.573238375440795 ], [ 54.593705997492023, 25.573148543912385 ], [ 54.593795829020429, 25.573148543912385 ], [ 54.593795829020429, 25.573058712383972 ], [ 54.594244986662488, 25.573058712383972 ], [ 54.594244986662488, 25.572968880855559 ], [ 54.594514481247728, 25.572968880855559 ], [ 54.594514481247728, 25.572879049327149 ], [ 54.594604312776141, 25.572879049327149 ], [ 54.594604312776141, 25.572789217798736 ], [ 54.594694144304555, 25.572789217798736 ], [ 54.594694144304555, 25.572699386270322 ], [ 54.594783975832961, 25.572699386270322 ], [ 54.594783975832961, 25.5725197232135 ], [ 54.594873807361374, 25.5725197232135 ], [ 54.594873807361374, 25.57242989168509 ], [ 54.594963638889787, 25.57242989168509 ], [ 54.594963638889787, 25.572250228628263 ], [ 54.5950534704182, 25.572250228628263 ], [ 54.5950534704182, 25.572160397099854 ], [ 54.59523313347502, 25.572160397099854 ], [ 54.59523313347502, 25.57207056557144 ], [ 54.595412796531846, 25.57207056557144 ], [ 54.595412796531846, 25.571980734043027 ], [ 54.595682291117086, 25.571980734043027 ], [ 54.595682291117086, 25.571890902514617 ], [ 54.596041617230732, 25.571890902514617 ], [ 54.596041617230732, 25.571801070986204 ], [ 54.596400943344378, 25.571801070986204 ], [ 54.596400943344378, 25.571711239457791 ], [ 54.59693993251485, 25.571711239457791 ], [ 54.59693993251485, 25.571801070986204 ], [ 54.597119595571677, 25.571801070986204 ], [ 54.597119595571677, 25.571890902514617 ], [ 54.597478921685322, 25.571890902514617 ], [ 54.597478921685322, 25.571980734043027 ], [ 54.597658584742149, 25.571980734043027 ], [ 54.597658584742149, 25.571890902514617 ], [ 54.597928079327382, 25.571890902514617 ], [ 54.597928079327382, 25.571711239457791 ], [ 54.598017910855795, 25.571711239457791 ], [ 54.598017910855795, 25.571621407929381 ], [ 54.598107742384208, 25.571621407929381 ], [ 54.598107742384208, 25.571531576400968 ], [ 54.598287405441027, 25.571531576400968 ], [ 54.598287405441027, 25.571621407929381 ], [ 54.598556900026267, 25.571621407929381 ], [ 54.598556900026267, 25.571531576400968 ], [ 54.598736563083087, 25.571531576400968 ], [ 54.598736563083087, 25.571441744872558 ], [ 54.5988263946115, 25.571441744872558 ], [ 54.5988263946115, 25.571262081815732 ], [ 54.598916226139913, 25.571262081815732 ], [ 54.598916226139913, 25.571082418758909 ], [ 54.599006057668326, 25.571082418758909 ], [ 54.599006057668326, 25.570992587230496 ], [ 54.59909588919674, 25.570992587230496 ], [ 54.59909588919674, 25.570902755702086 ], [ 54.599275552253559, 25.570902755702086 ], [ 54.599275552253559, 25.570812924173673 ], [ 54.599365383781972, 25.570812924173673 ], [ 54.599365383781972, 25.570902755702086 ], [ 54.599545046838799, 25.570902755702086 ], [ 54.599545046838799, 25.570992587230496 ], [ 54.599634878367212, 25.570992587230496 ], [ 54.599634878367212, 25.571082418758909 ], [ 54.599724709895618, 25.571082418758909 ], [ 54.599724709895618, 25.571621407929381 ], [ 54.599814541424031, 25.571621407929381 ], [ 54.599814541424031, 25.571801070986204 ], [ 54.599904372952444, 25.571801070986204 ], [ 54.599904372952444, 25.571890902514617 ], [ 54.600084036009271, 25.571890902514617 ], [ 54.600084036009271, 25.571980734043027 ], [ 54.600173867537677, 25.571980734043027 ], [ 54.600173867537677, 25.57207056557144 ], [ 54.600353530594504, 25.57207056557144 ], [ 54.600353530594504, 25.572160397099854 ], [ 54.600443362122917, 25.572160397099854 ], [ 54.600443362122917, 25.572250228628263 ], [ 54.600982351293389, 25.572250228628263 ], [ 54.600982351293389, 25.572340060156677 ], [ 54.601790835049094, 25.572340060156677 ], [ 54.601790835049094, 25.572250228628263 ], [ 54.601880666577507, 25.572250228628263 ], [ 54.601880666577507, 25.572160397099854 ], [ 54.602060329634334, 25.572160397099854 ], [ 54.602060329634334, 25.57207056557144 ], [ 54.602150161162747, 25.57207056557144 ], [ 54.602150161162747, 25.571980734043027 ], [ 54.602509487276393, 25.571980734043027 ], [ 54.602509487276393, 25.571890902514617 ], [ 54.602868813390039, 25.571890902514617 ], [ 54.602868813390039, 25.571801070986204 ], [ 54.603048476446865, 25.571801070986204 ], [ 54.603048476446865, 25.571890902514617 ], [ 54.603138307975279, 25.571890902514617 ], [ 54.603138307975279, 25.571801070986204 ], [ 54.603587465617338, 25.571801070986204 ], [ 54.603587465617338, 25.571711239457791 ], [ 54.603946791730984, 25.571711239457791 ], [ 54.603946791730984, 25.571621407929381 ], [ 54.605024770071928, 25.571621407929381 ], [ 54.605024770071928, 25.571531576400968 ], [ 54.605204433128748, 25.571531576400968 ], [ 54.605204433128748, 25.571441744872558 ], [ 54.605653590770807, 25.571441744872558 ], [ 54.605653590770807, 25.571351913344145 ], [ 54.605923085356046, 25.571351913344145 ], [ 54.605923085356046, 25.571262081815732 ], [ 54.606372242998106, 25.571262081815732 ], [ 54.606372242998106, 25.571172250287322 ], [ 54.606462074526519, 25.571172250287322 ], [ 54.606462074526519, 25.571262081815732 ], [ 54.606641737583338, 25.571262081815732 ], [ 54.606641737583338, 25.571351913344145 ], [ 54.606911232168578, 25.571351913344145 ], [ 54.606911232168578, 25.571441744872558 ], [ 54.607001063696991, 25.571441744872558 ], [ 54.607001063696991, 25.571531576400968 ], [ 54.607090895225404, 25.571531576400968 ], [ 54.607090895225404, 25.571621407929381 ], [ 54.607180726753811, 25.571621407929381 ], [ 54.607180726753811, 25.57207056557144 ], [ 54.607090895225404, 25.57207056557144 ], [ 54.607090895225404, 25.572250228628263 ], [ 54.607001063696991, 25.572250228628263 ], [ 54.607001063696991, 25.572340060156677 ], [ 54.606551906054932, 25.572340060156677 ], [ 54.606551906054932, 25.57242989168509 ], [ 54.606102748412873, 25.57242989168509 ], [ 54.606102748412873, 25.5725197232135 ], [ 54.60574342229922, 25.5725197232135 ], [ 54.60574342229922, 25.572609554741913 ], [ 54.605563759242401, 25.572609554741913 ], [ 54.605563759242401, 25.572699386270322 ], [ 54.605473927713987, 25.572699386270322 ], [ 54.605473927713987, 25.572789217798736 ], [ 54.605294264657161, 25.572789217798736 ], [ 54.605294264657161, 25.572879049327149 ], [ 54.605204433128748, 25.572879049327149 ], [ 54.605204433128748, 25.572968880855559 ], [ 54.605114601600341, 25.572968880855559 ], [ 54.605114601600341, 25.573058712383972 ], [ 54.605024770071928, 25.573058712383972 ], [ 54.605024770071928, 25.573328206969208 ], [ 54.604934938543515, 25.573328206969208 ], [ 54.604934938543515, 25.573507870026031 ], [ 54.604845107015102, 25.573507870026031 ], [ 54.604845107015102, 25.573597701554444 ], [ 54.604755275486689, 25.573597701554444 ], [ 54.604755275486689, 25.573687533082854 ], [ 54.604665443958275, 25.573687533082854 ], [ 54.604665443958275, 25.573777364611267 ], [ 54.604485780901456, 25.573777364611267 ], [ 54.604485780901456, 25.57386719613968 ], [ 54.604395949373043, 25.57386719613968 ], [ 54.604395949373043, 25.57395702766809 ], [ 54.604306117844629, 25.57395702766809 ], [ 54.604306117844629, 25.574136690724917 ], [ 54.604216286316216, 25.574136690724917 ], [ 54.604216286316216, 25.574226522253326 ], [ 54.60412645478781, 25.574226522253326 ], [ 54.60412645478781, 25.57431635378174 ], [ 54.603946791730984, 25.57431635378174 ], [ 54.603946791730984, 25.574406185310153 ], [ 54.60385696020257, 25.574406185310153 ], [ 54.60385696020257, 25.574675679895385 ], [ 54.603767128674157, 25.574675679895385 ], [ 54.603767128674157, 25.574945174480622 ], [ 54.60385696020257, 25.574945174480622 ], [ 54.60385696020257, 25.575124837537448 ], [ 54.604934938543515, 25.575124837537448 ], [ 54.604934938543515, 25.575214669065858 ], [ 54.605204433128748, 25.575214669065858 ], [ 54.605204433128748, 25.575124837537448 ], [ 54.605563759242401, 25.575124837537448 ], [ 54.605563759242401, 25.575035006009035 ], [ 54.60574342229922, 25.575035006009035 ], [ 54.60574342229922, 25.574945174480622 ], [ 54.605923085356046, 25.574945174480622 ], [ 54.605923085356046, 25.574855342952212 ], [ 54.606282411469692, 25.574855342952212 ], [ 54.606282411469692, 25.574765511423799 ], [ 54.606462074526519, 25.574765511423799 ], [ 54.606462074526519, 25.574675679895385 ], [ 54.607001063696991, 25.574675679895385 ], [ 54.607001063696991, 25.574585848366976 ], [ 54.607270558282224, 25.574585848366976 ], [ 54.607270558282224, 25.574496016838562 ], [ 54.60745022133905, 25.574496016838562 ], [ 54.60745022133905, 25.574406185310153 ], [ 54.607540052867463, 25.574406185310153 ], [ 54.607540052867463, 25.574226522253326 ], [ 54.60762988439587, 25.574226522253326 ], [ 54.60762988439587, 25.574136690724917 ], [ 54.607719715924283, 25.574136690724917 ], [ 54.607719715924283, 25.57395702766809 ], [ 54.607809547452696, 25.57395702766809 ], [ 54.607809547452696, 25.57386719613968 ], [ 54.608258705094755, 25.57386719613968 ], [ 54.608258705094755, 25.57395702766809 ], [ 54.608528199679995, 25.57395702766809 ], [ 54.608528199679995, 25.57386719613968 ], [ 54.608618031208401, 25.57386719613968 ], [ 54.608618031208401, 25.573777364611267 ], [ 54.608707862736814, 25.573777364611267 ], [ 54.608707862736814, 25.573687533082854 ], [ 54.608797694265228, 25.573687533082854 ], [ 54.608797694265228, 25.573597701554444 ], [ 54.608887525793641, 25.573597701554444 ], [ 54.608887525793641, 25.573507870026031 ], [ 54.608977357322054, 25.573507870026031 ], [ 54.608977357322054, 25.573418038497621 ], [ 54.6093366834357, 25.573418038497621 ], [ 54.6093366834357, 25.573328206969208 ], [ 54.609516346492526, 25.573328206969208 ], [ 54.609516346492526, 25.573238375440795 ], [ 54.609965504134586, 25.573238375440795 ], [ 54.609965504134586, 25.573328206969208 ], [ 54.610234998719818, 25.573328206969208 ], [ 54.610234998719818, 25.573238375440795 ], [ 54.610414661776645, 25.573238375440795 ], [ 54.610414661776645, 25.573058712383972 ], [ 54.610594324833464, 25.573058712383972 ], [ 54.610594324833464, 25.573238375440795 ], [ 54.61077398789029, 25.573238375440795 ], [ 54.61077398789029, 25.572968880855559 ], [ 54.610863819418704, 25.572968880855559 ], [ 54.610863819418704, 25.572699386270322 ], [ 54.61104348247553, 25.572699386270322 ], [ 54.61104348247553, 25.572609554741913 ], [ 54.611312977060763, 25.572609554741913 ], [ 54.611312977060763, 25.5725197232135 ], [ 54.611941797759648, 25.5725197232135 ], [ 54.611941797759648, 25.57242989168509 ], [ 54.612750281515353, 25.57242989168509 ], [ 54.612750281515353, 25.572340060156677 ], [ 54.612840113043767, 25.572340060156677 ], [ 54.612840113043767, 25.572250228628263 ], [ 54.61292994457218, 25.572250228628263 ], [ 54.61292994457218, 25.57207056557144 ], [ 54.613019776100593, 25.57207056557144 ], [ 54.613019776100593, 25.571980734043027 ], [ 54.613109607628999, 25.571980734043027 ], [ 54.613109607628999, 25.571890902514617 ], [ 54.613019776100593, 25.571890902514617 ], [ 54.613019776100593, 25.571801070986204 ], [ 54.612840113043767, 25.571801070986204 ], [ 54.612840113043767, 25.571711239457791 ], [ 54.612480786930121, 25.571711239457791 ], [ 54.612480786930121, 25.571621407929381 ], [ 54.612211292344881, 25.571621407929381 ], [ 54.612211292344881, 25.571531576400968 ], [ 54.612121460816468, 25.571531576400968 ], [ 54.612121460816468, 25.571441744872558 ], [ 54.611941797759648, 25.571441744872558 ], [ 54.611941797759648, 25.571351913344145 ], [ 54.611672303174409, 25.571351913344145 ], [ 54.611672303174409, 25.571262081815732 ], [ 54.611402808589176, 25.571262081815732 ], [ 54.611402808589176, 25.571172250287322 ], [ 54.611133314003936, 25.571172250287322 ], [ 54.611133314003936, 25.571082418758909 ], [ 54.61104348247553, 25.571082418758909 ], [ 54.61104348247553, 25.570992587230496 ], [ 54.610863819418704, 25.570992587230496 ], [ 54.610863819418704, 25.57072309264526 ], [ 54.61077398789029, 25.57072309264526 ], [ 54.61077398789029, 25.571082418758909 ], [ 54.610684156361877, 25.571082418758909 ], [ 54.610684156361877, 25.571172250287322 ], [ 54.610594324833464, 25.571172250287322 ], [ 54.610594324833464, 25.571441744872558 ], [ 54.610414661776645, 25.571441744872558 ], [ 54.610414661776645, 25.571262081815732 ], [ 54.610234998719818, 25.571262081815732 ], [ 54.610234998719818, 25.571172250287322 ], [ 54.609965504134586, 25.571172250287322 ], [ 54.609965504134586, 25.571262081815732 ], [ 54.609875672606172, 25.571262081815732 ], [ 54.609875672606172, 25.571172250287322 ], [ 54.609696009549346, 25.571172250287322 ], [ 54.609696009549346, 25.570992587230496 ], [ 54.609606178020933, 25.570992587230496 ], [ 54.609606178020933, 25.570812924173673 ], [ 54.6093366834357, 25.570812924173673 ], [ 54.6093366834357, 25.57072309264526 ], [ 54.609157020378873, 25.57072309264526 ], [ 54.609157020378873, 25.57063326111685 ], [ 54.608977357322054, 25.57063326111685 ], [ 54.608977357322054, 25.570543429588437 ], [ 54.608797694265228, 25.570543429588437 ], [ 54.608797694265228, 25.570453598060027 ], [ 54.608618031208401, 25.570453598060027 ], [ 54.608618031208401, 25.570363766531614 ], [ 54.608258705094755, 25.570363766531614 ], [ 54.608258705094755, 25.5702739350032 ], [ 54.608168873566342, 25.5702739350032 ], [ 54.608168873566342, 25.570184103474791 ], [ 54.608079042037936, 25.570184103474791 ], [ 54.608079042037936, 25.570094271946378 ], [ 54.607989210509523, 25.570094271946378 ], [ 54.607989210509523, 25.569824777361141 ], [ 54.608079042037936, 25.569824777361141 ], [ 54.608079042037936, 25.569734945832728 ], [ 54.608168873566342, 25.569734945832728 ], [ 54.608168873566342, 25.569645114304318 ], [ 54.608618031208401, 25.569645114304318 ], [ 54.608618031208401, 25.569555282775905 ], [ 54.6093366834357, 25.569555282775905 ], [ 54.6093366834357, 25.569465451247495 ], [ 54.609606178020933, 25.569465451247495 ], [ 54.609606178020933, 25.569285788190669 ], [ 54.609785841077759, 25.569285788190669 ], [ 54.609785841077759, 25.569195956662259 ], [ 54.609875672606172, 25.569195956662259 ], [ 54.609875672606172, 25.56883663054861 ], [ 54.609785841077759, 25.56883663054861 ], [ 54.609785841077759, 25.568746799020197 ], [ 54.609696009549346, 25.568746799020197 ], [ 54.609696009549346, 25.568656967491787 ], [ 54.609606178020933, 25.568656967491787 ], [ 54.609606178020933, 25.568567135963374 ], [ 54.609516346492526, 25.568567135963374 ], [ 54.609516346492526, 25.568477304434964 ], [ 54.609426514964113, 25.568477304434964 ], [ 54.609426514964113, 25.568297641378138 ], [ 54.6093366834357, 25.568297641378138 ], [ 54.6093366834357, 25.567758652207665 ], [ 54.609426514964113, 25.567758652207665 ], [ 54.609426514964113, 25.567668820679256 ], [ 54.609516346492526, 25.567668820679256 ], [ 54.609516346492526, 25.567578989150842 ], [ 54.609606178020933, 25.567578989150842 ], [ 54.609606178020933, 25.567489157622433 ], [ 54.609875672606172, 25.567489157622433 ], [ 54.609875672606172, 25.567578989150842 ], [ 54.610145167191405, 25.567578989150842 ], [ 54.610145167191405, 25.567668820679256 ], [ 54.610324830248231, 25.567668820679256 ], [ 54.610324830248231, 25.567578989150842 ], [ 54.610414661776645, 25.567578989150842 ], [ 54.610414661776645, 25.567489157622433 ], [ 54.610504493305058, 25.567489157622433 ], [ 54.610504493305058, 25.567578989150842 ], [ 54.610594324833464, 25.567578989150842 ], [ 54.610594324833464, 25.567668820679256 ], [ 54.61077398789029, 25.567668820679256 ], [ 54.61077398789029, 25.569465451247495 ], [ 54.610863819418704, 25.569465451247495 ], [ 54.610863819418704, 25.569106125133846 ], [ 54.610953650947117, 25.569106125133846 ], [ 54.610953650947117, 25.568926462077023 ], [ 54.611312977060763, 25.568926462077023 ], [ 54.611312977060763, 25.569016293605433 ], [ 54.611582471645995, 25.569016293605433 ], [ 54.611582471645995, 25.569106125133846 ], [ 54.612121460816468, 25.569106125133846 ], [ 54.612121460816468, 25.569016293605433 ], [ 54.612211292344881, 25.569016293605433 ], [ 54.612211292344881, 25.568746799020197 ], [ 54.612301123873294, 25.568746799020197 ], [ 54.612301123873294, 25.568207809849728 ], [ 54.612390955401708, 25.568207809849728 ], [ 54.612390955401708, 25.568117978321315 ], [ 54.612480786930121, 25.568117978321315 ], [ 54.612480786930121, 25.568028146792901 ], [ 54.612570618458527, 25.568028146792901 ], [ 54.612570618458527, 25.567938315264492 ], [ 54.612480786930121, 25.567938315264492 ], [ 54.612480786930121, 25.567848483736078 ], [ 54.612121460816468, 25.567848483736078 ], [ 54.612121460816468, 25.567938315264492 ], [ 54.612031629288062, 25.567938315264492 ], [ 54.612031629288062, 25.568028146792901 ], [ 54.611851966231235, 25.568028146792901 ], [ 54.611851966231235, 25.568207809849728 ], [ 54.611762134702822, 25.568207809849728 ], [ 54.611762134702822, 25.568297641378138 ], [ 54.611582471645995, 25.568297641378138 ], [ 54.611582471645995, 25.568387472906551 ], [ 54.611402808589176, 25.568387472906551 ], [ 54.611402808589176, 25.568477304434964 ], [ 54.611312977060763, 25.568477304434964 ], [ 54.611312977060763, 25.568567135963374 ], [ 54.61122314553235, 25.568567135963374 ], [ 54.61122314553235, 25.568656967491787 ], [ 54.61104348247553, 25.568656967491787 ], [ 54.61104348247553, 25.568567135963374 ], [ 54.610953650947117, 25.568567135963374 ], [ 54.610953650947117, 25.567668820679256 ], [ 54.610863819418704, 25.567668820679256 ], [ 54.610863819418704, 25.567219663037196 ], [ 54.610953650947117, 25.567219663037196 ], [ 54.610953650947117, 25.566590842338311 ], [ 54.610863819418704, 25.566590842338311 ], [ 54.610863819418704, 25.566321347753075 ], [ 54.61077398789029, 25.566321347753075 ], [ 54.61077398789029, 25.566411179281488 ], [ 54.610414661776645, 25.566411179281488 ], [ 54.610414661776645, 25.566321347753075 ], [ 54.610324830248231, 25.566321347753075 ], [ 54.610324830248231, 25.566231516224665 ], [ 54.610234998719818, 25.566231516224665 ], [ 54.610234998719818, 25.566141684696252 ], [ 54.610145167191405, 25.566141684696252 ], [ 54.610145167191405, 25.565962021639429 ], [ 54.610055335662999, 25.565962021639429 ], [ 54.610055335662999, 25.565692527054193 ], [ 54.609875672606172, 25.565692527054193 ], [ 54.609875672606172, 25.565602695525779 ], [ 54.609516346492526, 25.565602695525779 ], [ 54.609516346492526, 25.565423032468956 ], [ 54.609606178020933, 25.565423032468956 ], [ 54.609606178020933, 25.565333200940543 ], [ 54.610145167191405, 25.565333200940543 ], [ 54.610145167191405, 25.565243369412133 ], [ 54.610234998719818, 25.565243369412133 ], [ 54.610234998719818, 25.56515353788372 ], [ 54.610414661776645, 25.56515353788372 ], [ 54.610414661776645, 25.565063706355307 ], [ 54.61077398789029, 25.565063706355307 ], [ 54.61077398789029, 25.565423032468956 ], [ 54.610863819418704, 25.565423032468956 ], [ 54.610863819418704, 25.565243369412133 ], [ 54.610953650947117, 25.565243369412133 ], [ 54.610953650947117, 25.56515353788372 ], [ 54.61104348247553, 25.56515353788372 ], [ 54.61104348247553, 25.565063706355307 ], [ 54.611402808589176, 25.565063706355307 ], [ 54.611402808589176, 25.564973874826897 ], [ 54.611582471645995, 25.564973874826897 ], [ 54.611582471645995, 25.564884043298484 ], [ 54.611941797759648, 25.564884043298484 ], [ 54.611941797759648, 25.564794211770071 ], [ 54.612211292344881, 25.564794211770071 ], [ 54.612211292344881, 25.564704380241661 ], [ 54.612480786930121, 25.564704380241661 ], [ 54.612480786930121, 25.564614548713248 ], [ 54.613109607628999, 25.564614548713248 ], [ 54.613109607628999, 25.564524717184838 ], [ 54.613289270685826, 25.564524717184838 ], [ 54.613289270685826, 25.564614548713248 ], [ 54.614277417498357, 25.564614548713248 ], [ 54.614277417498357, 25.564524717184838 ], [ 54.61436724902677, 25.564524717184838 ], [ 54.61436724902677, 25.564434885656425 ], [ 54.61454691208359, 25.564434885656425 ], [ 54.61454691208359, 25.564345054128012 ], [ 54.614636743612003, 25.564345054128012 ], [ 54.614636743612003, 25.564255222599602 ], [ 54.614996069725656, 25.564255222599602 ], [ 54.614996069725656, 25.564165391071189 ], [ 54.615085901254062, 25.564165391071189 ], [ 54.615085901254062, 25.564075559542776 ], [ 54.615265564310889, 25.564075559542776 ], [ 54.615265564310889, 25.563985728014366 ], [ 54.615355395839302, 25.563985728014366 ], [ 54.615355395839302, 25.563895896485953 ], [ 54.616163879595007, 25.563895896485953 ], [ 54.616163879595007, 25.563806064957539 ], [ 54.61625371112342, 25.563806064957539 ], [ 54.61625371112342, 25.56371623342913 ], [ 54.616523205708653, 25.56371623342913 ], [ 54.616523205708653, 25.563626401900716 ], [ 54.617331689464365, 25.563626401900716 ], [ 54.617331689464365, 25.563536570372307 ], [ 54.617780847106424, 25.563536570372307 ], [ 54.617780847106424, 25.56335690731548 ], [ 54.61796051016325, 25.56335690731548 ], [ 54.61796051016325, 25.563267075787071 ], [ 54.618050341691657, 25.563267075787071 ], [ 54.618050341691657, 25.563177244258657 ], [ 54.61814017322007, 25.563177244258657 ], [ 54.61814017322007, 25.562997581201834 ], [ 54.618230004748483, 25.562997581201834 ], [ 54.618230004748483, 25.562907749673421 ], [ 54.618319836276896, 25.562907749673421 ], [ 54.618319836276896, 25.562728086616598 ], [ 54.618409667805309, 25.562728086616598 ], [ 54.618409667805309, 25.562638255088185 ], [ 54.618499499333716, 25.562638255088185 ], [ 54.618499499333716, 25.562368760502949 ], [ 54.618589330862129, 25.562368760502949 ], [ 54.618589330862129, 25.562099265917713 ], [ 54.618679162390542, 25.562099265917713 ], [ 54.618679162390542, 25.56191960286089 ], [ 54.618768993918955, 25.56191960286089 ], [ 54.618768993918955, 25.561829771332476 ], [ 54.618858825447369, 25.561829771332476 ], [ 54.618858825447369, 25.561739939804067 ], [ 54.619038488504188, 25.561739939804067 ], [ 54.619038488504188, 25.561650108275654 ], [ 54.619218151561014, 25.561650108275654 ], [ 54.619218151561014, 25.561560276747244 ], [ 54.619397814617841, 25.561560276747244 ], [ 54.619397814617841, 25.561470445218831 ], [ 54.61957747767466, 25.561470445218831 ], [ 54.61957747767466, 25.561290782162008 ], [ 54.619667309203074, 25.561290782162008 ], [ 54.619667309203074, 25.561111119105181 ], [ 54.619757140731487, 25.561111119105181 ], [ 54.619757140731487, 25.561021287576771 ], [ 54.6198469722599, 25.561021287576771 ], [ 54.6198469722599, 25.560931456048358 ], [ 54.620026635316719, 25.560931456048358 ], [ 54.620026635316719, 25.560841624519945 ], [ 54.620116466845133, 25.560841624519945 ], [ 54.620116466845133, 25.560931456048358 ], [ 54.620565624487192, 25.560931456048358 ], [ 54.620565624487192, 25.560841624519945 ], [ 54.620655456015605, 25.560841624519945 ], [ 54.620655456015605, 25.56012297229265 ], [ 54.620835119072431, 25.56012297229265 ], [ 54.620835119072431, 25.56003314076424 ], [ 54.621374108242904, 25.56003314076424 ], [ 54.621374108242904, 25.56012297229265 ], [ 54.62173343435655, 25.56012297229265 ], [ 54.62173343435655, 25.560212803821063 ], [ 54.621823265884963, 25.560212803821063 ], [ 54.621823265884963, 25.56012297229265 ], [ 54.622092760470196, 25.56012297229265 ], [ 54.622092760470196, 25.56003314076424 ], [ 54.622272423527022, 25.56003314076424 ], [ 54.622272423527022, 25.559943309235827 ], [ 54.622452086583841, 25.559943309235827 ], [ 54.622452086583841, 25.559763646179004 ], [ 54.622631749640668, 25.559763646179004 ], [ 54.622631749640668, 25.559583983122177 ], [ 54.622811412697494, 25.559583983122177 ], [ 54.622811412697494, 25.559494151593768 ], [ 54.622901244225908, 25.559494151593768 ], [ 54.622901244225908, 25.559583983122177 ], [ 54.623260570339554, 25.559583983122177 ], [ 54.623260570339554, 25.559494151593768 ], [ 54.623619896453199, 25.559494151593768 ], [ 54.623619896453199, 25.559583983122177 ], [ 54.623709727981613, 25.559583983122177 ], [ 54.623709727981613, 25.559494151593768 ], [ 54.623979222566845, 25.559494151593768 ], [ 54.623979222566845, 25.559404320065354 ], [ 54.624069054095258, 25.559404320065354 ], [ 54.624069054095258, 25.559134825480118 ], [ 54.623709727981613, 25.559134825480118 ], [ 54.623709727981613, 25.559224657008532 ], [ 54.623619896453199, 25.559224657008532 ], [ 54.623619896453199, 25.559314488536945 ], [ 54.623260570339554, 25.559314488536945 ], [ 54.623260570339554, 25.559224657008532 ], [ 54.623080907282727, 25.559224657008532 ], [ 54.623080907282727, 25.559314488536945 ], [ 54.622452086583841, 25.559314488536945 ], [ 54.622452086583841, 25.559224657008532 ], [ 54.622272423527022, 25.559224657008532 ], [ 54.622272423527022, 25.559134825480118 ], [ 54.622182591998609, 25.559134825480118 ], [ 54.622182591998609, 25.559044993951709 ], [ 54.622002928941782, 25.559044993951709 ], [ 54.622002928941782, 25.558955162423295 ], [ 54.62173343435655, 25.558955162423295 ], [ 54.62173343435655, 25.558865330894882 ], [ 54.621553771299723, 25.558865330894882 ], [ 54.621553771299723, 25.558955162423295 ], [ 54.621194445186077, 25.558955162423295 ], [ 54.621194445186077, 25.559044993951709 ], [ 54.621014782129251, 25.559044993951709 ], [ 54.621014782129251, 25.559134825480118 ], [ 54.620924950600845, 25.559134825480118 ], [ 54.620924950600845, 25.559224657008532 ], [ 54.620835119072431, 25.559224657008532 ], [ 54.620835119072431, 25.559314488536945 ], [ 54.620745287544018, 25.559314488536945 ], [ 54.620745287544018, 25.559404320065354 ], [ 54.618858825447369, 25.559404320065354 ], [ 54.618858825447369, 25.559494151593768 ], [ 54.618589330862129, 25.559494151593768 ], [ 54.618589330862129, 25.559583983122177 ], [ 54.618319836276896, 25.559583983122177 ], [ 54.618319836276896, 25.559673814650591 ], [ 54.61796051016325, 25.559673814650591 ], [ 54.61796051016325, 25.559763646179004 ], [ 54.617691015578011, 25.559763646179004 ], [ 54.617691015578011, 25.559853477707414 ], [ 54.617601184049597, 25.559853477707414 ], [ 54.617601184049597, 25.559943309235827 ], [ 54.617511352521184, 25.559943309235827 ], [ 54.617511352521184, 25.56003314076424 ], [ 54.617331689464365, 25.56003314076424 ], [ 54.617331689464365, 25.56012297229265 ], [ 54.617062194879125, 25.56012297229265 ], [ 54.617062194879125, 25.560212803821063 ], [ 54.616882531822306, 25.560212803821063 ], [ 54.616882531822306, 25.560302635349476 ], [ 54.616523205708653, 25.560302635349476 ], [ 54.616523205708653, 25.560392466877886 ], [ 54.616163879595007, 25.560392466877886 ], [ 54.616163879595007, 25.560482298406299 ], [ 54.615894385009774, 25.560482298406299 ], [ 54.615894385009774, 25.560572129934712 ], [ 54.615624890424534, 25.560572129934712 ], [ 54.615624890424534, 25.560661961463122 ], [ 54.615355395839302, 25.560661961463122 ], [ 54.615355395839302, 25.560751792991535 ], [ 54.615175732782475, 25.560751792991535 ], [ 54.615175732782475, 25.560841624519945 ], [ 54.614996069725656, 25.560841624519945 ], [ 54.614996069725656, 25.560931456048358 ], [ 54.61481640666883, 25.560931456048358 ], [ 54.61481640666883, 25.561021287576771 ], [ 54.61454691208359, 25.561021287576771 ], [ 54.61454691208359, 25.561111119105181 ], [ 54.61436724902677, 25.561111119105181 ], [ 54.61436724902677, 25.561200950633594 ], [ 54.614277417498357, 25.561200950633594 ], [ 54.614277417498357, 25.561290782162008 ], [ 54.614097754441531, 25.561290782162008 ], [ 54.614097754441531, 25.561380613690417 ], [ 54.613918091384711, 25.561380613690417 ], [ 54.613918091384711, 25.561470445218831 ], [ 54.613828259856298, 25.561470445218831 ], [ 54.613828259856298, 25.561560276747244 ], [ 54.613738428327885, 25.561560276747244 ], [ 54.613738428327885, 25.561650108275654 ], [ 54.613558765271058, 25.561650108275654 ], [ 54.613558765271058, 25.561739939804067 ], [ 54.613379102214239, 25.561739939804067 ], [ 54.613379102214239, 25.561829771332476 ], [ 54.613199439157412, 25.561829771332476 ], [ 54.613199439157412, 25.56191960286089 ], [ 54.61292994457218, 25.56191960286089 ], [ 54.61292994457218, 25.562009434389303 ], [ 54.612570618458527, 25.562009434389303 ], [ 54.612570618458527, 25.562099265917713 ], [ 54.612211292344881, 25.562099265917713 ], [ 54.612211292344881, 25.562189097446126 ], [ 54.612031629288062, 25.562189097446126 ], [ 54.612031629288062, 25.562278928974539 ], [ 54.611851966231235, 25.562278928974539 ], [ 54.611851966231235, 25.562368760502949 ], [ 54.611312977060763, 25.562368760502949 ], [ 54.611312977060763, 25.562458592031362 ], [ 54.610953650947117, 25.562458592031362 ], [ 54.610953650947117, 25.562368760502949 ], [ 54.610863819418704, 25.562368760502949 ], [ 54.610863819418704, 25.562278928974539 ], [ 54.61077398789029, 25.562278928974539 ], [ 54.61077398789029, 25.562548423559775 ], [ 54.610684156361877, 25.562548423559775 ], [ 54.610684156361877, 25.562638255088185 ], [ 54.610324830248231, 25.562638255088185 ], [ 54.610324830248231, 25.562548423559775 ], [ 54.609965504134586, 25.562548423559775 ], [ 54.609965504134586, 25.562638255088185 ], [ 54.609875672606172, 25.562638255088185 ], [ 54.609875672606172, 25.562548423559775 ], [ 54.609516346492526, 25.562548423559775 ], [ 54.609516346492526, 25.562638255088185 ], [ 54.609246851907287, 25.562638255088185 ], [ 54.609246851907287, 25.562728086616598 ], [ 54.608977357322054, 25.562728086616598 ], [ 54.608977357322054, 25.562817918145008 ], [ 54.608618031208401, 25.562817918145008 ], [ 54.608618031208401, 25.562907749673421 ], [ 54.608258705094755, 25.562907749673421 ], [ 54.608258705094755, 25.562997581201834 ], [ 54.607989210509523, 25.562997581201834 ], [ 54.607989210509523, 25.563087412730244 ], [ 54.607719715924283, 25.563087412730244 ], [ 54.607719715924283, 25.563177244258657 ], [ 54.607540052867463, 25.563177244258657 ], [ 54.607540052867463, 25.563267075787071 ], [ 54.607360389810637, 25.563267075787071 ], [ 54.607360389810637, 25.56335690731548 ], [ 54.607180726753811, 25.56335690731548 ], [ 54.607180726753811, 25.563446738843894 ], [ 54.606821400640165, 25.563446738843894 ], [ 54.606821400640165, 25.563536570372307 ], [ 54.606462074526519, 25.563536570372307 ], [ 54.606462074526519, 25.563626401900716 ], [ 54.606372242998106, 25.563626401900716 ], [ 54.606372242998106, 25.56371623342913 ], [ 54.606192579941279, 25.56371623342913 ], [ 54.606192579941279, 25.563806064957539 ], [ 54.606102748412873, 25.563806064957539 ], [ 54.606102748412873, 25.563895896485953 ], [ 54.605923085356046, 25.563895896485953 ], [ 54.605923085356046, 25.563985728014366 ], [ 54.60574342229922, 25.563985728014366 ], [ 54.60574342229922, 25.564075559542776 ], [ 54.605563759242401, 25.564075559542776 ], [ 54.605563759242401, 25.564165391071189 ], [ 54.605384096185574, 25.564165391071189 ], [ 54.605384096185574, 25.564255222599602 ], [ 54.605024770071928, 25.564255222599602 ], [ 54.605024770071928, 25.564345054128012 ], [ 54.604845107015102, 25.564345054128012 ], [ 54.604845107015102, 25.564434885656425 ], [ 54.604665443958275, 25.564434885656425 ], [ 54.604665443958275, 25.564524717184838 ], [ 54.604575612429869, 25.564524717184838 ], [ 54.604575612429869, 25.564614548713248 ], [ 54.604306117844629, 25.564614548713248 ], [ 54.604306117844629, 25.564704380241661 ], [ 54.603767128674157, 25.564704380241661 ], [ 54.603767128674157, 25.564614548713248 ], [ 54.603677297145744, 25.564614548713248 ], [ 54.603677297145744, 25.564704380241661 ], [ 54.603587465617338, 25.564704380241661 ], [ 54.603587465617338, 25.564614548713248 ], [ 54.602778981861626, 25.564614548713248 ], [ 54.602778981861626, 25.564704380241661 ], [ 54.602689150333212, 25.564704380241661 ], [ 54.602689150333212, 25.564794211770071 ], [ 54.602509487276393, 25.564794211770071 ], [ 54.602509487276393, 25.564884043298484 ], [ 54.60241965574798, 25.564884043298484 ], [ 54.60241965574798, 25.564973874826897 ], [ 54.602329824219566, 25.564973874826897 ], [ 54.602329824219566, 25.565063706355307 ], [ 54.602239992691153, 25.565063706355307 ], [ 54.602239992691153, 25.56515353788372 ], [ 54.602060329634334, 25.56515353788372 ], [ 54.602060329634334, 25.565243369412133 ], [ 54.601970498105921, 25.565243369412133 ], [ 54.601970498105921, 25.565333200940543 ], [ 54.601790835049094, 25.565333200940543 ], [ 54.601790835049094, 25.565423032468956 ], [ 54.601431508935448, 25.565423032468956 ], [ 54.601431508935448, 25.56551286399737 ], [ 54.600802688236563, 25.56551286399737 ], [ 54.600802688236563, 25.565602695525779 ], [ 54.600623025179743, 25.565602695525779 ], [ 54.600623025179743, 25.565692527054193 ], [ 54.600443362122917, 25.565692527054193 ], [ 54.600443362122917, 25.565782358582602 ], [ 54.600353530594504, 25.565782358582602 ], [ 54.600353530594504, 25.565872190111016 ], [ 54.600173867537677, 25.565872190111016 ], [ 54.600173867537677, 25.565962021639429 ], [ 54.599994204480858, 25.565962021639429 ], [ 54.599994204480858, 25.566051853167838 ], [ 54.599634878367212, 25.566051853167838 ], [ 54.599634878367212, 25.566141684696252 ], [ 54.599006057668326, 25.566141684696252 ], [ 54.599006057668326, 25.566231516224665 ], [ 54.5988263946115, 25.566231516224665 ], [ 54.5988263946115, 25.566321347753075 ], [ 54.598556900026267, 25.566321347753075 ], [ 54.598556900026267, 25.566411179281488 ], [ 54.598377236969441, 25.566411179281488 ], [ 54.598377236969441, 25.566501010809901 ], [ 54.598107742384208, 25.566501010809901 ], [ 54.598107742384208, 25.566590842338311 ], [ 54.597568753213736, 25.566590842338311 ], [ 54.597568753213736, 25.566501010809901 ], [ 54.597389090156909, 25.566501010809901 ], [ 54.597389090156909, 25.566411179281488 ], [ 54.597299258628496, 25.566411179281488 ], [ 54.597299258628496, 25.566321347753075 ], [ 54.59693993251485, 25.566321347753075 ], [ 54.59693993251485, 25.566231516224665 ], [ 54.596490774872791, 25.566231516224665 ], [ 54.596490774872791, 25.566321347753075 ], [ 54.596311111815965, 25.566321347753075 ], [ 54.596311111815965, 25.566411179281488 ], [ 54.596041617230732, 25.566411179281488 ], [ 54.596041617230732, 25.566501010809901 ], [ 54.595861954173905, 25.566501010809901 ], [ 54.595861954173905, 25.566590842338311 ], [ 54.595592459588673, 25.566590842338311 ], [ 54.595592459588673, 25.566680673866724 ], [ 54.595412796531846, 25.566680673866724 ], [ 54.595412796531846, 25.566770505395134 ], [ 54.595322965003433, 25.566770505395134 ], [ 54.595322965003433, 25.566860336923547 ], [ 54.595143301946614, 25.566860336923547 ], [ 54.595143301946614, 25.56695016845196 ], [ 54.5950534704182, 25.56695016845196 ], [ 54.5950534704182, 25.56703999998037 ], [ 54.594963638889787, 25.56703999998037 ], [ 54.594963638889787, 25.567129831508783 ], [ 54.594873807361374, 25.567129831508783 ], [ 54.594873807361374, 25.567219663037196 ], [ 54.594783975832961, 25.567219663037196 ], [ 54.594783975832961, 25.567309494565606 ], [ 54.594694144304555, 25.567309494565606 ], [ 54.594694144304555, 25.567399326094019 ], [ 54.594604312776141, 25.567399326094019 ], [ 54.594604312776141, 25.567489157622433 ], [ 54.594424649719315, 25.567489157622433 ], [ 54.594424649719315, 25.567578989150842 ], [ 54.594244986662488, 25.567578989150842 ], [ 54.594244986662488, 25.567668820679256 ], [ 54.594065323605669, 25.567668820679256 ], [ 54.594065323605669, 25.567758652207665 ], [ 54.593975492077256, 25.567758652207665 ], [ 54.593975492077256, 25.567848483736078 ], [ 54.593795829020429, 25.567848483736078 ], [ 54.593795829020429, 25.567938315264492 ], [ 54.593705997492023, 25.567938315264492 ], [ 54.593705997492023, 25.568028146792901 ], [ 54.593526334435197, 25.568028146792901 ], [ 54.593526334435197, 25.568117978321315 ], [ 54.593436502906783, 25.568117978321315 ], [ 54.593436502906783, 25.568207809849728 ], [ 54.593167008321551, 25.568207809849728 ], [ 54.593167008321551, 25.568297641378138 ], [ 54.593077176793138, 25.568297641378138 ], [ 54.593077176793138, 25.568387472906551 ], [ 54.592987345264724, 25.568387472906551 ], [ 54.592987345264724, 25.568477304434964 ], [ 54.592897513736311, 25.568477304434964 ], [ 54.592897513736311, 25.568567135963374 ], [ 54.592807682207898, 25.568567135963374 ], [ 54.592807682207898, 25.568656967491787 ], [ 54.592628019151078, 25.568656967491787 ], [ 54.592628019151078, 25.568746799020197 ], [ 54.592538187622665, 25.568746799020197 ], [ 54.592538187622665, 25.56883663054861 ], [ 54.592358524565839, 25.56883663054861 ], [ 54.592358524565839, 25.568926462077023 ], [ 54.592178861509019, 25.568926462077023 ], [ 54.592178861509019, 25.569016293605433 ], [ 54.591999198452193, 25.569016293605433 ], [ 54.591999198452193, 25.569106125133846 ], [ 54.591819535395366, 25.569106125133846 ], [ 54.591819535395366, 25.569195956662259 ], [ 54.59172970386696, 25.569195956662259 ], [ 54.59172970386696, 25.569285788190669 ], [ 54.591550040810134, 25.569285788190669 ], [ 54.591550040810134, 25.569375619719082 ], [ 54.59146020928172, 25.569375619719082 ], [ 54.59146020928172, 25.569555282775905 ], [ 54.591370377753307, 25.569555282775905 ], [ 54.591370377753307, 25.5702739350032 ], [ 54.59146020928172, 25.5702739350032 ], [ 54.59146020928172, 25.570453598060027 ], [ 54.591550040810134, 25.570453598060027 ], [ 54.591550040810134, 25.57063326111685 ], [ 54.59172970386696, 25.57063326111685 ], [ 54.59172970386696, 25.570812924173673 ], [ 54.591819535395366, 25.570812924173673 ], [ 54.591819535395366, 25.571172250287322 ], [ 54.59172970386696, 25.571172250287322 ], [ 54.59172970386696, 25.571351913344145 ], [ 54.591639872338547, 25.571351913344145 ], [ 54.591639872338547, 25.571441744872558 ], [ 54.591550040810134, 25.571441744872558 ], [ 54.591550040810134, 25.571621407929381 ], [ 54.591370377753307, 25.571621407929381 ], [ 54.591370377753307, 25.571711239457791 ], [ 54.591280546224894, 25.571711239457791 ], [ 54.591280546224894, 25.571801070986204 ], [ 54.591100883168075, 25.571801070986204 ], [ 54.591100883168075, 25.571890902514617 ], [ 54.590921220111248, 25.571890902514617 ], [ 54.590921220111248, 25.571980734043027 ], [ 54.590831388582835, 25.571980734043027 ], [ 54.590831388582835, 25.57207056557144 ], [ 54.590651725526016, 25.57207056557144 ], [ 54.590651725526016, 25.572160397099854 ], [ 54.590472062469189, 25.572160397099854 ], [ 54.590472062469189, 25.572250228628263 ], [ 54.590292399412363, 25.572250228628263 ], [ 54.590292399412363, 25.572340060156677 ], [ 54.590202567883956, 25.572340060156677 ], [ 54.590202567883956, 25.57242989168509 ], [ 54.590112736355543, 25.57242989168509 ], [ 54.590112736355543, 25.5725197232135 ], [ 54.589933073298717, 25.5725197232135 ], [ 54.589933073298717, 25.572609554741913 ], [ 54.589753410241897, 25.572609554741913 ], [ 54.589753410241897, 25.572699386270322 ], [ 54.589573747185071, 25.572699386270322 ], [ 54.589573747185071, 25.572789217798736 ], [ 54.589394084128244, 25.572789217798736 ], [ 54.589394084128244, 25.572879049327149 ], [ 54.589304252599831, 25.572879049327149 ], [ 54.589304252599831, 25.572968880855559 ], [ 54.589214421071425, 25.572968880855559 ], [ 54.589214421071425, 25.573058712383972 ], [ 54.589124589543012, 25.573058712383972 ], [ 54.589124589543012, 25.573148543912385 ], [ 54.589034758014598, 25.573148543912385 ], [ 54.589034758014598, 25.573238375440795 ], [ 54.588855094957772, 25.573238375440795 ], [ 54.588855094957772, 25.573328206969208 ], [ 54.588765263429366, 25.573328206969208 ], [ 54.588765263429366, 25.573418038497621 ], [ 54.588675431900953, 25.573418038497621 ], [ 54.588675431900953, 25.573597701554444 ], [ 54.588585600372539, 25.573597701554444 ], [ 54.588585600372539, 25.573687533082854 ], [ 54.588495768844126, 25.573687533082854 ], [ 54.588495768844126, 25.573777364611267 ], [ 54.5883161057873, 25.573777364611267 ], [ 54.5883161057873, 25.57386719613968 ], [ 54.587956779673654, 25.57386719613968 ], [ 54.587956779673654, 25.573777364611267 ], [ 54.587866948145241, 25.573777364611267 ], [ 54.587866948145241, 25.573687533082854 ], [ 54.587687285088421, 25.573687533082854 ], [ 54.587687285088421, 25.573777364611267 ], [ 54.587597453560008, 25.573777364611267 ], [ 54.587597453560008, 25.57386719613968 ], [ 54.587417790503181, 25.57386719613968 ], [ 54.587417790503181, 25.573777364611267 ], [ 54.587327958974768, 25.573777364611267 ], [ 54.587327958974768, 25.573687533082854 ], [ 54.587238127446362, 25.573687533082854 ], [ 54.587238127446362, 25.573777364611267 ], [ 54.587148295917949, 25.573777364611267 ], [ 54.587148295917949, 25.57386719613968 ], [ 54.587058464389536, 25.57386719613968 ], [ 54.587058464389536, 25.57395702766809 ], [ 54.586968632861122, 25.57395702766809 ], [ 54.586968632861122, 25.574136690724917 ], [ 54.586878801332709, 25.574136690724917 ], [ 54.586878801332709, 25.57431635378174 ], [ 54.586968632861122, 25.57431635378174 ], [ 54.586968632861122, 25.574496016838562 ], [ 54.586878801332709, 25.574496016838562 ], [ 54.586878801332709, 25.574675679895385 ], [ 54.586788969804303, 25.574675679895385 ], [ 54.586788969804303, 25.574765511423799 ], [ 54.586339812162237, 25.574765511423799 ], [ 54.586339812162237, 25.574675679895385 ], [ 54.586249980633831, 25.574675679895385 ], [ 54.586249980633831, 25.574585848366976 ], [ 54.586070317577004, 25.574585848366976 ], [ 54.586070317577004, 25.574496016838562 ], [ 54.585621159934945, 25.574496016838562 ], [ 54.585621159934945, 25.574585848366976 ], [ 54.585441496878119, 25.574585848366976 ], [ 54.585441496878119, 25.574675679895385 ], [ 54.585172002292886, 25.574675679895385 ], [ 54.585172002292886, 25.574765511423799 ], [ 54.585082170764473, 25.574765511423799 ], [ 54.585082170764473, 25.574855342952212 ], [ 54.584902507707646, 25.574855342952212 ], [ 54.584902507707646, 25.574945174480622 ], [ 54.58481267617924, 25.574945174480622 ], [ 54.58481267617924, 25.575035006009035 ], [ 54.584722844650827, 25.575035006009035 ], [ 54.584722844650827, 25.575124837537448 ], [ 54.584633013122414, 25.575124837537448 ], [ 54.584633013122414, 25.575214669065858 ], [ 54.584543181594, 25.575214669065858 ], [ 54.584543181594, 25.575394332122684 ], [ 54.584453350065587, 25.575394332122684 ], [ 54.584453350065587, 25.575484163651094 ], [ 54.584363518537174, 25.575484163651094 ], [ 54.584363518537174, 25.575573995179507 ], [ 54.584094023951941, 25.575573995179507 ], [ 54.584094023951941, 25.575663826707917 ], [ 54.583914360895115, 25.575663826707917 ], [ 54.583914360895115, 25.57575365823633 ], [ 54.583734697838295, 25.57575365823633 ], [ 54.583734697838295, 25.575843489764743 ], [ 54.583555034781469, 25.575843489764743 ], [ 54.583555034781469, 25.575933321293153 ], [ 54.583465203253056, 25.575933321293153 ], [ 54.583465203253056, 25.576023152821566 ], [ 54.58310587713941, 25.576023152821566 ], [ 54.58310587713941, 25.576112984349979 ], [ 54.582926214082583, 25.576112984349979 ], [ 54.582926214082583, 25.576202815878389 ], [ 54.582836382554177, 25.576202815878389 ], [ 54.582836382554177, 25.576292647406802 ], [ 54.583285540196236, 25.576292647406802 ], [ 54.583285540196236, 25.576202815878389 ], [ 54.583555034781469, 25.576202815878389 ], [ 54.583555034781469, 25.576292647406802 ], [ 54.583644866309882, 25.576292647406802 ], [ 54.583644866309882, 25.576382478935216 ], [ 54.583914360895115, 25.576382478935216 ], [ 54.583914360895115, 25.576472310463625 ] ], [ [ 54.591280546224894, 25.576202815878389 ], [ 54.59172970386696, 25.576202815878389 ], [ 54.59172970386696, 25.576112984349979 ], [ 54.59190936692378, 25.576112984349979 ], [ 54.59190936692378, 25.576023152821566 ], [ 54.591999198452193, 25.576023152821566 ], [ 54.591999198452193, 25.575933321293153 ], [ 54.592089029980606, 25.575933321293153 ], [ 54.592089029980606, 25.575124837537448 ], [ 54.591639872338547, 25.575124837537448 ], [ 54.591639872338547, 25.575214669065858 ], [ 54.591280546224894, 25.575214669065858 ], [ 54.591280546224894, 25.575304500594271 ], [ 54.591190714696488, 25.575304500594271 ], [ 54.591190714696488, 25.575843489764743 ], [ 54.591280546224894, 25.575843489764743 ], [ 54.591280546224894, 25.576202815878389 ] ], [ [ 54.678956117954961, 25.576112984349979 ], [ 54.679135781011787, 25.576112984349979 ], [ 54.679135781011787, 25.575933321293153 ], [ 54.679225612540201, 25.575933321293153 ], [ 54.679225612540201, 25.575843489764743 ], [ 54.679315444068614, 25.575843489764743 ], [ 54.679315444068614, 25.57575365823633 ], [ 54.67940527559702, 25.57575365823633 ], [ 54.67940527559702, 25.575484163651094 ], [ 54.679315444068614, 25.575484163651094 ], [ 54.679315444068614, 25.575304500594271 ], [ 54.679225612540201, 25.575304500594271 ], [ 54.679225612540201, 25.575124837537448 ], [ 54.679135781011787, 25.575124837537448 ], [ 54.679135781011787, 25.574945174480622 ], [ 54.679045949483374, 25.574945174480622 ], [ 54.679045949483374, 25.574855342952212 ], [ 54.678866286426548, 25.574855342952212 ], [ 54.678866286426548, 25.574765511423799 ], [ 54.678506960312902, 25.574765511423799 ], [ 54.678506960312902, 25.574855342952212 ], [ 54.678327297256082, 25.574855342952212 ], [ 54.678327297256082, 25.574945174480622 ], [ 54.678237465727669, 25.574945174480622 ], [ 54.678237465727669, 25.575035006009035 ], [ 54.678147634199256, 25.575035006009035 ], [ 54.678147634199256, 25.575394332122684 ], [ 54.678237465727669, 25.575394332122684 ], [ 54.678237465727669, 25.575573995179507 ], [ 54.678417128784488, 25.575573995179507 ], [ 54.678417128784488, 25.575663826707917 ], [ 54.678506960312902, 25.575663826707917 ], [ 54.678506960312902, 25.57575365823633 ], [ 54.678596791841315, 25.57575365823633 ], [ 54.678596791841315, 25.575933321293153 ], [ 54.678686623369728, 25.575933321293153 ], [ 54.678686623369728, 25.576023152821566 ], [ 54.678956117954961, 25.576023152821566 ], [ 54.678956117954961, 25.576112984349979 ] ], [ [ 54.601341677407035, 25.575394332122684 ], [ 54.601701003520681, 25.575394332122684 ], [ 54.601701003520681, 25.575304500594271 ], [ 54.601970498105921, 25.575304500594271 ], [ 54.601970498105921, 25.575214669065858 ], [ 54.602150161162747, 25.575214669065858 ], [ 54.602150161162747, 25.575124837537448 ], [ 54.602239992691153, 25.575124837537448 ], [ 54.602239992691153, 25.575035006009035 ], [ 54.602329824219566, 25.575035006009035 ], [ 54.602329824219566, 25.574945174480622 ], [ 54.60241965574798, 25.574945174480622 ], [ 54.60241965574798, 25.574765511423799 ], [ 54.602150161162747, 25.574765511423799 ], [ 54.602150161162747, 25.574675679895385 ], [ 54.601880666577507, 25.574675679895385 ], [ 54.601880666577507, 25.574585848366976 ], [ 54.601701003520681, 25.574585848366976 ], [ 54.601701003520681, 25.574496016838562 ], [ 54.601162014350216, 25.574496016838562 ], [ 54.601162014350216, 25.574585848366976 ], [ 54.601072182821802, 25.574585848366976 ], [ 54.601072182821802, 25.574765511423799 ], [ 54.600982351293389, 25.574765511423799 ], [ 54.600982351293389, 25.575035006009035 ], [ 54.601072182821802, 25.575035006009035 ], [ 54.601072182821802, 25.575124837537448 ], [ 54.601162014350216, 25.575124837537448 ], [ 54.601162014350216, 25.575214669065858 ], [ 54.601251845878622, 25.575214669065858 ], [ 54.601251845878622, 25.575304500594271 ], [ 54.601341677407035, 25.575304500594271 ], [ 54.601341677407035, 25.575394332122684 ] ], [ [ 54.67967477018226, 25.574585848366976 ], [ 54.679764601710673, 25.574585848366976 ], [ 54.679764601710673, 25.57063326111685 ], [ 54.67967477018226, 25.57063326111685 ], [ 54.67967477018226, 25.570812924173673 ], [ 54.679584938653846, 25.570812924173673 ], [ 54.679584938653846, 25.571082418758909 ], [ 54.679495107125433, 25.571082418758909 ], [ 54.679495107125433, 25.571351913344145 ], [ 54.67940527559702, 25.571351913344145 ], [ 54.67940527559702, 25.570992587230496 ], [ 54.679135781011787, 25.570992587230496 ], [ 54.679135781011787, 25.571082418758909 ], [ 54.679045949483374, 25.571082418758909 ], [ 54.679045949483374, 25.571351913344145 ], [ 54.678956117954961, 25.571351913344145 ], [ 54.678956117954961, 25.571441744872558 ], [ 54.679045949483374, 25.571441744872558 ], [ 54.679045949483374, 25.571531576400968 ], [ 54.678956117954961, 25.571531576400968 ], [ 54.678956117954961, 25.571621407929381 ], [ 54.678686623369728, 25.571621407929381 ], [ 54.678686623369728, 25.571531576400968 ], [ 54.678506960312902, 25.571531576400968 ], [ 54.678506960312902, 25.571441744872558 ], [ 54.678327297256082, 25.571441744872558 ], [ 54.678327297256082, 25.571351913344145 ], [ 54.678237465727669, 25.571351913344145 ], [ 54.678237465727669, 25.571262081815732 ], [ 54.677967971142429, 25.571262081815732 ], [ 54.677967971142429, 25.571351913344145 ], [ 54.677878139614016, 25.571351913344145 ], [ 54.677878139614016, 25.571441744872558 ], [ 54.67778830808561, 25.571441744872558 ], [ 54.67778830808561, 25.571531576400968 ], [ 54.677698476557197, 25.571531576400968 ], [ 54.677698476557197, 25.571711239457791 ], [ 54.677608645028783, 25.571711239457791 ], [ 54.677608645028783, 25.571890902514617 ], [ 54.677698476557197, 25.571890902514617 ], [ 54.677698476557197, 25.57207056557144 ], [ 54.67778830808561, 25.57207056557144 ], [ 54.67778830808561, 25.572160397099854 ], [ 54.677967971142429, 25.572160397099854 ], [ 54.677967971142429, 25.572250228628263 ], [ 54.678596791841315, 25.572250228628263 ], [ 54.678596791841315, 25.572340060156677 ], [ 54.678417128784488, 25.572340060156677 ], [ 54.678417128784488, 25.57242989168509 ], [ 54.678506960312902, 25.57242989168509 ], [ 54.678506960312902, 25.572609554741913 ], [ 54.678596791841315, 25.572609554741913 ], [ 54.678596791841315, 25.572699386270322 ], [ 54.678686623369728, 25.572699386270322 ], [ 54.678686623369728, 25.572789217798736 ], [ 54.678956117954961, 25.572789217798736 ], [ 54.678956117954961, 25.573148543912385 ], [ 54.678866286426548, 25.573148543912385 ], [ 54.678866286426548, 25.573507870026031 ], [ 54.678776454898141, 25.573507870026031 ], [ 54.678776454898141, 25.57386719613968 ], [ 54.678866286426548, 25.57386719613968 ], [ 54.678866286426548, 25.574046859196503 ], [ 54.678956117954961, 25.574046859196503 ], [ 54.678956117954961, 25.57431635378174 ], [ 54.679315444068614, 25.57431635378174 ], [ 54.679315444068614, 25.574226522253326 ], [ 54.67940527559702, 25.574226522253326 ], [ 54.67940527559702, 25.57395702766809 ], [ 54.679495107125433, 25.57395702766809 ], [ 54.679495107125433, 25.574046859196503 ], [ 54.679584938653846, 25.574046859196503 ], [ 54.679584938653846, 25.574406185310153 ], [ 54.67967477018226, 25.574406185310153 ], [ 54.67967477018226, 25.574585848366976 ] ], [ [ 54.625506358549849, 25.572968880855559 ], [ 54.625865684663502, 25.572968880855559 ], [ 54.625865684663502, 25.572699386270322 ], [ 54.625955516191908, 25.572699386270322 ], [ 54.625955516191908, 25.572340060156677 ], [ 54.625865684663502, 25.572340060156677 ], [ 54.625865684663502, 25.572160397099854 ], [ 54.625506358549849, 25.572160397099854 ], [ 54.625506358549849, 25.572250228628263 ], [ 54.625416527021436, 25.572250228628263 ], [ 54.625416527021436, 25.572340060156677 ], [ 54.62532669549303, 25.572340060156677 ], [ 54.62532669549303, 25.5725197232135 ], [ 54.625236863964616, 25.5725197232135 ], [ 54.625236863964616, 25.572789217798736 ], [ 54.62532669549303, 25.572789217798736 ], [ 54.62532669549303, 25.572879049327149 ], [ 54.625506358549849, 25.572879049327149 ], [ 54.625506358549849, 25.572968880855559 ] ], [ [ 54.623799559510026, 25.572699386270322 ], [ 54.624069054095258, 25.572699386270322 ], [ 54.624069054095258, 25.572609554741913 ], [ 54.623979222566845, 25.572609554741913 ], [ 54.623979222566845, 25.5725197232135 ], [ 54.623889391038439, 25.5725197232135 ], [ 54.623889391038439, 25.57242989168509 ], [ 54.623799559510026, 25.57242989168509 ], [ 54.623799559510026, 25.572699386270322 ] ], [ [ 54.67967477018226, 25.570004440417964 ], [ 54.679764601710673, 25.570004440417964 ], [ 54.679764601710673, 25.569914608889555 ], [ 54.67967477018226, 25.569914608889555 ], [ 54.67967477018226, 25.570004440417964 ] ], [ [ 54.620475792958779, 25.569465451247495 ], [ 54.620565624487192, 25.569465451247495 ], [ 54.620565624487192, 25.569375619719082 ], [ 54.620475792958779, 25.569375619719082 ], [ 54.620475792958779, 25.569465451247495 ] ], [ [ 54.615085901254062, 25.568028146792901 ], [ 54.615175732782475, 25.568028146792901 ], [ 54.615175732782475, 25.567938315264492 ], [ 54.615535058896121, 25.567938315264492 ], [ 54.615535058896121, 25.567848483736078 ], [ 54.615804553481361, 25.567848483736078 ], [ 54.615804553481361, 25.567758652207665 ], [ 54.615894385009774, 25.567758652207665 ], [ 54.615894385009774, 25.567668820679256 ], [ 54.616163879595007, 25.567668820679256 ], [ 54.616163879595007, 25.567578989150842 ], [ 54.616792700293892, 25.567578989150842 ], [ 54.616792700293892, 25.567489157622433 ], [ 54.616972363350719, 25.567489157622433 ], [ 54.616972363350719, 25.567399326094019 ], [ 54.617152026407538, 25.567399326094019 ], [ 54.617152026407538, 25.567309494565606 ], [ 54.617421520992778, 25.567309494565606 ], [ 54.617421520992778, 25.567399326094019 ], [ 54.617691015578011, 25.567399326094019 ], [ 54.617691015578011, 25.567489157622433 ], [ 54.617870678634837, 25.567489157622433 ], [ 54.617870678634837, 25.567578989150842 ], [ 54.618499499333716, 25.567578989150842 ], [ 54.618499499333716, 25.567489157622433 ], [ 54.618679162390542, 25.567489157622433 ], [ 54.618679162390542, 25.567399326094019 ], [ 54.619038488504188, 25.567399326094019 ], [ 54.619038488504188, 25.567309494565606 ], [ 54.619128320032601, 25.567309494565606 ], [ 54.619128320032601, 25.567219663037196 ], [ 54.619667309203074, 25.567219663037196 ], [ 54.619667309203074, 25.567309494565606 ], [ 54.620026635316719, 25.567309494565606 ], [ 54.620026635316719, 25.567219663037196 ], [ 54.620116466845133, 25.567219663037196 ], [ 54.620116466845133, 25.56703999998037 ], [ 54.620206298373546, 25.56703999998037 ], [ 54.620206298373546, 25.56695016845196 ], [ 54.620296129901959, 25.56695016845196 ], [ 54.620296129901959, 25.566770505395134 ], [ 54.620385961430372, 25.566770505395134 ], [ 54.620385961430372, 25.566590842338311 ], [ 54.620296129901959, 25.566590842338311 ], [ 54.620296129901959, 25.566411179281488 ], [ 54.620206298373546, 25.566411179281488 ], [ 54.620206298373546, 25.566231516224665 ], [ 54.620116466845133, 25.566231516224665 ], [ 54.620116466845133, 25.565872190111016 ], [ 54.620026635316719, 25.565872190111016 ], [ 54.620026635316719, 25.565692527054193 ], [ 54.619936803788313, 25.565692527054193 ], [ 54.619936803788313, 25.56551286399737 ], [ 54.6198469722599, 25.56551286399737 ], [ 54.6198469722599, 25.565333200940543 ], [ 54.619757140731487, 25.565333200940543 ], [ 54.619757140731487, 25.56515353788372 ], [ 54.619397814617841, 25.56515353788372 ], [ 54.619397814617841, 25.565333200940543 ], [ 54.619307983089428, 25.565333200940543 ], [ 54.619307983089428, 25.565423032468956 ], [ 54.619218151561014, 25.565423032468956 ], [ 54.619218151561014, 25.565602695525779 ], [ 54.619128320032601, 25.565602695525779 ], [ 54.619128320032601, 25.565692527054193 ], [ 54.618948656975782, 25.565692527054193 ], [ 54.618948656975782, 25.565782358582602 ], [ 54.618858825447369, 25.565782358582602 ], [ 54.618858825447369, 25.565872190111016 ], [ 54.618589330862129, 25.565872190111016 ], [ 54.618589330862129, 25.565962021639429 ], [ 54.618499499333716, 25.565962021639429 ], [ 54.618499499333716, 25.565872190111016 ], [ 54.618230004748483, 25.565872190111016 ], [ 54.618230004748483, 25.565782358582602 ], [ 54.61814017322007, 25.565782358582602 ], [ 54.61814017322007, 25.565692527054193 ], [ 54.618050341691657, 25.565692527054193 ], [ 54.618050341691657, 25.56551286399737 ], [ 54.61796051016325, 25.56551286399737 ], [ 54.61796051016325, 25.565423032468956 ], [ 54.617870678634837, 25.565423032468956 ], [ 54.617870678634837, 25.565243369412133 ], [ 54.617601184049597, 25.565243369412133 ], [ 54.617601184049597, 25.56515353788372 ], [ 54.617421520992778, 25.56515353788372 ], [ 54.617421520992778, 25.565063706355307 ], [ 54.617241857935952, 25.565063706355307 ], [ 54.617241857935952, 25.56515353788372 ], [ 54.617152026407538, 25.56515353788372 ], [ 54.617152026407538, 25.565243369412133 ], [ 54.617062194879125, 25.565243369412133 ], [ 54.617062194879125, 25.565333200940543 ], [ 54.616972363350719, 25.565333200940543 ], [ 54.616972363350719, 25.565423032468956 ], [ 54.616882531822306, 25.565423032468956 ], [ 54.616882531822306, 25.56551286399737 ], [ 54.616702868765479, 25.56551286399737 ], [ 54.616702868765479, 25.565602695525779 ], [ 54.616433374180247, 25.565602695525779 ], [ 54.616433374180247, 25.565782358582602 ], [ 54.616074048066594, 25.565782358582602 ], [ 54.616074048066594, 25.565872190111016 ], [ 54.615984216538187, 25.565872190111016 ], [ 54.615984216538187, 25.565962021639429 ], [ 54.615894385009774, 25.565962021639429 ], [ 54.615894385009774, 25.566051853167838 ], [ 54.615714721952948, 25.566051853167838 ], [ 54.615714721952948, 25.566141684696252 ], [ 54.615445227367715, 25.566141684696252 ], [ 54.615445227367715, 25.566231516224665 ], [ 54.615265564310889, 25.566231516224665 ], [ 54.615265564310889, 25.566141684696252 ], [ 54.614906238197243, 25.566141684696252 ], [ 54.614906238197243, 25.566051853167838 ], [ 54.614277417498357, 25.566051853167838 ], [ 54.614277417498357, 25.566141684696252 ], [ 54.614187585969944, 25.566141684696252 ], [ 54.614187585969944, 25.566231516224665 ], [ 54.614097754441531, 25.566231516224665 ], [ 54.614097754441531, 25.566411179281488 ], [ 54.614007922913125, 25.566411179281488 ], [ 54.614007922913125, 25.566590842338311 ], [ 54.613918091384711, 25.566590842338311 ], [ 54.613918091384711, 25.566770505395134 ], [ 54.613828259856298, 25.566770505395134 ], [ 54.613828259856298, 25.56695016845196 ], [ 54.613918091384711, 25.56695016845196 ], [ 54.613918091384711, 25.567309494565606 ], [ 54.613828259856298, 25.567309494565606 ], [ 54.613828259856298, 25.567489157622433 ], [ 54.613918091384711, 25.567489157622433 ], [ 54.613918091384711, 25.567668820679256 ], [ 54.613828259856298, 25.567668820679256 ], [ 54.613828259856298, 25.567758652207665 ], [ 54.613918091384711, 25.567758652207665 ], [ 54.613918091384711, 25.567848483736078 ], [ 54.614097754441531, 25.567848483736078 ], [ 54.614097754441531, 25.567758652207665 ], [ 54.614187585969944, 25.567758652207665 ], [ 54.614187585969944, 25.567848483736078 ], [ 54.61481640666883, 25.567848483736078 ], [ 54.61481640666883, 25.567938315264492 ], [ 54.615085901254062, 25.567938315264492 ], [ 54.615085901254062, 25.568028146792901 ] ], [ [ 54.624608043265731, 25.563626401900716 ], [ 54.624787706322557, 25.563626401900716 ], [ 54.624787706322557, 25.563536570372307 ], [ 54.624877537850971, 25.563536570372307 ], [ 54.624877537850971, 25.563446738843894 ], [ 54.624787706322557, 25.563446738843894 ], [ 54.624787706322557, 25.56335690731548 ], [ 54.624697874794144, 25.56335690731548 ], [ 54.624697874794144, 25.563267075787071 ], [ 54.624608043265731, 25.563267075787071 ], [ 54.624608043265731, 25.563177244258657 ], [ 54.624338548680498, 25.563177244258657 ], [ 54.624338548680498, 25.563267075787071 ], [ 54.624248717152085, 25.563267075787071 ], [ 54.624248717152085, 25.56335690731548 ], [ 54.624338548680498, 25.56335690731548 ], [ 54.624338548680498, 25.563446738843894 ], [ 54.624428380208904, 25.563446738843894 ], [ 54.624428380208904, 25.563536570372307 ], [ 54.624608043265731, 25.563536570372307 ], [ 54.624608043265731, 25.563626401900716 ] ], [ [ 54.622272423527022, 25.56335690731548 ], [ 54.622541918112255, 25.56335690731548 ], [ 54.622541918112255, 25.563267075787071 ], [ 54.622631749640668, 25.563267075787071 ], [ 54.622631749640668, 25.562997581201834 ], [ 54.622721581169081, 25.562997581201834 ], [ 54.622721581169081, 25.562728086616598 ], [ 54.622631749640668, 25.562728086616598 ], [ 54.622631749640668, 25.562458592031362 ], [ 54.622452086583841, 25.562458592031362 ], [ 54.622452086583841, 25.562368760502949 ], [ 54.622272423527022, 25.562368760502949 ], [ 54.622272423527022, 25.562278928974539 ], [ 54.622182591998609, 25.562278928974539 ], [ 54.622182591998609, 25.562368760502949 ], [ 54.62173343435655, 25.562368760502949 ], [ 54.62173343435655, 25.562278928974539 ], [ 54.621823265884963, 25.562278928974539 ], [ 54.621823265884963, 25.562099265917713 ], [ 54.62173343435655, 25.562099265917713 ], [ 54.62173343435655, 25.562189097446126 ], [ 54.621643602828136, 25.562189097446126 ], [ 54.621643602828136, 25.562278928974539 ], [ 54.62146393977131, 25.562278928974539 ], [ 54.62146393977131, 25.562368760502949 ], [ 54.621553771299723, 25.562368760502949 ], [ 54.621553771299723, 25.562458592031362 ], [ 54.62173343435655, 25.562458592031362 ], [ 54.62173343435655, 25.562548423559775 ], [ 54.621823265884963, 25.562548423559775 ], [ 54.621823265884963, 25.563087412730244 ], [ 54.621913097413376, 25.563087412730244 ], [ 54.621913097413376, 25.563177244258657 ], [ 54.622002928941782, 25.563177244258657 ], [ 54.622002928941782, 25.563267075787071 ], [ 54.622272423527022, 25.563267075787071 ], [ 54.622272423527022, 25.56335690731548 ] ], [ [ 54.566217549797962, 25.56003314076424 ], [ 54.566666707440021, 25.56003314076424 ], [ 54.566666707440021, 25.559943309235827 ], [ 54.566846370496847, 25.559943309235827 ], [ 54.566846370496847, 25.559763646179004 ], [ 54.56711586508208, 25.559763646179004 ], [ 54.56711586508208, 25.559673814650591 ], [ 54.566756538968434, 25.559673814650591 ], [ 54.566756538968434, 25.559583983122177 ], [ 54.566576875911608, 25.559583983122177 ], [ 54.566576875911608, 25.559494151593768 ], [ 54.566397212854788, 25.559494151593768 ], [ 54.566397212854788, 25.559583983122177 ], [ 54.566307381326375, 25.559583983122177 ], [ 54.566307381326375, 25.559673814650591 ], [ 54.566217549797962, 25.559673814650591 ], [ 54.566217549797962, 25.56003314076424 ] ], [ [ 54.567744685780966, 25.559763646179004 ], [ 54.567924348837792, 25.559763646179004 ], [ 54.567924348837792, 25.559673814650591 ], [ 54.568104011894611, 25.559673814650591 ], [ 54.568104011894611, 25.559583983122177 ], [ 54.568463338008264, 25.559583983122177 ], [ 54.568463338008264, 25.559494151593768 ], [ 54.568553169536671, 25.559494151593768 ], [ 54.568553169536671, 25.559404320065354 ], [ 54.56882266412191, 25.559404320065354 ], [ 54.56882266412191, 25.559314488536945 ], [ 54.569092158707143, 25.559314488536945 ], [ 54.569092158707143, 25.559224657008532 ], [ 54.569451484820796, 25.559224657008532 ], [ 54.569451484820796, 25.559134825480118 ], [ 54.569810810934442, 25.559134825480118 ], [ 54.569810810934442, 25.559044993951709 ], [ 54.570080305519674, 25.559044993951709 ], [ 54.570080305519674, 25.558955162423295 ], [ 54.5709786208038, 25.558955162423295 ], [ 54.5709786208038, 25.559044993951709 ], [ 54.571607441502678, 25.559044993951709 ], [ 54.571607441502678, 25.558955162423295 ], [ 54.572146430673151, 25.558955162423295 ], [ 54.572146430673151, 25.558865330894882 ], [ 54.572326093729977, 25.558865330894882 ], [ 54.572326093729977, 25.558775499366472 ], [ 54.57241592525839, 25.558775499366472 ], [ 54.57241592525839, 25.558685667838059 ], [ 54.57259558831521, 25.558685667838059 ], [ 54.57259558831521, 25.558595836309646 ], [ 54.5740328927698, 25.558595836309646 ], [ 54.5740328927698, 25.558506004781236 ], [ 54.574571881940273, 25.558506004781236 ], [ 54.574571881940273, 25.558416173252823 ], [ 54.575290534167571, 25.558416173252823 ], [ 54.575290534167571, 25.558326341724413 ], [ 54.57573969180963, 25.558326341724413 ], [ 54.57573969180963, 25.558236510196 ], [ 54.576099017923276, 25.558236510196 ], [ 54.576099017923276, 25.558146678667587 ], [ 54.576638007093749, 25.558146678667587 ], [ 54.576638007093749, 25.558056847139177 ], [ 54.576817670150575, 25.558056847139177 ], [ 54.576817670150575, 25.557967015610764 ], [ 54.577087164735808, 25.557967015610764 ], [ 54.577087164735808, 25.557877184082351 ], [ 54.577266827792634, 25.557877184082351 ], [ 54.577266827792634, 25.557787352553941 ], [ 54.578344806133579, 25.557787352553941 ], [ 54.578344806133579, 25.557877184082351 ], [ 54.579153289889284, 25.557877184082351 ], [ 54.579153289889284, 25.557787352553941 ], [ 54.579692279059756, 25.557787352553941 ], [ 54.579692279059756, 25.557877184082351 ], [ 54.579871942116583, 25.557877184082351 ], [ 54.579871942116583, 25.557787352553941 ], [ 54.580680425872288, 25.557787352553941 ], [ 54.580680425872288, 25.557697521025528 ], [ 54.581758404213232, 25.557697521025528 ], [ 54.581758404213232, 25.557607689497114 ], [ 54.582566887968937, 25.557607689497114 ], [ 54.582566887968937, 25.557517857968705 ], [ 54.583016045610997, 25.557517857968705 ], [ 54.583016045610997, 25.557428026440292 ], [ 54.583285540196236, 25.557428026440292 ], [ 54.583285540196236, 25.557338194911882 ], [ 54.583465203253056, 25.557338194911882 ], [ 54.583465203253056, 25.557248363383469 ], [ 54.583734697838295, 25.557248363383469 ], [ 54.583734697838295, 25.557158531855055 ], [ 54.584094023951941, 25.557158531855055 ], [ 54.584094023951941, 25.557068700326646 ], [ 54.584453350065587, 25.557068700326646 ], [ 54.584453350065587, 25.557158531855055 ], [ 54.585710991463358, 25.557158531855055 ], [ 54.585710991463358, 25.557068700326646 ], [ 54.586160149105417, 25.557068700326646 ], [ 54.586160149105417, 25.556978868798232 ], [ 54.586339812162237, 25.556978868798232 ], [ 54.586339812162237, 25.556889037269819 ], [ 54.586519475219063, 25.556889037269819 ], [ 54.586519475219063, 25.55679920574141 ], [ 54.586609306747476, 25.55679920574141 ], [ 54.586609306747476, 25.556709374212996 ], [ 54.587327958974768, 25.556709374212996 ], [ 54.587327958974768, 25.55679920574141 ], [ 54.587417790503181, 25.55679920574141 ], [ 54.587417790503181, 25.556709374212996 ], [ 54.587597453560008, 25.556709374212996 ], [ 54.587597453560008, 25.55679920574141 ], [ 54.587777116616834, 25.55679920574141 ], [ 54.587777116616834, 25.556619542684583 ], [ 54.587866948145241, 25.556619542684583 ], [ 54.587866948145241, 25.556529711156173 ], [ 54.587956779673654, 25.556529711156173 ], [ 54.587956779673654, 25.55643987962776 ], [ 54.589663578713484, 25.55643987962776 ], [ 54.589663578713484, 25.55635004809935 ], [ 54.589933073298717, 25.55635004809935 ], [ 54.589933073298717, 25.556260216570937 ], [ 54.590202567883956, 25.556260216570937 ], [ 54.590202567883956, 25.556170385042524 ], [ 54.590472062469189, 25.556170385042524 ], [ 54.590472062469189, 25.556080553514114 ], [ 54.590741557054429, 25.556080553514114 ], [ 54.590741557054429, 25.555990721985701 ], [ 54.591280546224894, 25.555990721985701 ], [ 54.591280546224894, 25.555900890457288 ], [ 54.591550040810134, 25.555900890457288 ], [ 54.591550040810134, 25.555811058928878 ], [ 54.59172970386696, 25.555811058928878 ], [ 54.59172970386696, 25.555721227400465 ], [ 54.59190936692378, 25.555721227400465 ], [ 54.59190936692378, 25.555631395872052 ], [ 54.592538187622665, 25.555631395872052 ], [ 54.592538187622665, 25.555541564343642 ], [ 54.592807682207898, 25.555541564343642 ], [ 54.592807682207898, 25.555451732815229 ], [ 54.592987345264724, 25.555451732815229 ], [ 54.592987345264724, 25.555361901286819 ], [ 54.593256839849957, 25.555361901286819 ], [ 54.593256839849957, 25.555272069758406 ], [ 54.593436502906783, 25.555272069758406 ], [ 54.593436502906783, 25.555182238229992 ], [ 54.593526334435197, 25.555182238229992 ], [ 54.593526334435197, 25.555092406701583 ], [ 54.593705997492023, 25.555092406701583 ], [ 54.593705997492023, 25.55500257517317 ], [ 54.593795829020429, 25.55500257517317 ], [ 54.593795829020429, 25.554912743644756 ], [ 54.593885660548843, 25.554912743644756 ], [ 54.593885660548843, 25.554822912116347 ], [ 54.594963638889787, 25.554822912116347 ], [ 54.594963638889787, 25.554733080587933 ], [ 54.594244986662488, 25.554733080587933 ], [ 54.594244986662488, 25.55464324905952 ], [ 54.593526334435197, 25.55464324905952 ], [ 54.593526334435197, 25.554733080587933 ], [ 54.592987345264724, 25.554733080587933 ], [ 54.592987345264724, 25.554822912116347 ], [ 54.588675431900953, 25.554822912116347 ], [ 54.588675431900953, 25.554733080587933 ], [ 54.588495768844126, 25.554733080587933 ], [ 54.588495768844126, 25.554822912116347 ], [ 54.5883161057873, 25.554822912116347 ], [ 54.5883161057873, 25.554733080587933 ], [ 54.587956779673654, 25.554733080587933 ], [ 54.587956779673654, 25.55464324905952 ], [ 54.587866948145241, 25.55464324905952 ], [ 54.587866948145241, 25.554014428360638 ], [ 54.587777116616834, 25.554014428360638 ], [ 54.587777116616834, 25.55455341753111 ], [ 54.587687285088421, 25.55455341753111 ], [ 54.587687285088421, 25.55464324905952 ], [ 54.587597453560008, 25.55464324905952 ], [ 54.587597453560008, 25.554733080587933 ], [ 54.587507622031595, 25.554733080587933 ], [ 54.587507622031595, 25.554822912116347 ], [ 54.587058464389536, 25.554822912116347 ], [ 54.587058464389536, 25.554733080587933 ], [ 54.586968632861122, 25.554733080587933 ], [ 54.586968632861122, 25.55464324905952 ], [ 54.586788969804303, 25.55464324905952 ], [ 54.586788969804303, 25.55455341753111 ], [ 54.58669913827589, 25.55455341753111 ], [ 54.58669913827589, 25.554463586002697 ], [ 54.586788969804303, 25.554463586002697 ], [ 54.586788969804303, 25.554014428360638 ], [ 54.58669913827589, 25.554014428360638 ], [ 54.58669913827589, 25.553924596832225 ], [ 54.586609306747476, 25.553924596832225 ], [ 54.586609306747476, 25.553834765303815 ], [ 54.585890654520178, 25.553834765303815 ], [ 54.585890654520178, 25.553744933775402 ], [ 54.585441496878119, 25.553744933775402 ], [ 54.585441496878119, 25.553655102246989 ], [ 54.585351665349705, 25.553655102246989 ], [ 54.585351665349705, 25.553744933775402 ], [ 54.584992339236059, 25.553744933775402 ], [ 54.584992339236059, 25.553834765303815 ], [ 54.58481267617924, 25.553834765303815 ], [ 54.58481267617924, 25.553924596832225 ], [ 54.584543181594, 25.553924596832225 ], [ 54.584543181594, 25.554014428360638 ], [ 54.584094023951941, 25.554014428360638 ], [ 54.584094023951941, 25.553924596832225 ], [ 54.583644866309882, 25.553924596832225 ], [ 54.583644866309882, 25.553834765303815 ], [ 54.583375371724642, 25.553834765303815 ], [ 54.583375371724642, 25.553924596832225 ], [ 54.582566887968937, 25.553924596832225 ], [ 54.582566887968937, 25.553834765303815 ], [ 54.582477056440524, 25.553834765303815 ], [ 54.582477056440524, 25.553924596832225 ], [ 54.582117730326878, 25.553924596832225 ], [ 54.582117730326878, 25.554014428360638 ], [ 54.581938067270052, 25.554014428360638 ], [ 54.581938067270052, 25.553924596832225 ], [ 54.581578741156406, 25.553924596832225 ], [ 54.581578741156406, 25.554014428360638 ], [ 54.581039751985934, 25.554014428360638 ], [ 54.581039751985934, 25.554104259889051 ], [ 54.580500762815461, 25.554104259889051 ], [ 54.580500762815461, 25.554014428360638 ], [ 54.57951261600293, 25.554014428360638 ], [ 54.57951261600293, 25.554104259889051 ], [ 54.578793963775638, 25.554104259889051 ], [ 54.578793963775638, 25.554194091417461 ], [ 54.577985480019926, 25.554194091417461 ], [ 54.577985480019926, 25.554104259889051 ], [ 54.577715985434693, 25.554104259889051 ], [ 54.577715985434693, 25.554194091417461 ], [ 54.577176996264221, 25.554194091417461 ], [ 54.577176996264221, 25.554283922945874 ], [ 54.576727838622162, 25.554283922945874 ], [ 54.576727838622162, 25.554373754474287 ], [ 54.576458344036922, 25.554373754474287 ], [ 54.576458344036922, 25.554463586002697 ], [ 54.576368512508516, 25.554463586002697 ], [ 54.576368512508516, 25.55455341753111 ], [ 54.575560028752804, 25.55455341753111 ], [ 54.575560028752804, 25.55464324905952 ], [ 54.575380365695985, 25.55464324905952 ], [ 54.575380365695985, 25.554733080587933 ], [ 54.574751544997099, 25.554733080587933 ], [ 54.574751544997099, 25.554822912116347 ], [ 54.573673566656154, 25.554822912116347 ], [ 54.573673566656154, 25.554733080587933 ], [ 54.572056599144737, 25.554733080587933 ], [ 54.572056599144737, 25.55464324905952 ], [ 54.571068452332206, 25.55464324905952 ], [ 54.571068452332206, 25.55455341753111 ], [ 54.570888789275386, 25.55455341753111 ], [ 54.570888789275386, 25.554373754474287 ], [ 54.570619294690147, 25.554373754474287 ], [ 54.570619294690147, 25.554283922945874 ], [ 54.570080305519674, 25.554283922945874 ], [ 54.570080305519674, 25.554194091417461 ], [ 54.569900642462855, 25.554194091417461 ], [ 54.569900642462855, 25.554104259889051 ], [ 54.569720979406029, 25.554104259889051 ], [ 54.569720979406029, 25.554014428360638 ], [ 54.569541316349202, 25.554014428360638 ], [ 54.569541316349202, 25.553924596832225 ], [ 54.569361653292383, 25.553924596832225 ], [ 54.569361653292383, 25.553834765303815 ], [ 54.569271821763969, 25.553834765303815 ], [ 54.569271821763969, 25.553744933775402 ], [ 54.569181990235556, 25.553744933775402 ], [ 54.569181990235556, 25.553655102246989 ], [ 54.569092158707143, 25.553655102246989 ], [ 54.569092158707143, 25.553565270718579 ], [ 54.569002327178737, 25.553565270718579 ], [ 54.569002327178737, 25.553475439190166 ], [ 54.568912495650324, 25.553475439190166 ], [ 54.568912495650324, 25.553385607661756 ], [ 54.56882266412191, 25.553385607661756 ], [ 54.56882266412191, 25.553295776133343 ], [ 54.568553169536671, 25.553295776133343 ], [ 54.568553169536671, 25.55320594460493 ], [ 54.568373506479851, 25.55320594460493 ], [ 54.568373506479851, 25.553295776133343 ], [ 54.568014180366205, 25.553295776133343 ], [ 54.568014180366205, 25.553385607661756 ], [ 54.567654854252552, 25.553385607661756 ], [ 54.567654854252552, 25.553475439190166 ], [ 54.567475191195733, 25.553475439190166 ], [ 54.567475191195733, 25.553385607661756 ], [ 54.567205696610493, 25.553385607661756 ], [ 54.567205696610493, 25.553475439190166 ], [ 54.567026033553667, 25.553475439190166 ], [ 54.567026033553667, 25.553385607661756 ], [ 54.566756538968434, 25.553385607661756 ], [ 54.566756538968434, 25.553295776133343 ], [ 54.566666707440021, 25.553295776133343 ], [ 54.566666707440021, 25.55320594460493 ], [ 54.566576875911608, 25.55320594460493 ], [ 54.566576875911608, 25.55311611307652 ], [ 54.566487044383202, 25.55311611307652 ], [ 54.566487044383202, 25.553026281548107 ], [ 54.566397212854788, 25.553026281548107 ], [ 54.566397212854788, 25.552846618491284 ], [ 54.566307381326375, 25.552846618491284 ], [ 54.566307381326375, 25.55275678696287 ], [ 54.566217549797962, 25.55275678696287 ], [ 54.566217549797962, 25.552577123906048 ], [ 54.566127718269549, 25.552577123906048 ], [ 54.566127718269549, 25.552487292377634 ], [ 54.566037886741135, 25.552487292377634 ], [ 54.566037886741135, 25.552397460849225 ], [ 54.565948055212729, 25.552397460849225 ], [ 54.565948055212729, 25.552307629320811 ], [ 54.565858223684316, 25.552307629320811 ], [ 54.565858223684316, 25.552217797792398 ], [ 54.565678560627489, 25.552217797792398 ], [ 54.565678560627489, 25.552127966263988 ], [ 54.56549889757067, 25.552127966263988 ], [ 54.56549889757067, 25.552038134735575 ], [ 54.565319234513844, 25.552038134735575 ], [ 54.565319234513844, 25.551948303207162 ], [ 54.565049739928604, 25.551948303207162 ], [ 54.565049739928604, 25.551858471678752 ], [ 54.564870076871784, 25.551858471678752 ], [ 54.564870076871784, 25.551678808621926 ], [ 54.564780245343371, 25.551678808621926 ], [ 54.564780245343371, 25.55131948250828 ], [ 54.564690413814958, 25.55131948250828 ], [ 54.564690413814958, 25.551409314036693 ], [ 54.564331087701312, 25.551409314036693 ], [ 54.564331087701312, 25.55131948250828 ], [ 54.563702267002427, 25.55131948250828 ], [ 54.563702267002427, 25.551229650979867 ], [ 54.563432772417194, 25.551229650979867 ], [ 54.563432772417194, 25.551139819451457 ], [ 54.563163277831954, 25.551139819451457 ], [ 54.563163277831954, 25.551049987923044 ], [ 54.562893783246722, 25.551049987923044 ], [ 54.562893783246722, 25.55096015639463 ], [ 54.562714120189895, 25.55096015639463 ], [ 54.562714120189895, 25.550780493337808 ], [ 54.562624288661482, 25.550780493337808 ], [ 54.562624288661482, 25.550510998752571 ], [ 54.562534457133076, 25.550510998752571 ], [ 54.562534457133076, 25.549792346525276 ], [ 54.562624288661482, 25.549792346525276 ], [ 54.562624288661482, 25.549702514996863 ], [ 54.562534457133076, 25.549702514996863 ], [ 54.562534457133076, 25.54952285194004 ], [ 54.562624288661482, 25.54952285194004 ], [ 54.562624288661482, 25.54943302041163 ], [ 54.562534457133076, 25.54943302041163 ], [ 54.562534457133076, 25.549253357354804 ], [ 54.562444625604662, 25.549253357354804 ], [ 54.562444625604662, 25.548983862769568 ], [ 54.562354794076249, 25.548983862769568 ], [ 54.562354794076249, 25.548894031241158 ], [ 54.562264962547836, 25.548894031241158 ], [ 54.562264962547836, 25.548714368184331 ], [ 54.562175131019423, 25.548714368184331 ], [ 54.562175131019423, 25.548624536655922 ], [ 54.562085299491009, 25.548624536655922 ], [ 54.562085299491009, 25.548444873599099 ], [ 54.561995467962603, 25.548444873599099 ], [ 54.561995467962603, 25.548355042070686 ], [ 54.56190563643419, 25.548355042070686 ], [ 54.56190563643419, 25.548175379013863 ], [ 54.561815804905777, 25.548175379013863 ], [ 54.561815804905777, 25.548085547485449 ], [ 54.561725973377364, 25.548085547485449 ], [ 54.561725973377364, 25.547995715957036 ], [ 54.56163614184895, 25.547995715957036 ], [ 54.56163614184895, 25.547905884428626 ], [ 54.561546310320544, 25.547905884428626 ], [ 54.561546310320544, 25.5477262213718 ], [ 54.561456478792131, 25.5477262213718 ], [ 54.561456478792131, 25.54763638984339 ], [ 54.561366647263718, 25.54763638984339 ], [ 54.561366647263718, 25.547546558314977 ], [ 54.561456478792131, 25.547546558314977 ], [ 54.561456478792131, 25.547456726786567 ], [ 54.561546310320544, 25.547456726786567 ], [ 54.561546310320544, 25.546827906087682 ], [ 54.56163614184895, 25.546827906087682 ], [ 54.56163614184895, 25.546648243030859 ], [ 54.561725973377364, 25.546648243030859 ], [ 54.561725973377364, 25.546558411502446 ], [ 54.561815804905777, 25.546558411502446 ], [ 54.561815804905777, 25.546468579974036 ], [ 54.56190563643419, 25.546468579974036 ], [ 54.56190563643419, 25.546378748445623 ], [ 54.562085299491009, 25.546378748445623 ], [ 54.562085299491009, 25.546288916917209 ], [ 54.562264962547836, 25.546288916917209 ], [ 54.562264962547836, 25.546019422331973 ], [ 54.562354794076249, 25.546019422331973 ], [ 54.562354794076249, 25.545929590803564 ], [ 54.562444625604662, 25.545929590803564 ], [ 54.562444625604662, 25.545660096218327 ], [ 54.562354794076249, 25.545660096218327 ], [ 54.562354794076249, 25.545570264689914 ], [ 54.562264962547836, 25.545570264689914 ], [ 54.562264962547836, 25.545390601633091 ], [ 54.562085299491009, 25.545390601633091 ], [ 54.562085299491009, 25.545300770104678 ], [ 54.56190563643419, 25.545300770104678 ], [ 54.56190563643419, 25.545210938576268 ], [ 54.561725973377364, 25.545210938576268 ], [ 54.561725973377364, 25.545121107047855 ], [ 54.560647995036419, 25.545121107047855 ], [ 54.560647995036419, 25.545031275519442 ], [ 54.5604683319796, 25.545031275519442 ], [ 54.5604683319796, 25.544941443991032 ], [ 54.560378500451186, 25.544941443991032 ], [ 54.560378500451186, 25.544851612462619 ], [ 54.56019883739436, 25.544851612462619 ], [ 54.56019883739436, 25.544761780934206 ], [ 54.56001917433754, 25.544761780934206 ], [ 54.56001917433754, 25.544671949405796 ], [ 54.559659848223887, 25.544671949405796 ], [ 54.559659848223887, 25.544582117877383 ], [ 54.559300522110242, 25.544582117877383 ], [ 54.559300522110242, 25.544492286348969 ], [ 54.559031027525009, 25.544492286348969 ], [ 54.559031027525009, 25.54440245482056 ], [ 54.558851364468183, 25.54440245482056 ], [ 54.558851364468183, 25.544312623292146 ], [ 54.55831237529771, 25.544312623292146 ], [ 54.55831237529771, 25.544222791763737 ], [ 54.558042880712478, 25.544222791763737 ], [ 54.558042880712478, 25.544132960235324 ], [ 54.557953049184064, 25.544132960235324 ], [ 54.557953049184064, 25.54404312870691 ], [ 54.557773386127238, 25.54404312870691 ], [ 54.557773386127238, 25.543953297178501 ], [ 54.557683554598825, 25.543953297178501 ], [ 54.557683554598825, 25.543863465650087 ], [ 54.557593723070418, 25.543863465650087 ], [ 54.557593723070418, 25.543773634121674 ], [ 54.557503891542005, 25.543773634121674 ], [ 54.557503891542005, 25.543683802593264 ], [ 54.557414060013592, 25.543683802593264 ], [ 54.557414060013592, 25.543593971064851 ], [ 54.557234396956765, 25.543593971064851 ], [ 54.557234396956765, 25.543504139536438 ], [ 54.557054733899946, 25.543504139536438 ], [ 54.557054733899946, 25.543414308008028 ], [ 54.55687507084312, 25.543414308008028 ], [ 54.55687507084312, 25.543324476479615 ], [ 54.556605576257887, 25.543324476479615 ], [ 54.556605576257887, 25.543234644951205 ], [ 54.555976755559001, 25.543234644951205 ], [ 54.555976755559001, 25.543144813422792 ], [ 54.555707260973762, 25.543144813422792 ], [ 54.555707260973762, 25.543054981894379 ], [ 54.555527597916942, 25.543054981894379 ], [ 54.555527597916942, 25.542965150365969 ], [ 54.555347934860116, 25.542965150365969 ], [ 54.555347934860116, 25.542875318837556 ], [ 54.555168271803289, 25.542875318837556 ], [ 54.555168271803289, 25.542785487309143 ], [ 54.555078440274883, 25.542785487309143 ], [ 54.555078440274883, 25.542695655780733 ], [ 54.55498860874647, 25.542695655780733 ], [ 54.55498860874647, 25.54260582425232 ], [ 54.554898777218057, 25.54260582425232 ], [ 54.554898777218057, 25.542515992723906 ], [ 54.55471911416123, 25.542515992723906 ], [ 54.55471911416123, 25.542426161195497 ], [ 54.554449619575998, 25.542426161195497 ], [ 54.554449619575998, 25.542336329667084 ], [ 54.554180124990758, 25.542336329667084 ], [ 54.554180124990758, 25.542246498138674 ], [ 54.554090293462352, 25.542246498138674 ], [ 54.554090293462352, 25.542156666610261 ], [ 54.554000461933938, 25.542156666610261 ], [ 54.554000461933938, 25.542066835081847 ], [ 54.553820798877112, 25.542066835081847 ], [ 54.553820798877112, 25.541977003553438 ], [ 54.553641135820293, 25.541977003553438 ], [ 54.553641135820293, 25.541887172025024 ], [ 54.553461472763466, 25.541887172025024 ], [ 54.553461472763466, 25.541797340496611 ], [ 54.55328180970664, 25.541797340496611 ], [ 54.55328180970664, 25.541707508968202 ], [ 54.553191978178226, 25.541707508968202 ], [ 54.553191978178226, 25.541617677439788 ], [ 54.55310214664982, 25.541617677439788 ], [ 54.55310214664982, 25.541527845911375 ], [ 54.553012315121407, 25.541527845911375 ], [ 54.553012315121407, 25.541438014382965 ], [ 54.552922483592994, 25.541438014382965 ], [ 54.552922483592994, 25.541348182854552 ], [ 54.552832652064581, 25.541348182854552 ], [ 54.552832652064581, 25.541258351326142 ], [ 54.552742820536167, 25.541258351326142 ], [ 54.552742820536167, 25.541168519797729 ], [ 54.552652989007761, 25.541168519797729 ], [ 54.552652989007761, 25.541078688269316 ], [ 54.552563157479348, 25.541078688269316 ], [ 54.552563157479348, 25.540988856740906 ], [ 54.552203831365695, 25.540988856740906 ], [ 54.552203831365695, 25.540899025212493 ], [ 54.552024168308876, 25.540899025212493 ], [ 54.552024168308876, 25.54080919368408 ], [ 54.551754673723636, 25.54080919368408 ], [ 54.551754673723636, 25.54071936215567 ], [ 54.55166484219523, 25.54071936215567 ], [ 54.55166484219523, 25.540629530627257 ], [ 54.551485179138403, 25.540629530627257 ], [ 54.551485179138403, 25.540539699098844 ], [ 54.551215684553163, 25.540539699098844 ], [ 54.551215684553163, 25.540449867570434 ], [ 54.550407200797459, 25.540449867570434 ], [ 54.550407200797459, 25.540360036042021 ], [ 54.550137706212226, 25.540360036042021 ], [ 54.550137706212226, 25.540270204513611 ], [ 54.549958043155399, 25.540270204513611 ], [ 54.549958043155399, 25.540180372985198 ], [ 54.549688548570167, 25.540180372985198 ], [ 54.549688548570167, 25.540090541456784 ], [ 54.549329222456514, 25.540090541456784 ], [ 54.549329222456514, 25.540000709928375 ], [ 54.548969896342868, 25.540000709928375 ], [ 54.548969896342868, 25.539910878399962 ], [ 54.548700401757635, 25.539910878399962 ], [ 54.548700401757635, 25.539821046871548 ], [ 54.548520738700809, 25.539821046871548 ], [ 54.548520738700809, 25.539731215343139 ], [ 54.548161412587163, 25.539731215343139 ], [ 54.548161412587163, 25.539641383814725 ], [ 54.547891918001923, 25.539641383814725 ], [ 54.547891918001923, 25.539551552286312 ], [ 54.547712254945104, 25.539551552286312 ], [ 54.547712254945104, 25.539461720757902 ], [ 54.547532591888277, 25.539461720757902 ], [ 54.547532591888277, 25.539371889229489 ], [ 54.547352928831451, 25.539371889229489 ], [ 54.547352928831451, 25.53928205770108 ], [ 54.547173265774632, 25.53928205770108 ], [ 54.547173265774632, 25.539192226172666 ], [ 54.547083434246218, 25.539192226172666 ], [ 54.547083434246218, 25.539102394644253 ], [ 54.546903771189392, 25.539102394644253 ], [ 54.546903771189392, 25.539012563115843 ], [ 54.546813939660979, 25.539012563115843 ], [ 54.546813939660979, 25.53892273158743 ], [ 54.546634276604159, 25.53892273158743 ], [ 54.546634276604159, 25.538832900059017 ], [ 54.546544445075746, 25.538832900059017 ], [ 54.546544445075746, 25.538653237002194 ], [ 54.546454613547333, 25.538653237002194 ], [ 54.546454613547333, 25.538563405473781 ], [ 54.546274950490506, 25.538563405473781 ], [ 54.546274950490506, 25.538473573945371 ], [ 54.546095287433687, 25.538473573945371 ], [ 54.546095287433687, 25.538383742416958 ], [ 54.545735961320041, 25.538383742416958 ], [ 54.545735961320041, 25.538293910888548 ], [ 54.545466466734801, 25.538293910888548 ], [ 54.545466466734801, 25.538204079360135 ], [ 54.545196972149569, 25.538204079360135 ], [ 54.545196972149569, 25.538114247831722 ], [ 54.545017309092742, 25.538114247831722 ], [ 54.545017309092742, 25.538024416303312 ], [ 54.544837646035916, 25.538024416303312 ], [ 54.544837646035916, 25.537934584774899 ], [ 54.544657982979096, 25.537934584774899 ], [ 54.544657982979096, 25.537844753246485 ], [ 54.544568151450683, 25.537844753246485 ], [ 54.544568151450683, 25.537754921718076 ], [ 54.54447831992227, 25.537754921718076 ], [ 54.54447831992227, 25.537665090189662 ], [ 54.544298656865443, 25.537665090189662 ], [ 54.544298656865443, 25.537575258661249 ], [ 54.544208825337037, 25.537575258661249 ], [ 54.544208825337037, 25.53748542713284 ], [ 54.544118993808624, 25.53748542713284 ], [ 54.544118993808624, 25.537395595604426 ], [ 54.543939330751797, 25.537395595604426 ], [ 54.543939330751797, 25.537305764076017 ], [ 54.543759667694978, 25.537305764076017 ], [ 54.543759667694978, 25.537215932547603 ], [ 54.543669836166565, 25.537215932547603 ], [ 54.543669836166565, 25.53712610101919 ], [ 54.543580004638152, 25.53712610101919 ], [ 54.543580004638152, 25.53703626949078 ], [ 54.543490173109738, 25.53703626949078 ], [ 54.543490173109738, 25.536946437962367 ], [ 54.543400341581325, 25.536946437962367 ], [ 54.543400341581325, 25.536856606433954 ], [ 54.543310510052912, 25.536856606433954 ], [ 54.543310510052912, 25.536766774905544 ], [ 54.543220678524506, 25.536766774905544 ], [ 54.543220678524506, 25.536587111848718 ], [ 54.543130846996092, 25.536587111848718 ], [ 54.543130846996092, 25.536497280320308 ], [ 54.543041015467679, 25.536497280320308 ], [ 54.543041015467679, 25.536317617263485 ], [ 54.542861352410853, 25.536317617263485 ], [ 54.542861352410853, 25.536227785735072 ], [ 54.542502026297207, 25.536227785735072 ], [ 54.542502026297207, 25.536137954206659 ], [ 54.541873205598321, 25.536137954206659 ], [ 54.541873205598321, 25.536048122678249 ], [ 54.541693542541502, 25.536048122678249 ], [ 54.541693542541502, 25.536137954206659 ], [ 54.541244384899443, 25.536137954206659 ], [ 54.541244384899443, 25.536227785735072 ], [ 54.540435901143731, 25.536227785735072 ], [ 54.540435901143731, 25.536137954206659 ], [ 54.539986743501672, 25.536137954206659 ], [ 54.539986743501672, 25.536048122678249 ], [ 54.539178259745967, 25.536048122678249 ], [ 54.539178259745967, 25.535958291149836 ], [ 54.538818933632321, 25.535958291149836 ], [ 54.538818933632321, 25.536048122678249 ], [ 54.538549439047081, 25.536048122678249 ], [ 54.538549439047081, 25.536137954206659 ], [ 54.538459607518668, 25.536137954206659 ], [ 54.538459607518668, 25.536227785735072 ], [ 54.538369775990255, 25.536227785735072 ], [ 54.538369775990255, 25.536317617263485 ], [ 54.538190112933435, 25.536317617263485 ], [ 54.538190112933435, 25.536407448791895 ], [ 54.538100281405022, 25.536407448791895 ], [ 54.538100281405022, 25.536497280320308 ], [ 54.537920618348195, 25.536497280320308 ], [ 54.537920618348195, 25.536587111848718 ], [ 54.537740955291376, 25.536587111848718 ], [ 54.537740955291376, 25.536676943377131 ], [ 54.537651123762963, 25.536676943377131 ], [ 54.537651123762963, 25.536766774905544 ], [ 54.537381629177723, 25.536766774905544 ], [ 54.537381629177723, 25.536856606433954 ], [ 54.537022303064077, 25.536856606433954 ], [ 54.537022303064077, 25.536946437962367 ], [ 54.536752808478845, 25.536946437962367 ], [ 54.536752808478845, 25.53703626949078 ], [ 54.536573145422018, 25.53703626949078 ], [ 54.536573145422018, 25.53712610101919 ], [ 54.536393482365192, 25.53712610101919 ], [ 54.536393482365192, 25.537215932547603 ], [ 54.536303650836786, 25.537215932547603 ], [ 54.536303650836786, 25.537305764076017 ], [ 54.536213819308372, 25.537305764076017 ], [ 54.536213819308372, 25.537395595604426 ], [ 54.536034156251546, 25.537395595604426 ], [ 54.536034156251546, 25.53748542713284 ], [ 54.535944324723133, 25.53748542713284 ], [ 54.535944324723133, 25.537575258661249 ], [ 54.535764661666313, 25.537575258661249 ], [ 54.535764661666313, 25.537665090189662 ], [ 54.5356748301379, 25.537665090189662 ], [ 54.5356748301379, 25.537844753246485 ], [ 54.535584998609487, 25.537844753246485 ], [ 54.535584998609487, 25.537934584774899 ], [ 54.535495167081073, 25.537934584774899 ], [ 54.535495167081073, 25.538114247831722 ], [ 54.535584998609487, 25.538114247831722 ], [ 54.535584998609487, 25.538293910888548 ], [ 54.5356748301379, 25.538293910888548 ], [ 54.5356748301379, 25.538473573945371 ], [ 54.535764661666313, 25.538473573945371 ], [ 54.535764661666313, 25.538653237002194 ], [ 54.535854493194726, 25.538653237002194 ], [ 54.535854493194726, 25.538743068530607 ], [ 54.535944324723133, 25.538743068530607 ], [ 54.535944324723133, 25.538832900059017 ], [ 54.536034156251546, 25.538832900059017 ], [ 54.536034156251546, 25.539012563115843 ], [ 54.536393482365192, 25.539012563115843 ], [ 54.536393482365192, 25.53892273158743 ], [ 54.537291797649317, 25.53892273158743 ], [ 54.537291797649317, 25.538832900059017 ], [ 54.537381629177723, 25.538832900059017 ], [ 54.537381629177723, 25.538743068530607 ], [ 54.537651123762963, 25.538743068530607 ], [ 54.537651123762963, 25.538653237002194 ], [ 54.538010449876609, 25.538653237002194 ], [ 54.538010449876609, 25.538832900059017 ], [ 54.538100281405022, 25.538832900059017 ], [ 54.538100281405022, 25.539012563115843 ], [ 54.538190112933435, 25.539012563115843 ], [ 54.538190112933435, 25.53928205770108 ], [ 54.538100281405022, 25.53928205770108 ], [ 54.538100281405022, 25.539551552286312 ], [ 54.538010449876609, 25.539551552286312 ], [ 54.538010449876609, 25.539731215343139 ], [ 54.537920618348195, 25.539731215343139 ], [ 54.537920618348195, 25.539821046871548 ], [ 54.537830786819789, 25.539821046871548 ], [ 54.537830786819789, 25.540270204513611 ], [ 54.537740955291376, 25.540270204513611 ], [ 54.537740955291376, 25.54080919368408 ], [ 54.537830786819789, 25.54080919368408 ], [ 54.537830786819789, 25.540988856740906 ], [ 54.537920618348195, 25.540988856740906 ], [ 54.537920618348195, 25.541078688269316 ], [ 54.538010449876609, 25.541078688269316 ], [ 54.538010449876609, 25.541168519797729 ], [ 54.538100281405022, 25.541168519797729 ], [ 54.538100281405022, 25.541258351326142 ], [ 54.538190112933435, 25.541258351326142 ], [ 54.538190112933435, 25.541348182854552 ], [ 54.538279944461848, 25.541348182854552 ], [ 54.538279944461848, 25.541438014382965 ], [ 54.538369775990255, 25.541438014382965 ], [ 54.538369775990255, 25.541527845911375 ], [ 54.538459607518668, 25.541527845911375 ], [ 54.538459607518668, 25.541617677439788 ], [ 54.538549439047081, 25.541617677439788 ], [ 54.538549439047081, 25.541707508968202 ], [ 54.538639270575494, 25.541707508968202 ], [ 54.538639270575494, 25.541797340496611 ], [ 54.538818933632321, 25.541797340496611 ], [ 54.538818933632321, 25.541887172025024 ], [ 54.53899859668914, 25.541887172025024 ], [ 54.53899859668914, 25.541977003553438 ], [ 54.539088428217553, 25.541977003553438 ], [ 54.539088428217553, 25.542066835081847 ], [ 54.53926809127438, 25.542066835081847 ], [ 54.53926809127438, 25.542156666610261 ], [ 54.539357922802786, 25.542156666610261 ], [ 54.539357922802786, 25.542246498138674 ], [ 54.539537585859613, 25.542246498138674 ], [ 54.539537585859613, 25.542336329667084 ], [ 54.539627417388026, 25.542336329667084 ], [ 54.539627417388026, 25.542426161195497 ], [ 54.539896911973258, 25.542426161195497 ], [ 54.539896911973258, 25.542515992723906 ], [ 54.540076575030085, 25.542515992723906 ], [ 54.540076575030085, 25.54260582425232 ], [ 54.540435901143731, 25.54260582425232 ], [ 54.540435901143731, 25.542695655780733 ], [ 54.54070539572897, 25.542695655780733 ], [ 54.54070539572897, 25.542785487309143 ], [ 54.54088505878579, 25.542785487309143 ], [ 54.54088505878579, 25.542875318837556 ], [ 54.541064721842616, 25.542875318837556 ], [ 54.541064721842616, 25.542965150365969 ], [ 54.54115455337103, 25.542965150365969 ], [ 54.54115455337103, 25.543054981894379 ], [ 54.541424047956262, 25.543054981894379 ], [ 54.541424047956262, 25.542965150365969 ], [ 54.541603711013089, 25.542965150365969 ], [ 54.541603711013089, 25.543054981894379 ], [ 54.541783374069915, 25.543054981894379 ], [ 54.541783374069915, 25.543144813422792 ], [ 54.541873205598321, 25.543144813422792 ], [ 54.541873205598321, 25.543054981894379 ], [ 54.542232531711974, 25.543054981894379 ], [ 54.542232531711974, 25.543144813422792 ], [ 54.54232236324038, 25.543144813422792 ], [ 54.54232236324038, 25.543234644951205 ], [ 54.542412194768794, 25.543234644951205 ], [ 54.542412194768794, 25.543324476479615 ], [ 54.542502026297207, 25.543324476479615 ], [ 54.542502026297207, 25.543414308008028 ], [ 54.542771520882447, 25.543414308008028 ], [ 54.542771520882447, 25.543504139536438 ], [ 54.542951183939266, 25.543504139536438 ], [ 54.542951183939266, 25.543593971064851 ], [ 54.543041015467679, 25.543593971064851 ], [ 54.543041015467679, 25.543683802593264 ], [ 54.543130846996092, 25.543683802593264 ], [ 54.543130846996092, 25.543863465650087 ], [ 54.543310510052912, 25.543863465650087 ], [ 54.543310510052912, 25.543953297178501 ], [ 54.543490173109738, 25.543953297178501 ], [ 54.543490173109738, 25.54404312870691 ], [ 54.543580004638152, 25.54404312870691 ], [ 54.543580004638152, 25.544132960235324 ], [ 54.543759667694978, 25.544132960235324 ], [ 54.543759667694978, 25.544222791763737 ], [ 54.544029162280211, 25.544222791763737 ], [ 54.544029162280211, 25.544312623292146 ], [ 54.544298656865443, 25.544312623292146 ], [ 54.544298656865443, 25.544492286348969 ], [ 54.544208825337037, 25.544492286348969 ], [ 54.544208825337037, 25.545300770104678 ], [ 54.544118993808624, 25.545300770104678 ], [ 54.544118993808624, 25.545390601633091 ], [ 54.544029162280211, 25.545390601633091 ], [ 54.544029162280211, 25.545480433161504 ], [ 54.543939330751797, 25.545480433161504 ], [ 54.543939330751797, 25.545570264689914 ], [ 54.543849499223384, 25.545570264689914 ], [ 54.543849499223384, 25.545660096218327 ], [ 54.543669836166565, 25.545660096218327 ], [ 54.543669836166565, 25.545749927746737 ], [ 54.543580004638152, 25.545749927746737 ], [ 54.543580004638152, 25.545929590803564 ], [ 54.543490173109738, 25.545929590803564 ], [ 54.543490173109738, 25.546109253860386 ], [ 54.543400341581325, 25.546109253860386 ], [ 54.543400341581325, 25.546827906087682 ], [ 54.543490173109738, 25.546827906087682 ], [ 54.543490173109738, 25.547097400672918 ], [ 54.543580004638152, 25.547097400672918 ], [ 54.543580004638152, 25.547187232201331 ], [ 54.543939330751797, 25.547187232201331 ], [ 54.543939330751797, 25.547097400672918 ], [ 54.544118993808624, 25.547097400672918 ], [ 54.544118993808624, 25.547007569144505 ], [ 54.544388488393857, 25.547007569144505 ], [ 54.544388488393857, 25.546917737616095 ], [ 54.544837646035916, 25.546917737616095 ], [ 54.544837646035916, 25.546827906087682 ], [ 54.545107140621155, 25.546827906087682 ], [ 54.545107140621155, 25.546738074559268 ], [ 54.545286803677975, 25.546738074559268 ], [ 54.545286803677975, 25.546648243030859 ], [ 54.546005455905274, 25.546648243030859 ], [ 54.546005455905274, 25.546558411502446 ], [ 54.546454613547333, 25.546558411502446 ], [ 54.546454613547333, 25.546468579974036 ], [ 54.546903771189392, 25.546468579974036 ], [ 54.546903771189392, 25.546378748445623 ], [ 54.547532591888277, 25.546378748445623 ], [ 54.547532591888277, 25.546288916917209 ], [ 54.547712254945104, 25.546288916917209 ], [ 54.547712254945104, 25.5461990853888 ], [ 54.54780208647351, 25.5461990853888 ], [ 54.54780208647351, 25.546109253860386 ], [ 54.547891918001923, 25.546109253860386 ], [ 54.547891918001923, 25.546019422331973 ], [ 54.54807158105875, 25.546019422331973 ], [ 54.54807158105875, 25.545929590803564 ], [ 54.548161412587163, 25.545929590803564 ], [ 54.548161412587163, 25.54583975927515 ], [ 54.548251244115569, 25.54583975927515 ], [ 54.548251244115569, 25.545749927746737 ], [ 54.548341075643982, 25.545749927746737 ], [ 54.548341075643982, 25.545660096218327 ], [ 54.548430907172396, 25.545660096218327 ], [ 54.548430907172396, 25.545570264689914 ], [ 54.548610570229222, 25.545570264689914 ], [ 54.548610570229222, 25.545480433161504 ], [ 54.548790233286041, 25.545480433161504 ], [ 54.548790233286041, 25.545390601633091 ], [ 54.549059727871281, 25.545390601633091 ], [ 54.549059727871281, 25.545300770104678 ], [ 54.549239390928101, 25.545300770104678 ], [ 54.549239390928101, 25.545210938576268 ], [ 54.549598717041754, 25.545210938576268 ], [ 54.549598717041754, 25.545300770104678 ], [ 54.550227537740632, 25.545300770104678 ], [ 54.550227537740632, 25.545390601633091 ], [ 54.55166484219523, 25.545390601633091 ], [ 54.55166484219523, 25.545480433161504 ], [ 54.552024168308876, 25.545480433161504 ], [ 54.552024168308876, 25.545570264689914 ], [ 54.553012315121407, 25.545570264689914 ], [ 54.553012315121407, 25.545660096218327 ], [ 54.553371641235053, 25.545660096218327 ], [ 54.553371641235053, 25.545749927746737 ], [ 54.553551304291879, 25.545749927746737 ], [ 54.553551304291879, 25.54583975927515 ], [ 54.553730967348699, 25.54583975927515 ], [ 54.553730967348699, 25.545929590803564 ], [ 54.553820798877112, 25.545929590803564 ], [ 54.553820798877112, 25.546019422331973 ], [ 54.553910630405525, 25.546019422331973 ], [ 54.553910630405525, 25.546109253860386 ], [ 54.554090293462352, 25.546109253860386 ], [ 54.554090293462352, 25.5461990853888 ], [ 54.554180124990758, 25.5461990853888 ], [ 54.554180124990758, 25.546288916917209 ], [ 54.554269956519171, 25.546288916917209 ], [ 54.554269956519171, 25.546378748445623 ], [ 54.554539451104411, 25.546378748445623 ], [ 54.554539451104411, 25.546468579974036 ], [ 54.55498860874647, 25.546468579974036 ], [ 54.55498860874647, 25.546558411502446 ], [ 54.555347934860116, 25.546558411502446 ], [ 54.555347934860116, 25.546648243030859 ], [ 54.555707260973762, 25.546648243030859 ], [ 54.555707260973762, 25.546738074559268 ], [ 54.55642591320106, 25.546738074559268 ], [ 54.55642591320106, 25.546827906087682 ], [ 54.557144565428352, 25.546827906087682 ], [ 54.557144565428352, 25.546738074559268 ], [ 54.557593723070418, 25.546738074559268 ], [ 54.557593723070418, 25.546827906087682 ], [ 54.557953049184064, 25.546827906087682 ], [ 54.557953049184064, 25.546917737616095 ], [ 54.55831237529771, 25.546917737616095 ], [ 54.55831237529771, 25.547007569144505 ], [ 54.558492038354537, 25.547007569144505 ], [ 54.558492038354537, 25.547097400672918 ], [ 54.55858186988295, 25.547097400672918 ], [ 54.55858186988295, 25.547277063729741 ], [ 54.558671701411356, 25.547277063729741 ], [ 54.558671701411356, 25.547366895258154 ], [ 54.558761532939769, 25.547366895258154 ], [ 54.558761532939769, 25.547546558314977 ], [ 54.558671701411356, 25.547546558314977 ], [ 54.558671701411356, 25.54763638984339 ], [ 54.558492038354537, 25.54763638984339 ], [ 54.558492038354537, 25.5477262213718 ], [ 54.558402206826123, 25.5477262213718 ], [ 54.558402206826123, 25.547816052900213 ], [ 54.558222543769297, 25.547816052900213 ], [ 54.558222543769297, 25.547905884428626 ], [ 54.557953049184064, 25.547905884428626 ], [ 54.557953049184064, 25.547995715957036 ], [ 54.557863217655651, 25.547995715957036 ], [ 54.557863217655651, 25.548085547485449 ], [ 54.557683554598825, 25.548085547485449 ], [ 54.557683554598825, 25.548175379013863 ], [ 54.557503891542005, 25.548175379013863 ], [ 54.557503891542005, 25.548265210542272 ], [ 54.557234396956765, 25.548265210542272 ], [ 54.557234396956765, 25.548355042070686 ], [ 54.55687507084312, 25.548355042070686 ], [ 54.55687507084312, 25.548265210542272 ], [ 54.556066587087415, 25.548265210542272 ], [ 54.556066587087415, 25.548175379013863 ], [ 54.555347934860116, 25.548175379013863 ], [ 54.555347934860116, 25.548085547485449 ], [ 54.554269956519171, 25.548085547485449 ], [ 54.554269956519171, 25.548175379013863 ], [ 54.553910630405525, 25.548175379013863 ], [ 54.553910630405525, 25.548265210542272 ], [ 54.55310214664982, 25.548265210542272 ], [ 54.55310214664982, 25.548175379013863 ], [ 54.552742820536167, 25.548175379013863 ], [ 54.552742820536167, 25.548085547485449 ], [ 54.552473325950935, 25.548085547485449 ], [ 54.552473325950935, 25.547995715957036 ], [ 54.552203831365695, 25.547995715957036 ], [ 54.552203831365695, 25.547905884428626 ], [ 54.551934336780462, 25.547905884428626 ], [ 54.551934336780462, 25.547816052900213 ], [ 54.55166484219523, 25.547816052900213 ], [ 54.55166484219523, 25.5477262213718 ], [ 54.551485179138403, 25.5477262213718 ], [ 54.551485179138403, 25.54763638984339 ], [ 54.551305516081577, 25.54763638984339 ], [ 54.551305516081577, 25.547546558314977 ], [ 54.551215684553163, 25.547546558314977 ], [ 54.551215684553163, 25.547456726786567 ], [ 54.550586863854285, 25.547456726786567 ], [ 54.550586863854285, 25.547546558314977 ], [ 54.550497032325872, 25.547546558314977 ], [ 54.550497032325872, 25.547995715957036 ], [ 54.550407200797459, 25.547995715957036 ], [ 54.550407200797459, 25.548175379013863 ], [ 54.550227537740632, 25.548175379013863 ], [ 54.550227537740632, 25.548265210542272 ], [ 54.550137706212226, 25.548265210542272 ], [ 54.550137706212226, 25.548355042070686 ], [ 54.550047874683813, 25.548355042070686 ], [ 54.550047874683813, 25.548444873599099 ], [ 54.549958043155399, 25.548444873599099 ], [ 54.549958043155399, 25.548534705127508 ], [ 54.549868211626986, 25.548534705127508 ], [ 54.549868211626986, 25.548894031241158 ], [ 54.549778380098573, 25.548894031241158 ], [ 54.549778380098573, 25.549343188883217 ], [ 54.549868211626986, 25.549343188883217 ], [ 54.549868211626986, 25.549702514996863 ], [ 54.549958043155399, 25.549702514996863 ], [ 54.549958043155399, 25.549882178053689 ], [ 54.550047874683813, 25.549882178053689 ], [ 54.550047874683813, 25.550061841110512 ], [ 54.550137706212226, 25.550061841110512 ], [ 54.550137706212226, 25.550331335695748 ], [ 54.550227537740632, 25.550331335695748 ], [ 54.550227537740632, 25.550780493337808 ], [ 54.550137706212226, 25.550780493337808 ], [ 54.550137706212226, 25.55096015639463 ], [ 54.550227537740632, 25.55096015639463 ], [ 54.550227537740632, 25.551049987923044 ], [ 54.550317369269045, 25.551049987923044 ], [ 54.550317369269045, 25.551139819451457 ], [ 54.550407200797459, 25.551139819451457 ], [ 54.550407200797459, 25.551229650979867 ], [ 54.550497032325872, 25.551229650979867 ], [ 54.550497032325872, 25.55131948250828 ], [ 54.550586863854285, 25.55131948250828 ], [ 54.550586863854285, 25.551409314036693 ], [ 54.550676695382698, 25.551409314036693 ], [ 54.550676695382698, 25.551499145565103 ], [ 54.550766526911104, 25.551499145565103 ], [ 54.550766526911104, 25.551588977093516 ], [ 54.550946189967931, 25.551588977093516 ], [ 54.550946189967931, 25.551678808621926 ], [ 54.551215684553163, 25.551678808621926 ], [ 54.551215684553163, 25.551768640150339 ], [ 54.551754673723636, 25.551768640150339 ], [ 54.551754673723636, 25.551678808621926 ], [ 54.552563157479348, 25.551678808621926 ], [ 54.552563157479348, 25.551588977093516 ], [ 54.552922483592994, 25.551588977093516 ], [ 54.552922483592994, 25.551678808621926 ], [ 54.553191978178226, 25.551678808621926 ], [ 54.553191978178226, 25.551768640150339 ], [ 54.553371641235053, 25.551768640150339 ], [ 54.553371641235053, 25.551858471678752 ], [ 54.553461472763466, 25.551858471678752 ], [ 54.553461472763466, 25.551948303207162 ], [ 54.553551304291879, 25.551948303207162 ], [ 54.553551304291879, 25.552038134735575 ], [ 54.553730967348699, 25.552038134735575 ], [ 54.553730967348699, 25.552127966263988 ], [ 54.554090293462352, 25.552127966263988 ], [ 54.554090293462352, 25.552217797792398 ], [ 54.554269956519171, 25.552217797792398 ], [ 54.554269956519171, 25.552307629320811 ], [ 54.554539451104411, 25.552307629320811 ], [ 54.554539451104411, 25.552397460849225 ], [ 54.555168271803289, 25.552397460849225 ], [ 54.555168271803289, 25.552487292377634 ], [ 54.555527597916942, 25.552487292377634 ], [ 54.555527597916942, 25.552577123906048 ], [ 54.555886924030588, 25.552577123906048 ], [ 54.555886924030588, 25.552666955434457 ], [ 54.556246250144234, 25.552666955434457 ], [ 54.556246250144234, 25.55275678696287 ], [ 54.556605576257887, 25.55275678696287 ], [ 54.556605576257887, 25.552846618491284 ], [ 54.55687507084312, 25.552846618491284 ], [ 54.55687507084312, 25.552936450019693 ], [ 54.556964902371533, 25.552936450019693 ], [ 54.556964902371533, 25.553026281548107 ], [ 54.557234396956765, 25.553026281548107 ], [ 54.557234396956765, 25.55311611307652 ], [ 54.557414060013592, 25.55311611307652 ], [ 54.557414060013592, 25.55320594460493 ], [ 54.557683554598825, 25.55320594460493 ], [ 54.557683554598825, 25.553295776133343 ], [ 54.557863217655651, 25.553295776133343 ], [ 54.557863217655651, 25.553385607661756 ], [ 54.557953049184064, 25.553385607661756 ], [ 54.557953049184064, 25.553475439190166 ], [ 54.558042880712478, 25.553475439190166 ], [ 54.558042880712478, 25.553565270718579 ], [ 54.558222543769297, 25.553565270718579 ], [ 54.558222543769297, 25.553655102246989 ], [ 54.558492038354537, 25.553655102246989 ], [ 54.558492038354537, 25.553744933775402 ], [ 54.558941195996596, 25.553744933775402 ], [ 54.558941195996596, 25.553834765303815 ], [ 54.559120859053415, 25.553834765303815 ], [ 54.559120859053415, 25.553924596832225 ], [ 54.559570016695481, 25.553924596832225 ], [ 54.559570016695481, 25.553834765303815 ], [ 54.560288668922773, 25.553834765303815 ], [ 54.560288668922773, 25.553924596832225 ], [ 54.560558163508013, 25.553924596832225 ], [ 54.560558163508013, 25.554014428360638 ], [ 54.560737826564832, 25.554014428360638 ], [ 54.560737826564832, 25.554104259889051 ], [ 54.561097152678478, 25.554104259889051 ], [ 54.561097152678478, 25.554194091417461 ], [ 54.561276815735305, 25.554194091417461 ], [ 54.561276815735305, 25.554283922945874 ], [ 54.561546310320544, 25.554283922945874 ], [ 54.561546310320544, 25.554373754474287 ], [ 54.56163614184895, 25.554373754474287 ], [ 54.56163614184895, 25.554463586002697 ], [ 54.561815804905777, 25.554463586002697 ], [ 54.561815804905777, 25.55464324905952 ], [ 54.561725973377364, 25.55464324905952 ], [ 54.561725973377364, 25.554822912116347 ], [ 54.564690413814958, 25.554822912116347 ], [ 54.564690413814958, 25.554912743644756 ], [ 54.564780245343371, 25.554912743644756 ], [ 54.564780245343371, 25.555092406701583 ], [ 54.564870076871784, 25.555092406701583 ], [ 54.564870076871784, 25.554912743644756 ], [ 54.564959908400198, 25.554912743644756 ], [ 54.564959908400198, 25.554822912116347 ], [ 54.566037886741135, 25.554822912116347 ], [ 54.566037886741135, 25.554912743644756 ], [ 54.565948055212729, 25.554912743644756 ], [ 54.565948055212729, 25.55500257517317 ], [ 54.566037886741135, 25.55500257517317 ], [ 54.566037886741135, 25.555092406701583 ], [ 54.566127718269549, 25.555092406701583 ], [ 54.566127718269549, 25.555361901286819 ], [ 54.566217549797962, 25.555361901286819 ], [ 54.566217549797962, 25.555541564343642 ], [ 54.566307381326375, 25.555541564343642 ], [ 54.566307381326375, 25.555631395872052 ], [ 54.566487044383202, 25.555631395872052 ], [ 54.566487044383202, 25.555721227400465 ], [ 54.566576875911608, 25.555721227400465 ], [ 54.566576875911608, 25.555631395872052 ], [ 54.567026033553667, 25.555631395872052 ], [ 54.567026033553667, 25.555721227400465 ], [ 54.56711586508208, 25.555721227400465 ], [ 54.56711586508208, 25.555811058928878 ], [ 54.566666707440021, 25.555811058928878 ], [ 54.566666707440021, 25.555900890457288 ], [ 54.566397212854788, 25.555900890457288 ], [ 54.566397212854788, 25.555990721985701 ], [ 54.566217549797962, 25.555990721985701 ], [ 54.566217549797962, 25.556080553514114 ], [ 54.566127718269549, 25.556080553514114 ], [ 54.566127718269549, 25.556170385042524 ], [ 54.566037886741135, 25.556170385042524 ], [ 54.566037886741135, 25.556529711156173 ], [ 54.565948055212729, 25.556529711156173 ], [ 54.565948055212729, 25.557068700326646 ], [ 54.566307381326375, 25.557068700326646 ], [ 54.566307381326375, 25.557158531855055 ], [ 54.566487044383202, 25.557158531855055 ], [ 54.566487044383202, 25.557068700326646 ], [ 54.566756538968434, 25.557068700326646 ], [ 54.566756538968434, 25.556978868798232 ], [ 54.566846370496847, 25.556978868798232 ], [ 54.566846370496847, 25.556889037269819 ], [ 54.566936202025261, 25.556889037269819 ], [ 54.566936202025261, 25.55679920574141 ], [ 54.567026033553667, 25.55679920574141 ], [ 54.567026033553667, 25.556529711156173 ], [ 54.56711586508208, 25.556529711156173 ], [ 54.56711586508208, 25.556260216570937 ], [ 54.567205696610493, 25.556260216570937 ], [ 54.567205696610493, 25.556080553514114 ], [ 54.56711586508208, 25.556080553514114 ], [ 54.56711586508208, 25.555990721985701 ], [ 54.567205696610493, 25.555990721985701 ], [ 54.567205696610493, 25.555811058928878 ], [ 54.567654854252552, 25.555811058928878 ], [ 54.567654854252552, 25.555900890457288 ], [ 54.568553169536671, 25.555900890457288 ], [ 54.568553169536671, 25.555811058928878 ], [ 54.56882266412191, 25.555811058928878 ], [ 54.56882266412191, 25.555721227400465 ], [ 54.569092158707143, 25.555721227400465 ], [ 54.569092158707143, 25.555631395872052 ], [ 54.569361653292383, 25.555631395872052 ], [ 54.569361653292383, 25.555541564343642 ], [ 54.570080305519674, 25.555541564343642 ], [ 54.570080305519674, 25.555631395872052 ], [ 54.570170137048088, 25.555631395872052 ], [ 54.570170137048088, 25.555721227400465 ], [ 54.570349800104914, 25.555721227400465 ], [ 54.570349800104914, 25.555811058928878 ], [ 54.570529463161733, 25.555811058928878 ], [ 54.570529463161733, 25.555900890457288 ], [ 54.570798957746973, 25.555900890457288 ], [ 54.570798957746973, 25.555990721985701 ], [ 54.570888789275386, 25.555990721985701 ], [ 54.570888789275386, 25.555900890457288 ], [ 54.571158283860619, 25.555900890457288 ], [ 54.571158283860619, 25.555811058928878 ], [ 54.571427778445859, 25.555811058928878 ], [ 54.571427778445859, 25.555721227400465 ], [ 54.571697273031091, 25.555721227400465 ], [ 54.571697273031091, 25.555631395872052 ], [ 54.572146430673151, 25.555631395872052 ], [ 54.572146430673151, 25.555541564343642 ], [ 54.572505756786796, 25.555541564343642 ], [ 54.572505756786796, 25.555451732815229 ], [ 54.572775251372036, 25.555451732815229 ], [ 54.572775251372036, 25.555361901286819 ], [ 54.573044745957269, 25.555361901286819 ], [ 54.573044745957269, 25.555272069758406 ], [ 54.573224409014095, 25.555272069758406 ], [ 54.573224409014095, 25.555361901286819 ], [ 54.573583735127741, 25.555361901286819 ], [ 54.573583735127741, 25.555451732815229 ], [ 54.573673566656154, 25.555451732815229 ], [ 54.573673566656154, 25.555361901286819 ], [ 54.5740328927698, 25.555361901286819 ], [ 54.5740328927698, 25.555272069758406 ], [ 54.574571881940273, 25.555272069758406 ], [ 54.574571881940273, 25.555182238229992 ], [ 54.574751544997099, 25.555182238229992 ], [ 54.574751544997099, 25.555092406701583 ], [ 54.574931208053926, 25.555092406701583 ], [ 54.574931208053926, 25.55500257517317 ], [ 54.575021039582332, 25.55500257517317 ], [ 54.575021039582332, 25.554912743644756 ], [ 54.575290534167571, 25.554912743644756 ], [ 54.575290534167571, 25.554822912116347 ], [ 54.576458344036922, 25.554822912116347 ], [ 54.576458344036922, 25.554912743644756 ], [ 54.576548175565335, 25.554912743644756 ], [ 54.576548175565335, 25.555092406701583 ], [ 54.576727838622162, 25.555092406701583 ], [ 54.576727838622162, 25.555272069758406 ], [ 54.576997333207395, 25.555272069758406 ], [ 54.576997333207395, 25.555361901286819 ], [ 54.577176996264221, 25.555361901286819 ], [ 54.577176996264221, 25.555721227400465 ], [ 54.577087164735808, 25.555721227400465 ], [ 54.577087164735808, 25.555811058928878 ], [ 54.576997333207395, 25.555811058928878 ], [ 54.576997333207395, 25.555990721985701 ], [ 54.576817670150575, 25.555990721985701 ], [ 54.576817670150575, 25.556080553514114 ], [ 54.576727838622162, 25.556080553514114 ], [ 54.576727838622162, 25.556170385042524 ], [ 54.576548175565335, 25.556170385042524 ], [ 54.576548175565335, 25.556260216570937 ], [ 54.575560028752804, 25.556260216570937 ], [ 54.575560028752804, 25.55635004809935 ], [ 54.575021039582332, 25.55635004809935 ], [ 54.575021039582332, 25.55643987962776 ], [ 54.574661713468686, 25.55643987962776 ], [ 54.574661713468686, 25.556529711156173 ], [ 54.574392218883453, 25.556529711156173 ], [ 54.574392218883453, 25.556619542684583 ], [ 54.574122724298213, 25.556619542684583 ], [ 54.574122724298213, 25.556709374212996 ], [ 54.573943061241394, 25.556709374212996 ], [ 54.573943061241394, 25.55679920574141 ], [ 54.573224409014095, 25.55679920574141 ], [ 54.573224409014095, 25.556889037269819 ], [ 54.572954914428863, 25.556889037269819 ], [ 54.572954914428863, 25.556978868798232 ], [ 54.572685419843623, 25.556978868798232 ], [ 54.572685419843623, 25.557068700326646 ], [ 54.571607441502678, 25.557068700326646 ], [ 54.571607441502678, 25.557158531855055 ], [ 54.571427778445859, 25.557158531855055 ], [ 54.571427778445859, 25.557248363383469 ], [ 54.571158283860619, 25.557248363383469 ], [ 54.571158283860619, 25.557338194911882 ], [ 54.5709786208038, 25.557338194911882 ], [ 54.5709786208038, 25.557428026440292 ], [ 54.570798957746973, 25.557428026440292 ], [ 54.570798957746973, 25.557517857968705 ], [ 54.57070912621856, 25.557517857968705 ], [ 54.57070912621856, 25.557607689497114 ], [ 54.570529463161733, 25.557607689497114 ], [ 54.570529463161733, 25.557697521025528 ], [ 54.570439631633327, 25.557697521025528 ], [ 54.570439631633327, 25.557787352553941 ], [ 54.570170137048088, 25.557787352553941 ], [ 54.570170137048088, 25.557877184082351 ], [ 54.569990473991268, 25.557877184082351 ], [ 54.569990473991268, 25.557787352553941 ], [ 54.569810810934442, 25.557787352553941 ], [ 54.569810810934442, 25.557697521025528 ], [ 54.569541316349202, 25.557697521025528 ], [ 54.569541316349202, 25.557607689497114 ], [ 54.569451484820796, 25.557607689497114 ], [ 54.569451484820796, 25.557697521025528 ], [ 54.569181990235556, 25.557697521025528 ], [ 54.569181990235556, 25.557787352553941 ], [ 54.569002327178737, 25.557787352553941 ], [ 54.569002327178737, 25.557877184082351 ], [ 54.56882266412191, 25.557877184082351 ], [ 54.56882266412191, 25.557967015610764 ], [ 54.568732832593497, 25.557967015610764 ], [ 54.568732832593497, 25.558056847139177 ], [ 54.568553169536671, 25.558056847139177 ], [ 54.568553169536671, 25.558146678667587 ], [ 54.568373506479851, 25.558146678667587 ], [ 54.568373506479851, 25.558236510196 ], [ 54.568283674951438, 25.558236510196 ], [ 54.568283674951438, 25.558326341724413 ], [ 54.568193843423025, 25.558326341724413 ], [ 54.568193843423025, 25.558416173252823 ], [ 54.568104011894611, 25.558416173252823 ], [ 54.568104011894611, 25.558506004781236 ], [ 54.568014180366205, 25.558506004781236 ], [ 54.568014180366205, 25.558595836309646 ], [ 54.567924348837792, 25.558595836309646 ], [ 54.567924348837792, 25.558685667838059 ], [ 54.567834517309379, 25.558685667838059 ], [ 54.567834517309379, 25.558775499366472 ], [ 54.567744685780966, 25.558775499366472 ], [ 54.567744685780966, 25.558865330894882 ], [ 54.567654854252552, 25.558865330894882 ], [ 54.567654854252552, 25.559044993951709 ], [ 54.567565022724139, 25.559044993951709 ], [ 54.567565022724139, 25.559134825480118 ], [ 54.567475191195733, 25.559134825480118 ], [ 54.567475191195733, 25.559314488536945 ], [ 54.56738535966732, 25.559314488536945 ], [ 54.56738535966732, 25.559404320065354 ], [ 54.567295528138906, 25.559404320065354 ], [ 54.567295528138906, 25.559494151593768 ], [ 54.56711586508208, 25.559494151593768 ], [ 54.56711586508208, 25.559583983122177 ], [ 54.567205696610493, 25.559583983122177 ], [ 54.567205696610493, 25.559673814650591 ], [ 54.567744685780966, 25.559673814650591 ], [ 54.567744685780966, 25.559763646179004 ] ], [ [ 54.701414000057952, 25.556709374212996 ], [ 54.701503831586365, 25.556709374212996 ], [ 54.701503831586365, 25.556619542684583 ], [ 54.701593663114778, 25.556619542684583 ], [ 54.701593663114778, 25.556529711156173 ], [ 54.701683494643184, 25.556529711156173 ], [ 54.701683494643184, 25.55643987962776 ], [ 54.701593663114778, 25.55643987962776 ], [ 54.701593663114778, 25.55635004809935 ], [ 54.701414000057952, 25.55635004809935 ], [ 54.701414000057952, 25.556709374212996 ] ], [ [ 54.702222483813657, 25.55500257517317 ], [ 54.70231231534207, 25.55500257517317 ], [ 54.70231231534207, 25.554912743644756 ], [ 54.702222483813657, 25.554912743644756 ], [ 54.702222483813657, 25.55500257517317 ] ], [ [ 54.63368102763534, 25.554912743644756 ], [ 54.63386069069216, 25.554912743644756 ], [ 54.63386069069216, 25.554733080587933 ], [ 54.633770859163754, 25.554733080587933 ], [ 54.633770859163754, 25.55464324905952 ], [ 54.633591196106927, 25.55464324905952 ], [ 54.633591196106927, 25.554822912116347 ], [ 54.63368102763534, 25.554822912116347 ], [ 54.63368102763534, 25.554912743644756 ] ], [ [ 54.656677898908796, 25.554912743644756 ], [ 54.656857561965623, 25.554912743644756 ], [ 54.656857561965623, 25.554733080587933 ], [ 54.65676773043721, 25.554733080587933 ], [ 54.65676773043721, 25.55464324905952 ], [ 54.656677898908796, 25.55464324905952 ], [ 54.656677898908796, 25.554733080587933 ], [ 54.656588067380383, 25.554733080587933 ], [ 54.656588067380383, 25.554822912116347 ], [ 54.656677898908796, 25.554822912116347 ], [ 54.656677898908796, 25.554912743644756 ] ], [ [ 54.697910570449885, 25.554822912116347 ], [ 54.701414000057952, 25.554822912116347 ], [ 54.701414000057952, 25.554733080587933 ], [ 54.701324168529538, 25.554733080587933 ], [ 54.701324168529538, 25.55464324905952 ], [ 54.701234337001125, 25.55464324905952 ], [ 54.701234337001125, 25.55455341753111 ], [ 54.701054673944306, 25.55455341753111 ], [ 54.701054673944306, 25.554463586002697 ], [ 54.701144505472712, 25.554463586002697 ], [ 54.701144505472712, 25.554373754474287 ], [ 54.701054673944306, 25.554373754474287 ], [ 54.701054673944306, 25.554194091417461 ], [ 54.700964842415893, 25.554194091417461 ], [ 54.700964842415893, 25.553744933775402 ], [ 54.701054673944306, 25.553744933775402 ], [ 54.701054673944306, 25.553385607661756 ], [ 54.700964842415893, 25.553385607661756 ], [ 54.700964842415893, 25.55320594460493 ], [ 54.700785179359066, 25.55320594460493 ], [ 54.700785179359066, 25.553026281548107 ], [ 54.70042585324542, 25.553026281548107 ], [ 54.70042585324542, 25.55311611307652 ], [ 54.700336021717007, 25.55311611307652 ], [ 54.700336021717007, 25.55320594460493 ], [ 54.700246190188594, 25.55320594460493 ], [ 54.700246190188594, 25.553385607661756 ], [ 54.70015635866018, 25.553385607661756 ], [ 54.70015635866018, 25.553475439190166 ], [ 54.700066527131774, 25.553475439190166 ], [ 54.700066527131774, 25.553565270718579 ], [ 54.699886864074948, 25.553565270718579 ], [ 54.699886864074948, 25.553655102246989 ], [ 54.699797032546535, 25.553655102246989 ], [ 54.699797032546535, 25.553565270718579 ], [ 54.699527537961302, 25.553565270718579 ], [ 54.699527537961302, 25.553475439190166 ], [ 54.699437706432889, 25.553475439190166 ], [ 54.699437706432889, 25.55320594460493 ], [ 54.699347874904475, 25.55320594460493 ], [ 54.699347874904475, 25.552666955434457 ], [ 54.699258043376062, 25.552666955434457 ], [ 54.699258043376062, 25.552397460849225 ], [ 54.699168211847649, 25.552397460849225 ], [ 54.699168211847649, 25.552127966263988 ], [ 54.699078380319243, 25.552127966263988 ], [ 54.699078380319243, 25.551858471678752 ], [ 54.69898854879083, 25.551858471678752 ], [ 54.69898854879083, 25.551768640150339 ], [ 54.698898717262416, 25.551768640150339 ], [ 54.698898717262416, 25.551678808621926 ], [ 54.698808885734003, 25.551678808621926 ], [ 54.698808885734003, 25.551499145565103 ], [ 54.698539391148771, 25.551499145565103 ], [ 54.698539391148771, 25.551588977093516 ], [ 54.698449559620357, 25.551588977093516 ], [ 54.698449559620357, 25.551499145565103 ], [ 54.698090233506711, 25.551499145565103 ], [ 54.698090233506711, 25.551588977093516 ], [ 54.697820738921472, 25.551588977093516 ], [ 54.697820738921472, 25.551678808621926 ], [ 54.697730907393058, 25.551678808621926 ], [ 54.697730907393058, 25.551768640150339 ], [ 54.697641075864645, 25.551768640150339 ], [ 54.697641075864645, 25.551858471678752 ], [ 54.697551244336239, 25.551858471678752 ], [ 54.697551244336239, 25.551948303207162 ], [ 54.697461412807826, 25.551948303207162 ], [ 54.697461412807826, 25.552038134735575 ], [ 54.697371581279413, 25.552038134735575 ], [ 54.697371581279413, 25.552307629320811 ], [ 54.697461412807826, 25.552307629320811 ], [ 54.697461412807826, 25.552936450019693 ], [ 54.697371581279413, 25.552936450019693 ], [ 54.697371581279413, 25.55311611307652 ], [ 54.697461412807826, 25.55311611307652 ], [ 54.697461412807826, 25.553295776133343 ], [ 54.697551244336239, 25.553295776133343 ], [ 54.697551244336239, 25.553475439190166 ], [ 54.697641075864645, 25.553475439190166 ], [ 54.697641075864645, 25.553565270718579 ], [ 54.697730907393058, 25.553565270718579 ], [ 54.697730907393058, 25.553655102246989 ], [ 54.697820738921472, 25.553655102246989 ], [ 54.697820738921472, 25.553834765303815 ], [ 54.697910570449885, 25.553834765303815 ], [ 54.697910570449885, 25.554104259889051 ], [ 54.698000401978298, 25.554104259889051 ], [ 54.698000401978298, 25.554283922945874 ], [ 54.698090233506711, 25.554283922945874 ], [ 54.698090233506711, 25.554373754474287 ], [ 54.698180065035118, 25.554373754474287 ], [ 54.698180065035118, 25.554463586002697 ], [ 54.698269896563531, 25.554463586002697 ], [ 54.698269896563531, 25.55455341753111 ], [ 54.698180065035118, 25.55455341753111 ], [ 54.698180065035118, 25.55464324905952 ], [ 54.698000401978298, 25.55464324905952 ], [ 54.698000401978298, 25.554733080587933 ], [ 54.697910570449885, 25.554733080587933 ], [ 54.697910570449885, 25.554822912116347 ] ], [ [ 54.628560630515857, 25.553744933775402 ], [ 54.628740293572683, 25.553744933775402 ], [ 54.628740293572683, 25.553655102246989 ], [ 54.628830125101096, 25.553655102246989 ], [ 54.628830125101096, 25.553565270718579 ], [ 54.628740293572683, 25.553565270718579 ], [ 54.628740293572683, 25.553295776133343 ], [ 54.628560630515857, 25.553295776133343 ], [ 54.628560630515857, 25.55320594460493 ], [ 54.62838096745903, 25.55320594460493 ], [ 54.62838096745903, 25.553385607661756 ], [ 54.628291135930624, 25.553385607661756 ], [ 54.628291135930624, 25.553565270718579 ], [ 54.62838096745903, 25.553565270718579 ], [ 54.62838096745903, 25.553655102246989 ], [ 54.628560630515857, 25.553655102246989 ], [ 54.628560630515857, 25.553744933775402 ] ], [ [ 54.696024108353235, 25.55320594460493 ], [ 54.696113939881648, 25.55320594460493 ], [ 54.696113939881648, 25.553026281548107 ], [ 54.695934276824822, 25.553026281548107 ], [ 54.695934276824822, 25.55311611307652 ], [ 54.696024108353235, 25.55311611307652 ], [ 54.696024108353235, 25.55320594460493 ] ], [ [ 54.696024108353235, 25.552936450019693 ], [ 54.696113939881648, 25.552936450019693 ], [ 54.696113939881648, 25.55275678696287 ], [ 54.696203771410055, 25.55275678696287 ], [ 54.696203771410055, 25.552487292377634 ], [ 54.695844445296409, 25.552487292377634 ], [ 54.695844445296409, 25.552577123906048 ], [ 54.695934276824822, 25.552577123906048 ], [ 54.695934276824822, 25.55275678696287 ], [ 54.696024108353235, 25.55275678696287 ], [ 54.696024108353235, 25.552936450019693 ] ], [ [ 54.697191918222586, 25.552217797792398 ], [ 54.697281749750999, 25.552217797792398 ], [ 54.697281749750999, 25.552127966263988 ], [ 54.697191918222586, 25.552127966263988 ], [ 54.697191918222586, 25.552217797792398 ] ], [ [ 54.663864421181756, 25.55131948250828 ], [ 54.66395425271017, 25.55131948250828 ], [ 54.66395425271017, 25.551229650979867 ], [ 54.663864421181756, 25.551229650979867 ], [ 54.663864421181756, 25.55131948250828 ] ], [ [ 54.663415263539697, 25.551139819451457 ], [ 54.663774589653343, 25.551139819451457 ], [ 54.663774589653343, 25.550780493337808 ], [ 54.66368475812493, 25.550780493337808 ], [ 54.66368475812493, 25.550600830280985 ], [ 54.663594926596517, 25.550600830280985 ], [ 54.663594926596517, 25.550331335695748 ], [ 54.663505095068103, 25.550331335695748 ], [ 54.663505095068103, 25.550241504167335 ], [ 54.663415263539697, 25.550241504167335 ], [ 54.663415263539697, 25.550151672638926 ], [ 54.663325432011284, 25.550151672638926 ], [ 54.663325432011284, 25.550061841110512 ], [ 54.663145768954458, 25.550061841110512 ], [ 54.663145768954458, 25.549972009582099 ], [ 54.663055937426044, 25.549972009582099 ], [ 54.663055937426044, 25.549882178053689 ], [ 54.662966105897638, 25.549882178053689 ], [ 54.662966105897638, 25.549702514996863 ], [ 54.662876274369225, 25.549702514996863 ], [ 54.662876274369225, 25.54952285194004 ], [ 54.662516948255572, 25.54952285194004 ], [ 54.662516948255572, 25.549612683468453 ], [ 54.662337285198753, 25.549612683468453 ], [ 54.662337285198753, 25.550061841110512 ], [ 54.662427116727166, 25.550061841110512 ], [ 54.662427116727166, 25.550151672638926 ], [ 54.662516948255572, 25.550151672638926 ], [ 54.662516948255572, 25.550331335695748 ], [ 54.662606779783985, 25.550331335695748 ], [ 54.662606779783985, 25.550600830280985 ], [ 54.662696611312398, 25.550600830280985 ], [ 54.662696611312398, 25.550690661809394 ], [ 54.662786442840812, 25.550690661809394 ], [ 54.662786442840812, 25.550780493337808 ], [ 54.662966105897638, 25.550780493337808 ], [ 54.662966105897638, 25.550870324866221 ], [ 54.663235600482871, 25.550870324866221 ], [ 54.663235600482871, 25.55096015639463 ], [ 54.663325432011284, 25.55096015639463 ], [ 54.663325432011284, 25.551049987923044 ], [ 54.663415263539697, 25.551049987923044 ], [ 54.663415263539697, 25.551139819451457 ] ], [ [ 54.659013518647512, 25.547366895258154 ], [ 54.659642339346391, 25.547366895258154 ], [ 54.659642339346391, 25.547277063729741 ], [ 54.659822002403217, 25.547277063729741 ], [ 54.659822002403217, 25.547187232201331 ], [ 54.659911833931631, 25.547187232201331 ], [ 54.659911833931631, 25.547097400672918 ], [ 54.660001665460044, 25.547097400672918 ], [ 54.660001665460044, 25.546558411502446 ], [ 54.659911833931631, 25.546558411502446 ], [ 54.659911833931631, 25.546468579974036 ], [ 54.659822002403217, 25.546468579974036 ], [ 54.659822002403217, 25.546288916917209 ], [ 54.659732170874804, 25.546288916917209 ], [ 54.659732170874804, 25.5461990853888 ], [ 54.659642339346391, 25.5461990853888 ], [ 54.659642339346391, 25.545660096218327 ], [ 54.659552507817978, 25.545660096218327 ], [ 54.659552507817978, 25.545480433161504 ], [ 54.659462676289571, 25.545480433161504 ], [ 54.659462676289571, 25.545210938576268 ], [ 54.659283013232745, 25.545210938576268 ], [ 54.659283013232745, 25.545031275519442 ], [ 54.659193181704332, 25.545031275519442 ], [ 54.659193181704332, 25.545210938576268 ], [ 54.659103350175918, 25.545210938576268 ], [ 54.659103350175918, 25.54440245482056 ], [ 54.659013518647512, 25.54440245482056 ], [ 54.659013518647512, 25.544312623292146 ], [ 54.658923687119099, 25.544312623292146 ], [ 54.658923687119099, 25.544132960235324 ], [ 54.658833855590686, 25.544132960235324 ], [ 54.658833855590686, 25.54404312870691 ], [ 54.658744024062273, 25.54404312870691 ], [ 54.658744024062273, 25.543953297178501 ], [ 54.658564361005446, 25.543953297178501 ], [ 54.658564361005446, 25.543863465650087 ], [ 54.65847452947704, 25.543863465650087 ], [ 54.65847452947704, 25.543773634121674 ], [ 54.658384697948627, 25.543773634121674 ], [ 54.658384697948627, 25.543593971064851 ], [ 54.658294866420214, 25.543593971064851 ], [ 54.658294866420214, 25.543414308008028 ], [ 54.6582050348918, 25.543414308008028 ], [ 54.6582050348918, 25.543144813422792 ], [ 54.658115203363387, 25.543144813422792 ], [ 54.658115203363387, 25.543054981894379 ], [ 54.658025371834981, 25.543054981894379 ], [ 54.658025371834981, 25.542875318837556 ], [ 54.657935540306568, 25.542875318837556 ], [ 54.657935540306568, 25.542785487309143 ], [ 54.657845708778154, 25.542785487309143 ], [ 54.657845708778154, 25.542695655780733 ], [ 54.657666045721328, 25.542695655780733 ], [ 54.657666045721328, 25.542515992723906 ], [ 54.657486382664509, 25.542515992723906 ], [ 54.657486382664509, 25.542426161195497 ], [ 54.657396551136095, 25.542426161195497 ], [ 54.657396551136095, 25.542336329667084 ], [ 54.657306719607682, 25.542336329667084 ], [ 54.657306719607682, 25.542246498138674 ], [ 54.657037225022449, 25.542246498138674 ], [ 54.657037225022449, 25.542156666610261 ], [ 54.656857561965623, 25.542156666610261 ], [ 54.656857561965623, 25.541977003553438 ], [ 54.65676773043721, 25.541977003553438 ], [ 54.65676773043721, 25.540899025212493 ], [ 54.656588067380383, 25.540899025212493 ], [ 54.656588067380383, 25.540988856740906 ], [ 54.656498235851977, 25.540988856740906 ], [ 54.656498235851977, 25.540899025212493 ], [ 54.656408404323564, 25.540899025212493 ], [ 54.656408404323564, 25.54080919368408 ], [ 54.656318572795151, 25.54080919368408 ], [ 54.656318572795151, 25.54071936215567 ], [ 54.656138909738324, 25.54071936215567 ], [ 54.656138909738324, 25.540629530627257 ], [ 54.655779583624678, 25.540629530627257 ], [ 54.655779583624678, 25.540539699098844 ], [ 54.655689752096265, 25.540539699098844 ], [ 54.655689752096265, 25.540449867570434 ], [ 54.655599920567852, 25.540449867570434 ], [ 54.655599920567852, 25.540360036042021 ], [ 54.655510089039446, 25.540360036042021 ], [ 54.655510089039446, 25.540090541456784 ], [ 54.655420257511032, 25.540090541456784 ], [ 54.655420257511032, 25.539821046871548 ], [ 54.655330425982619, 25.539821046871548 ], [ 54.655330425982619, 25.539551552286312 ], [ 54.655240594454206, 25.539551552286312 ], [ 54.655240594454206, 25.539371889229489 ], [ 54.655150762925793, 25.539371889229489 ], [ 54.655150762925793, 25.539012563115843 ], [ 54.655060931397387, 25.539012563115843 ], [ 54.655060931397387, 25.53892273158743 ], [ 54.654971099868973, 25.53892273158743 ], [ 54.654971099868973, 25.538743068530607 ], [ 54.65488126834056, 25.538743068530607 ], [ 54.65488126834056, 25.538653237002194 ], [ 54.654791436812147, 25.538653237002194 ], [ 54.654791436812147, 25.538473573945371 ], [ 54.654701605283734, 25.538473573945371 ], [ 54.654701605283734, 25.538383742416958 ], [ 54.654521942226914, 25.538383742416958 ], [ 54.654521942226914, 25.538293910888548 ], [ 54.654432110698501, 25.538293910888548 ], [ 54.654432110698501, 25.538204079360135 ], [ 54.654252447641674, 25.538204079360135 ], [ 54.654252447641674, 25.538114247831722 ], [ 54.654072784584855, 25.538114247831722 ], [ 54.654072784584855, 25.538024416303312 ], [ 54.653893121528029, 25.538024416303312 ], [ 54.653893121528029, 25.537934584774899 ], [ 54.653713458471202, 25.537934584774899 ], [ 54.653713458471202, 25.537844753246485 ], [ 54.653623626942789, 25.537844753246485 ], [ 54.653623626942789, 25.537754921718076 ], [ 54.653443963885969, 25.537754921718076 ], [ 54.653443963885969, 25.537665090189662 ], [ 54.653354132357556, 25.537665090189662 ], [ 54.653354132357556, 25.537575258661249 ], [ 54.653264300829143, 25.537575258661249 ], [ 54.653264300829143, 25.537665090189662 ], [ 54.65317446930073, 25.537665090189662 ], [ 54.65317446930073, 25.538114247831722 ], [ 54.653084637772324, 25.538114247831722 ], [ 54.653084637772324, 25.538563405473781 ], [ 54.65299480624391, 25.538563405473781 ], [ 54.65299480624391, 25.538653237002194 ], [ 54.653084637772324, 25.538653237002194 ], [ 54.653084637772324, 25.538832900059017 ], [ 54.65317446930073, 25.538832900059017 ], [ 54.65317446930073, 25.53892273158743 ], [ 54.653264300829143, 25.53892273158743 ], [ 54.653264300829143, 25.539192226172666 ], [ 54.653354132357556, 25.539192226172666 ], [ 54.653354132357556, 25.539371889229489 ], [ 54.653443963885969, 25.539371889229489 ], [ 54.653443963885969, 25.539461720757902 ], [ 54.653533795414383, 25.539461720757902 ], [ 54.653533795414383, 25.539551552286312 ], [ 54.653623626942789, 25.539551552286312 ], [ 54.653623626942789, 25.540180372985198 ], [ 54.653713458471202, 25.540180372985198 ], [ 54.653713458471202, 25.540360036042021 ], [ 54.653803289999615, 25.540360036042021 ], [ 54.653803289999615, 25.540449867570434 ], [ 54.653893121528029, 25.540449867570434 ], [ 54.653893121528029, 25.540629530627257 ], [ 54.654072784584855, 25.540629530627257 ], [ 54.654072784584855, 25.54071936215567 ], [ 54.654162616113261, 25.54071936215567 ], [ 54.654162616113261, 25.54080919368408 ], [ 54.654252447641674, 25.54080919368408 ], [ 54.654252447641674, 25.540899025212493 ], [ 54.654342279170088, 25.540899025212493 ], [ 54.654342279170088, 25.540988856740906 ], [ 54.654521942226914, 25.540988856740906 ], [ 54.654521942226914, 25.541078688269316 ], [ 54.65461177375532, 25.541078688269316 ], [ 54.65461177375532, 25.541168519797729 ], [ 54.654791436812147, 25.541168519797729 ], [ 54.654791436812147, 25.541258351326142 ], [ 54.65488126834056, 25.541258351326142 ], [ 54.65488126834056, 25.541348182854552 ], [ 54.655060931397387, 25.541348182854552 ], [ 54.655060931397387, 25.541438014382965 ], [ 54.655150762925793, 25.541438014382965 ], [ 54.655150762925793, 25.541617677439788 ], [ 54.655240594454206, 25.541617677439788 ], [ 54.655240594454206, 25.541797340496611 ], [ 54.655330425982619, 25.541797340496611 ], [ 54.655330425982619, 25.541887172025024 ], [ 54.655420257511032, 25.541887172025024 ], [ 54.655420257511032, 25.542066835081847 ], [ 54.655510089039446, 25.542066835081847 ], [ 54.655510089039446, 25.542156666610261 ], [ 54.655599920567852, 25.542156666610261 ], [ 54.655599920567852, 25.542246498138674 ], [ 54.655689752096265, 25.542246498138674 ], [ 54.655689752096265, 25.542336329667084 ], [ 54.655779583624678, 25.542336329667084 ], [ 54.655779583624678, 25.542426161195497 ], [ 54.656049078209918, 25.542426161195497 ], [ 54.656049078209918, 25.542515992723906 ], [ 54.656138909738324, 25.542515992723906 ], [ 54.656138909738324, 25.54260582425232 ], [ 54.656318572795151, 25.54260582425232 ], [ 54.656318572795151, 25.542695655780733 ], [ 54.656408404323564, 25.542695655780733 ], [ 54.656408404323564, 25.54260582425232 ], [ 54.656498235851977, 25.54260582425232 ], [ 54.656498235851977, 25.542695655780733 ], [ 54.656588067380383, 25.542695655780733 ], [ 54.656588067380383, 25.542875318837556 ], [ 54.65676773043721, 25.542875318837556 ], [ 54.65676773043721, 25.543593971064851 ], [ 54.656857561965623, 25.543593971064851 ], [ 54.656857561965623, 25.543414308008028 ], [ 54.657127056550856, 25.543414308008028 ], [ 54.657127056550856, 25.543504139536438 ], [ 54.657216888079269, 25.543504139536438 ], [ 54.657216888079269, 25.543593971064851 ], [ 54.657306719607682, 25.543593971064851 ], [ 54.657306719607682, 25.543683802593264 ], [ 54.657396551136095, 25.543683802593264 ], [ 54.657396551136095, 25.543773634121674 ], [ 54.657576214192915, 25.543773634121674 ], [ 54.657576214192915, 25.543863465650087 ], [ 54.657666045721328, 25.543863465650087 ], [ 54.657666045721328, 25.543953297178501 ], [ 54.657755877249741, 25.543953297178501 ], [ 54.657755877249741, 25.544312623292146 ], [ 54.657845708778154, 25.544312623292146 ], [ 54.657845708778154, 25.544582117877383 ], [ 54.657935540306568, 25.544582117877383 ], [ 54.657935540306568, 25.544671949405796 ], [ 54.658025371834981, 25.544671949405796 ], [ 54.658025371834981, 25.544761780934206 ], [ 54.658115203363387, 25.544761780934206 ], [ 54.658115203363387, 25.544851612462619 ], [ 54.6582050348918, 25.544851612462619 ], [ 54.6582050348918, 25.544941443991032 ], [ 54.658294866420214, 25.544941443991032 ], [ 54.658294866420214, 25.545031275519442 ], [ 54.658384697948627, 25.545031275519442 ], [ 54.658384697948627, 25.545121107047855 ], [ 54.658564361005446, 25.545121107047855 ], [ 54.658564361005446, 25.545210938576268 ], [ 54.658744024062273, 25.545210938576268 ], [ 54.658744024062273, 25.545300770104678 ], [ 54.658923687119099, 25.545300770104678 ], [ 54.658923687119099, 25.545390601633091 ], [ 54.658833855590686, 25.545390601633091 ], [ 54.658833855590686, 25.545480433161504 ], [ 54.658744024062273, 25.545480433161504 ], [ 54.658744024062273, 25.545660096218327 ], [ 54.658654192533859, 25.545660096218327 ], [ 54.658654192533859, 25.546288916917209 ], [ 54.658564361005446, 25.546288916917209 ], [ 54.658564361005446, 25.546917737616095 ], [ 54.65847452947704, 25.546917737616095 ], [ 54.65847452947704, 25.547007569144505 ], [ 54.658564361005446, 25.547007569144505 ], [ 54.658564361005446, 25.547097400672918 ], [ 54.658654192533859, 25.547097400672918 ], [ 54.658654192533859, 25.547187232201331 ], [ 54.658833855590686, 25.547187232201331 ], [ 54.658833855590686, 25.547277063729741 ], [ 54.659013518647512, 25.547277063729741 ], [ 54.659013518647512, 25.547366895258154 ] ], [ [ 54.679764601710673, 25.543863465650087 ], [ 54.679854433239079, 25.543863465650087 ], [ 54.679854433239079, 25.543144813422792 ], [ 54.679944264767492, 25.543144813422792 ], [ 54.679944264767492, 25.542875318837556 ], [ 54.680034096295905, 25.542875318837556 ], [ 54.680034096295905, 25.542785487309143 ], [ 54.680123927824319, 25.542785487309143 ], [ 54.680123927824319, 25.543054981894379 ], [ 54.680213759352732, 25.543054981894379 ], [ 54.680213759352732, 25.543144813422792 ], [ 54.680303590881145, 25.543144813422792 ], [ 54.680303590881145, 25.543234644951205 ], [ 54.680573085466378, 25.543234644951205 ], [ 54.680573085466378, 25.543324476479615 ], [ 54.680752748523204, 25.543324476479615 ], [ 54.680752748523204, 25.543414308008028 ], [ 54.68084258005161, 25.543414308008028 ], [ 54.68084258005161, 25.543504139536438 ], [ 54.68111207463685, 25.543504139536438 ], [ 54.68111207463685, 25.543593971064851 ], [ 54.681381569222083, 25.543593971064851 ], [ 54.681381569222083, 25.543234644951205 ], [ 54.681201906165263, 25.543234644951205 ], [ 54.681201906165263, 25.542965150365969 ], [ 54.68111207463685, 25.542965150365969 ], [ 54.68111207463685, 25.542875318837556 ], [ 54.681022243108437, 25.542875318837556 ], [ 54.681022243108437, 25.542695655780733 ], [ 54.680932411580024, 25.542695655780733 ], [ 54.680932411580024, 25.54260582425232 ], [ 54.68084258005161, 25.54260582425232 ], [ 54.68084258005161, 25.542515992723906 ], [ 54.680662916994791, 25.542515992723906 ], [ 54.680662916994791, 25.542426161195497 ], [ 54.680393422409551, 25.542426161195497 ], [ 54.680393422409551, 25.542515992723906 ], [ 54.680213759352732, 25.542515992723906 ], [ 54.680213759352732, 25.54260582425232 ], [ 54.680123927824319, 25.54260582425232 ], [ 54.680123927824319, 25.542695655780733 ], [ 54.679944264767492, 25.542695655780733 ], [ 54.679944264767492, 25.542515992723906 ], [ 54.679854433239079, 25.542515992723906 ], [ 54.679854433239079, 25.542066835081847 ], [ 54.679764601710673, 25.542066835081847 ], [ 54.679764601710673, 25.543863465650087 ] ], [ [ 54.673745889307071, 25.541348182854552 ], [ 54.674015383892304, 25.541348182854552 ], [ 54.674015383892304, 25.541258351326142 ], [ 54.674464541534363, 25.541258351326142 ], [ 54.674464541534363, 25.541168519797729 ], [ 54.674644204591189, 25.541168519797729 ], [ 54.674644204591189, 25.541258351326142 ], [ 54.674913699176422, 25.541258351326142 ], [ 54.674913699176422, 25.541168519797729 ], [ 54.675003530704835, 25.541168519797729 ], [ 54.675003530704835, 25.54080919368408 ], [ 54.675093362233248, 25.54080919368408 ], [ 54.675093362233248, 25.54071936215567 ], [ 54.675273025290075, 25.54071936215567 ], [ 54.675273025290075, 25.540539699098844 ], [ 54.675362856818488, 25.540539699098844 ], [ 54.675362856818488, 25.540360036042021 ], [ 54.675093362233248, 25.540360036042021 ], [ 54.675093362233248, 25.540270204513611 ], [ 54.674734036119602, 25.540270204513611 ], [ 54.674734036119602, 25.540539699098844 ], [ 54.674823867648016, 25.540539699098844 ], [ 54.674823867648016, 25.54080919368408 ], [ 54.674374710005957, 25.54080919368408 ], [ 54.674374710005957, 25.54071936215567 ], [ 54.674464541534363, 25.54071936215567 ], [ 54.674464541534363, 25.540629530627257 ], [ 54.674284878477543, 25.540629530627257 ], [ 54.674284878477543, 25.540539699098844 ], [ 54.673476394721831, 25.540539699098844 ], [ 54.673476394721831, 25.540629530627257 ], [ 54.673566226250244, 25.540629530627257 ], [ 54.673566226250244, 25.54071936215567 ], [ 54.673476394721831, 25.54071936215567 ], [ 54.673476394721831, 25.540899025212493 ], [ 54.673566226250244, 25.540899025212493 ], [ 54.673566226250244, 25.541258351326142 ], [ 54.673745889307071, 25.541258351326142 ], [ 54.673745889307071, 25.541348182854552 ] ], [ [ 54.666379703977292, 25.540988856740906 ], [ 54.666469535505705, 25.540988856740906 ], [ 54.666469535505705, 25.540899025212493 ], [ 54.666739030090937, 25.540899025212493 ], [ 54.666739030090937, 25.54071936215567 ], [ 54.666828861619351, 25.54071936215567 ], [ 54.666828861619351, 25.540629530627257 ], [ 54.666918693147764, 25.540629530627257 ], [ 54.666918693147764, 25.540539699098844 ], [ 54.66700852467617, 25.540539699098844 ], [ 54.66700852467617, 25.540360036042021 ], [ 54.667098356204583, 25.540360036042021 ], [ 54.667098356204583, 25.540270204513611 ], [ 54.667188187732997, 25.540270204513611 ], [ 54.667188187732997, 25.539821046871548 ], [ 54.667098356204583, 25.539821046871548 ], [ 54.667098356204583, 25.539461720757902 ], [ 54.66700852467617, 25.539461720757902 ], [ 54.66700852467617, 25.539192226172666 ], [ 54.666918693147764, 25.539192226172666 ], [ 54.666918693147764, 25.539102394644253 ], [ 54.666828861619351, 25.539102394644253 ], [ 54.666828861619351, 25.539012563115843 ], [ 54.666739030090937, 25.539012563115843 ], [ 54.666739030090937, 25.53892273158743 ], [ 54.666828861619351, 25.53892273158743 ], [ 54.666828861619351, 25.538832900059017 ], [ 54.666739030090937, 25.538832900059017 ], [ 54.666739030090937, 25.538743068530607 ], [ 54.666649198562524, 25.538743068530607 ], [ 54.666649198562524, 25.538563405473781 ], [ 54.666559367034111, 25.538563405473781 ], [ 54.666559367034111, 25.538473573945371 ], [ 54.666469535505705, 25.538473573945371 ], [ 54.666469535505705, 25.538383742416958 ], [ 54.666289872448878, 25.538383742416958 ], [ 54.666289872448878, 25.538204079360135 ], [ 54.666110209392052, 25.538204079360135 ], [ 54.666110209392052, 25.538293910888548 ], [ 54.666020377863639, 25.538293910888548 ], [ 54.666020377863639, 25.538383742416958 ], [ 54.665840714806819, 25.538383742416958 ], [ 54.665840714806819, 25.538473573945371 ], [ 54.665661051749993, 25.538473573945371 ], [ 54.665661051749993, 25.538563405473781 ], [ 54.66557122022158, 25.538563405473781 ], [ 54.66557122022158, 25.538653237002194 ], [ 54.66539155716476, 25.538653237002194 ], [ 54.66539155716476, 25.538743068530607 ], [ 54.665301725636347, 25.538743068530607 ], [ 54.665301725636347, 25.538832900059017 ], [ 54.665211894107934, 25.538832900059017 ], [ 54.665211894107934, 25.53892273158743 ], [ 54.66512206257952, 25.53892273158743 ], [ 54.66512206257952, 25.539012563115843 ], [ 54.665032231051107, 25.539012563115843 ], [ 54.665032231051107, 25.53928205770108 ], [ 54.665211894107934, 25.53928205770108 ], [ 54.665211894107934, 25.539551552286312 ], [ 54.665301725636347, 25.539551552286312 ], [ 54.665301725636347, 25.539821046871548 ], [ 54.66539155716476, 25.539821046871548 ], [ 54.66539155716476, 25.540090541456784 ], [ 54.665481388693166, 25.540090541456784 ], [ 54.665481388693166, 25.540270204513611 ], [ 54.66557122022158, 25.540270204513611 ], [ 54.66557122022158, 25.540449867570434 ], [ 54.665661051749993, 25.540449867570434 ], [ 54.665661051749993, 25.540539699098844 ], [ 54.665840714806819, 25.540539699098844 ], [ 54.665840714806819, 25.540629530627257 ], [ 54.665930546335233, 25.540629530627257 ], [ 54.665930546335233, 25.54071936215567 ], [ 54.666110209392052, 25.54071936215567 ], [ 54.666110209392052, 25.54080919368408 ], [ 54.666200040920465, 25.54080919368408 ], [ 54.666200040920465, 25.540899025212493 ], [ 54.666379703977292, 25.540899025212493 ], [ 54.666379703977292, 25.540988856740906 ] ], [ [ 54.672757742494539, 25.540899025212493 ], [ 54.673027237079772, 25.540899025212493 ], [ 54.673027237079772, 25.54080919368408 ], [ 54.673117068608185, 25.54080919368408 ], [ 54.673117068608185, 25.54071936215567 ], [ 54.673296731665012, 25.54071936215567 ], [ 54.673296731665012, 25.540539699098844 ], [ 54.673386563193425, 25.540539699098844 ], [ 54.673386563193425, 25.540270204513611 ], [ 54.673296731665012, 25.540270204513611 ], [ 54.673296731665012, 25.540000709928375 ], [ 54.673206900136599, 25.540000709928375 ], [ 54.673206900136599, 25.539910878399962 ], [ 54.673117068608185, 25.539910878399962 ], [ 54.673117068608185, 25.539821046871548 ], [ 54.672757742494539, 25.539821046871548 ], [ 54.672757742494539, 25.539731215343139 ], [ 54.672667910966126, 25.539731215343139 ], [ 54.672667910966126, 25.539821046871548 ], [ 54.672398416380894, 25.539821046871548 ], [ 54.672398416380894, 25.539910878399962 ], [ 54.67230858485248, 25.539910878399962 ], [ 54.67230858485248, 25.540180372985198 ], [ 54.672398416380894, 25.540180372985198 ], [ 54.672398416380894, 25.540270204513611 ], [ 54.6724882479093, 25.540270204513611 ], [ 54.6724882479093, 25.540539699098844 ], [ 54.672578079437713, 25.540539699098844 ], [ 54.672578079437713, 25.54071936215567 ], [ 54.672667910966126, 25.54071936215567 ], [ 54.672667910966126, 25.54080919368408 ], [ 54.672757742494539, 25.54080919368408 ], [ 54.672757742494539, 25.540899025212493 ] ], [ [ 54.589034758014598, 25.540180372985198 ], [ 54.589394084128244, 25.540180372985198 ], [ 54.589394084128244, 25.540090541456784 ], [ 54.589483915656658, 25.540090541456784 ], [ 54.589483915656658, 25.540180372985198 ], [ 54.589573747185071, 25.540180372985198 ], [ 54.589573747185071, 25.540090541456784 ], [ 54.589753410241897, 25.540090541456784 ], [ 54.589753410241897, 25.539910878399962 ], [ 54.589843241770303, 25.539910878399962 ], [ 54.589843241770303, 25.539641383814725 ], [ 54.589933073298717, 25.539641383814725 ], [ 54.589933073298717, 25.539102394644253 ], [ 54.59002290482713, 25.539102394644253 ], [ 54.59002290482713, 25.539012563115843 ], [ 54.590112736355543, 25.539012563115843 ], [ 54.590112736355543, 25.53892273158743 ], [ 54.590202567883956, 25.53892273158743 ], [ 54.590202567883956, 25.538743068530607 ], [ 54.590292399412363, 25.538743068530607 ], [ 54.590292399412363, 25.538563405473781 ], [ 54.590382230940776, 25.538563405473781 ], [ 54.590382230940776, 25.538383742416958 ], [ 54.590472062469189, 25.538383742416958 ], [ 54.590472062469189, 25.538024416303312 ], [ 54.590651725526016, 25.538024416303312 ], [ 54.590651725526016, 25.537754921718076 ], [ 54.590741557054429, 25.537754921718076 ], [ 54.590741557054429, 25.537665090189662 ], [ 54.590921220111248, 25.537665090189662 ], [ 54.590921220111248, 25.537575258661249 ], [ 54.591011051639661, 25.537575258661249 ], [ 54.591011051639661, 25.53748542713284 ], [ 54.591100883168075, 25.53748542713284 ], [ 54.591100883168075, 25.537305764076017 ], [ 54.591190714696488, 25.537305764076017 ], [ 54.591190714696488, 25.53703626949078 ], [ 54.591280546224894, 25.53703626949078 ], [ 54.591280546224894, 25.536946437962367 ], [ 54.591190714696488, 25.536946437962367 ], [ 54.591190714696488, 25.536856606433954 ], [ 54.590831388582835, 25.536856606433954 ], [ 54.590831388582835, 25.536946437962367 ], [ 54.590741557054429, 25.536946437962367 ], [ 54.590741557054429, 25.53703626949078 ], [ 54.590651725526016, 25.53703626949078 ], [ 54.590651725526016, 25.537215932547603 ], [ 54.590561893997602, 25.537215932547603 ], [ 54.590561893997602, 25.537305764076017 ], [ 54.590472062469189, 25.537305764076017 ], [ 54.590472062469189, 25.537575258661249 ], [ 54.590382230940776, 25.537575258661249 ], [ 54.590382230940776, 25.537844753246485 ], [ 54.590292399412363, 25.537844753246485 ], [ 54.590292399412363, 25.538024416303312 ], [ 54.590202567883956, 25.538024416303312 ], [ 54.590202567883956, 25.538114247831722 ], [ 54.59002290482713, 25.538114247831722 ], [ 54.59002290482713, 25.538204079360135 ], [ 54.589843241770303, 25.538204079360135 ], [ 54.589843241770303, 25.538293910888548 ], [ 54.589753410241897, 25.538293910888548 ], [ 54.589753410241897, 25.538383742416958 ], [ 54.589663578713484, 25.538383742416958 ], [ 54.589663578713484, 25.538473573945371 ], [ 54.589573747185071, 25.538473573945371 ], [ 54.589573747185071, 25.538563405473781 ], [ 54.589483915656658, 25.538563405473781 ], [ 54.589483915656658, 25.538743068530607 ], [ 54.589394084128244, 25.538743068530607 ], [ 54.589394084128244, 25.538832900059017 ], [ 54.589304252599831, 25.538832900059017 ], [ 54.589304252599831, 25.539012563115843 ], [ 54.589214421071425, 25.539012563115843 ], [ 54.589214421071425, 25.539102394644253 ], [ 54.589124589543012, 25.539102394644253 ], [ 54.589124589543012, 25.53928205770108 ], [ 54.589034758014598, 25.53928205770108 ], [ 54.589034758014598, 25.539371889229489 ], [ 54.588944926486185, 25.539371889229489 ], [ 54.588944926486185, 25.539551552286312 ], [ 54.588855094957772, 25.539551552286312 ], [ 54.588855094957772, 25.539821046871548 ], [ 54.588765263429366, 25.539821046871548 ], [ 54.588765263429366, 25.539910878399962 ], [ 54.588855094957772, 25.539910878399962 ], [ 54.588855094957772, 25.540090541456784 ], [ 54.589034758014598, 25.540090541456784 ], [ 54.589034758014598, 25.540180372985198 ] ], [ [ 54.664852567994288, 25.53928205770108 ], [ 54.664942399522701, 25.53928205770108 ], [ 54.664942399522701, 25.539102394644253 ], [ 54.664762736465875, 25.539102394644253 ], [ 54.664762736465875, 25.539192226172666 ], [ 54.664852567994288, 25.539192226172666 ], [ 54.664852567994288, 25.53928205770108 ] ], [ [ 54.66916448135806, 25.539192226172666 ], [ 54.669613639000119, 25.539192226172666 ], [ 54.669613639000119, 25.539102394644253 ], [ 54.669883133585358, 25.539102394644253 ], [ 54.669883133585358, 25.539012563115843 ], [ 54.670062796642178, 25.539012563115843 ], [ 54.670062796642178, 25.538743068530607 ], [ 54.670152628170591, 25.538743068530607 ], [ 54.670152628170591, 25.538293910888548 ], [ 54.670062796642178, 25.538293910888548 ], [ 54.670062796642178, 25.538204079360135 ], [ 54.669972965113764, 25.538204079360135 ], [ 54.669972965113764, 25.538114247831722 ], [ 54.669883133585358, 25.538114247831722 ], [ 54.669883133585358, 25.538024416303312 ], [ 54.669793302056945, 25.538024416303312 ], [ 54.669793302056945, 25.537934584774899 ], [ 54.669703470528532, 25.537934584774899 ], [ 54.669703470528532, 25.537844753246485 ], [ 54.669613639000119, 25.537844753246485 ], [ 54.669613639000119, 25.537754921718076 ], [ 54.66916448135806, 25.537754921718076 ], [ 54.66916448135806, 25.537844753246485 ], [ 54.669074649829646, 25.537844753246485 ], [ 54.669074649829646, 25.537934584774899 ], [ 54.668984818301233, 25.537934584774899 ], [ 54.668984818301233, 25.538024416303312 ], [ 54.668894986772827, 25.538024416303312 ], [ 54.668894986772827, 25.538114247831722 ], [ 54.668984818301233, 25.538114247831722 ], [ 54.668984818301233, 25.538383742416958 ], [ 54.668894986772827, 25.538383742416958 ], [ 54.668894986772827, 25.538563405473781 ], [ 54.668984818301233, 25.538563405473781 ], [ 54.668984818301233, 25.53892273158743 ], [ 54.669074649829646, 25.53892273158743 ], [ 54.669074649829646, 25.539102394644253 ], [ 54.66916448135806, 25.539102394644253 ], [ 54.66916448135806, 25.539192226172666 ] ], [ [ 54.667906839960295, 25.537395595604426 ], [ 54.668086503017115, 25.537395595604426 ], [ 54.668086503017115, 25.537305764076017 ], [ 54.668266166073941, 25.537305764076017 ], [ 54.668266166073941, 25.53703626949078 ], [ 54.667817008431882, 25.53703626949078 ], [ 54.667817008431882, 25.537305764076017 ], [ 54.667906839960295, 25.537305764076017 ], [ 54.667906839960295, 25.537395595604426 ] ], [ [ 54.658115203363387, 25.534790481280481 ], [ 54.658294866420214, 25.534790481280481 ], [ 54.658294866420214, 25.534700649752068 ], [ 54.658115203363387, 25.534700649752068 ], [ 54.658115203363387, 25.534790481280481 ] ] ] } }
]
}
