{
"type": "FeatureCollection",
"name": "normalized_ais_tracks",
"crs": { "type": "name", "properties": { "name": "urn:ogc:def:crs:OGC:1.3:CRS84" } },
"features": [
{ "type": "Feature", "properties": { "MMSI": 100000000, "vessel_name": "Synthetic Vessel 1", "vessel_type": null, "timestamp": "2025-01-01T00:00:00Z", "latitude": 13.077681604753897, "longitude": 80.293728572256398, "SOG": 10.394633936788146, "COG": 92.319939418114046, "heading": 92.319939418114046 }, "geometry": { "type": "Point", "coordinates": [ 80.293728572256398, 13.077681604753897 ] } },
{ "type": "Feature", "properties": { "MMSI": 100000000, "vessel_name": "Synthetic Vessel 1", "vessel_type": null, "timestamp": "2025-01-01T00:06:00Z", "latitude": 13.077681604753897, "longitude": 80.298728572256394, "SOG": 8.623978081344811, "COG": 86.560186404424371, "heading": 86.560186404424371 }, "geometry": { "type": "Point", "coordinates": [ 80.298728572256394, 13.077681604753897 ] } },
{ "type": "Feature", "properties": { "MMSI": 100000000, "vessel_name": "Synthetic Vessel 1", "vessel_type": null, "timestamp": "2025-01-01T00:12:00Z", "latitude": 13.077681604753897, "longitude": 80.303728572256389, "SOG": 11.46470458309974, "COG": 85.580836121681997, "heading": 85.580836121681997 }, "geometry": { "type": "Point", "coordinates": [ 80.303728572256389, 13.077681604753897 ] } },
{ "type": "Feature", "properties": { "MMSI": 100000000, "vessel_name": "Synthetic Vessel 1", "vessel_type": null, "timestamp": "2025-01-01T00:18:00Z", "latitude": 13.077681604753897, "longitude": 80.308728572256385, "SOG": 10.832290311184179, "COG": 91.011150117432095, "heading": 91.011150117432095 }, "geometry": { "type": "Point", "coordinates": [ 80.308728572256385, 13.077681604753897 ] } },
{ "type": "Feature", "properties": { "MMSI": 100000000, "vessel_name": "Synthetic Vessel 1", "vessel_type": null, "timestamp": "2025-01-01T00:24:00Z", "latitude": 13.077681604753897, "longitude": 80.31372857225638, "SOG": 11.879639408647977, "COG": 85.205844942958024, "heading": 85.205844942958024 }, "geometry": { "type": "Point", "coordinates": [ 80.31372857225638, 13.077681604753897 ] } },
{ "type": "Feature", "properties": { "MMSI": 100000000, "vessel_name": "Synthetic Vessel 1", "vessel_type": null, "timestamp": "2025-01-01T00:30:00Z", "latitude": 13.077681604753897, "longitude": 80.318728572256376, "SOG": 8.8493564427131055, "COG": 93.3244264080042, "heading": 93.3244264080042 }, "geometry": { "type": "Point", "coordinates": [ 80.318728572256376, 13.077681604753897 ] } },
{ "type": "Feature", "properties": { "MMSI": 100000000, "vessel_name": "Synthetic Vessel 1", "vessel_type": null, "timestamp": "2025-01-01T00:36:00Z", "latitude": 13.077681604753897, "longitude": 80.323728572256371, "SOG": 8.7336180394137344, "COG": 86.818249672071005, "heading": 86.818249672071005 }, "geometry": { "type": "Point", "coordinates": [ 80.323728572256371, 13.077681604753897 ] } },
{ "type": "Feature", "properties": { "MMSI": 100000000, "vessel_name": "Synthetic Vessel 1", "vessel_type": null, "timestamp": "2025-01-01T00:42:00Z", "latitude": 13.077681604753897, "longitude": 80.328728572256367, "SOG": 10.099025726528952, "COG": 88.042422429595376, "heading": 88.042422429595376 }, "geometry": { "type": "Point", "coordinates": [ 80.328728572256367, 13.077681604753897 ] } },
{ "type": "Feature", "properties": { "MMSI": 100000000, "vessel_name": "Synthetic Vessel 1", "vessel_type": null, "timestamp": "2025-01-01T00:48:00Z", "latitude": 13.077681604753897, "longitude": 80.333728572256362, "SOG": 9.1649165607921681, "COG": 89.319450186421165, "heading": 89.319450186421165 }, "geometry": { "type": "Point", "coordinates": [ 80.333728572256362, 13.077681604753897 ] } },
{ "type": "Feature", "properties": { "MMSI": 100000000, "vessel_name": "Synthetic Vessel 1", "vessel_type": null, "timestamp": "2025-01-01T00:54:00Z", "latitude": 13.077681604753897, "longitude": 80.338728572256358, "SOG": 8.5579754426081678, "COG": 91.118528947223794, "heading": 91.118528947223794 }, "geometry": { "type": "Point", "coordinates": [ 80.338728572256358, 13.077681604753897 ] } },
{ "type": "Feature", "properties": { "MMSI": 100000000, "vessel_name": "Synthetic Vessel 1", "vessel_type": null, "timestamp": "2025-01-01T01:00:00Z", "latitude": 13.077681604753897, "longitude": 80.343728572256353, "SOG": 9.4654473731747686, "COG": 87.921446485352178, "heading": 87.921446485352178 }, "geometry": { "type": "Point", "coordinates": [ 80.343728572256353, 13.077681604753897 ] } },
{ "type": "Feature", "properties": { "MMSI": 100000000, "vessel_name": "Synthetic Vessel 1", "vessel_type": null, "timestamp": "2025-01-01T01:06:00Z", "latitude": 13.077681604753897, "longitude": 80.348728572256348, "SOG": 11.140703845572055, "COG": 89.560699842170365, "heading": 89.560699842170365 }, "geometry": { "type": "Point", "coordinates": [ 80.348728572256348, 13.077681604753897 ] } },
{ "type": "Feature", "properties": { "MMSI": 100000000, "vessel_name": "Synthetic Vessel 1", "vessel_type": null, "timestamp": "2025-01-01T01:12:00Z", "latitude": 13.077681604753897, "longitude": 80.353728572256344, "SOG": 10.056937753654449, "COG": 86.996737821583594, "heading": 86.996737821583594 }, "geometry": { "type": "Point", "coordinates": [ 80.353728572256344, 13.077681604753897 ] } },
{ "type": "Feature", "properties": { "MMSI": 100000000, "vessel_name": "Synthetic Vessel 1", "vessel_type": null, "timestamp": "2025-01-01T01:18:00Z", "latitude": 13.077681604753897, "longitude": 80.358728572256339, "SOG": 8.1858016508799913, "COG": 90.924145688620442, "heading": 90.924145688620442 }, "geometry": { "type": "Point", "coordinates": [ 80.358728572256339, 13.077681604753897 ] } },
{ "type": "Feature", "properties": { "MMSI": 100000000, "vessel_name": "Synthetic Vessel 1", "vessel_type": null, "timestamp": "2025-01-01T01:24:00Z", "latitude": 13.077681604753897, "longitude": 80.363728572256335, "SOG": 8.6820964947491657, "COG": 91.075448519014401, "heading": 91.075448519014401 }, "geometry": { "type": "Point", "coordinates": [ 80.363728572256335, 13.077681604753897 ] } },
{ "type": "Feature", "properties": { "MMSI": 100000000, "vessel_name": "Synthetic Vessel 1", "vessel_type": null, "timestamp": "2025-01-01T01:30:00Z", "latitude": 13.077681604753897, "longitude": 80.36872857225633, "SOG": 11.795542149013333, "COG": 85.650515929852801, "heading": 85.650515929852801 }, "geometry": { "type": "Point", "coordinates": [ 80.36872857225633, 13.077681604753897 ] } },
{ "type": "Feature", "properties": { "MMSI": 100000000, "vessel_name": "Synthetic Vessel 1", "vessel_type": null, "timestamp": "2025-01-01T01:36:00Z", "latitude": 13.077681604753897, "longitude": 80.373728572256326, "SOG": 11.233589392465843, "COG": 94.656320330745601, "heading": 94.656320330745601 }, "geometry": { "type": "Point", "coordinates": [ 80.373728572256326, 13.077681604753897 ] } },
{ "type": "Feature", "properties": { "MMSI": 100000000, "vessel_name": "Synthetic Vessel 1", "vessel_type": null, "timestamp": "2025-01-01T01:42:00Z", "latitude": 13.077681604753897, "longitude": 80.378728572256321, "SOG": 8.3906884560255364, "COG": 88.046137691733705, "heading": 88.046137691733705 }, "geometry": { "type": "Point", "coordinates": [ 80.378728572256321, 13.077681604753897 ] } },
{ "type": "Feature", "properties": { "MMSI": 100000000, "vessel_name": "Synthetic Vessel 1", "vessel_type": null, "timestamp": "2025-01-01T01:48:00Z", "latitude": 13.077681604753897, "longitude": 80.383728572256317, "SOG": 9.7606099749584061, "COG": 91.842330265121561, "heading": 91.842330265121561 }, "geometry": { "type": "Point", "coordinates": [ 80.383728572256317, 13.077681604753897 ] } },
{ "type": "Feature", "properties": { "MMSI": 100000000, "vessel_name": "Synthetic Vessel 1", "vessel_type": null, "timestamp": "2025-01-01T01:54:00Z", "latitude": 13.077681604753897, "longitude": 80.388728572256312, "SOG": 9.9807076404450807, "COG": 86.220382348447785, "heading": 86.220382348447785 }, "geometry": { "type": "Point", "coordinates": [ 80.388728572256312, 13.077681604753897 ] } },
{ "type": "Feature", "properties": { "MMSI": 100000000, "vessel_name": "Synthetic Vessel 1", "vessel_type": null, "timestamp": "2025-01-01T02:00:00Z", "latitude": 13.077681604753897, "longitude": 80.393728572256308, "SOG": 11.637281608315128, "COG": 85.343885211152184, "heading": 85.343885211152184 }, "geometry": { "type": "Point", "coordinates": [ 80.393728572256308, 13.077681604753897 ] } },
{ "type": "Feature", "properties": { "MMSI": 100000000, "vessel_name": "Synthetic Vessel 1", "vessel_type": null, "timestamp": "2025-01-01T02:06:00Z", "latitude": 13.077681604753897, "longitude": 80.398728572256303, "SOG": 10.650089137415929, "COG": 87.587799816000171, "heading": 87.587799816000171 }, "geometry": { "type": "Point", "coordinates": [ 80.398728572256303, 13.077681604753897 ] } },
{ "type": "Feature", "properties": { "MMSI": 100000000, "vessel_name": "Synthetic Vessel 1", "vessel_type": null, "timestamp": "2025-01-01T02:12:00Z", "latitude": 13.077681604753897, "longitude": 80.403728572256298, "SOG": 10.080272084711243, "COG": 88.117110760894107, "heading": 88.117110760894107 }, "geometry": { "type": "Point", "coordinates": [ 80.403728572256298, 13.077681604753897 ] } },
{ "type": "Feature", "properties": { "MMSI": 100000000, "vessel_name": "Synthetic Vessel 1", "vessel_type": null, "timestamp": "2025-01-01T02:18:00Z", "latitude": 13.077681604753897, "longitude": 80.408728572256294, "SOG": 8.7394178221021086, "COG": 90.467102793432801, "heading": 90.467102793432801 }, "geometry": { "type": "Point", "coordinates": [ 80.408728572256294, 13.077681604753897 ] } },
{ "type": "Feature", "properties": { "MMSI": 100000000, "vessel_name": "Synthetic Vessel 1", "vessel_type": null, "timestamp": "2025-01-01T02:24:00Z", "latitude": 13.077681604753897, "longitude": 80.413728572256289, "SOG": 11.100531293444458, "COG": 94.6958462776456, "heading": 94.6958462776456 }, "geometry": { "type": "Point", "coordinates": [ 80.413728572256289, 13.077681604753897 ] } },
{ "type": "Feature", "properties": { "MMSI": 100000000, "vessel_name": "Synthetic Vessel 1", "vessel_type": null, "timestamp": "2025-01-01T02:30:00Z", "latitude": 13.077681604753897, "longitude": 80.418728572256285, "SOG": 11.579309401710596, "COG": 94.394989415641874, "heading": 94.394989415641874 }, "geometry": { "type": "Point", "coordinates": [ 80.418728572256285, 13.077681604753897 ] } },
{ "type": "Feature", "properties": { "MMSI": 100000000, "vessel_name": "Synthetic Vessel 1", "vessel_type": null, "timestamp": "2025-01-01T02:36:00Z", "latitude": 13.077681604753897, "longitude": 80.42372857225628, "SOG": 11.687496940092467, "COG": 90.978999788110841, "heading": 90.978999788110841 }, "geometry": { "type": "Point", "coordinates": [ 80.42372857225628, 13.077681604753897 ] } },
{ "type": "Feature", "properties": { "MMSI": 100000000, "vessel_name": "Synthetic Vessel 1", "vessel_type": null, "timestamp": "2025-01-01T02:42:00Z", "latitude": 13.077681604753897, "longitude": 80.428728572256276, "SOG": 8.7839314496765812, "COG": 85.884925020519191, "heading": 85.884925020519191 }, "geometry": { "type": "Point", "coordinates": [ 80.428728572256276, 13.077681604753897 ] } },
{ "type": "Feature", "properties": { "MMSI": 100000000, "vessel_name": "Synthetic Vessel 1", "vessel_type": null, "timestamp": "2025-01-01T02:48:00Z", "latitude": 13.077681604753897, "longitude": 80.433728572256271, "SOG": 9.3013213230530578, "COG": 85.452272889105387, "heading": 85.452272889105387 }, "geometry": { "type": "Point", "coordinates": [ 80.433728572256271, 13.077681604753897 ] } },
{ "type": "Feature", "properties": { "MMSI": 100000000, "vessel_name": "Synthetic Vessel 1", "vessel_type": null, "timestamp": "2025-01-01T02:54:00Z", "latitude": 13.077681604753897, "longitude": 80.438728572256267, "SOG": 9.0853961270955832, "COG": 88.886772896894826, "heading": 88.886772896894826 }, "geometry": { "type": "Point", "coordinates": [ 80.438728572256267, 13.077681604753897 ] } },
{ "type": "Feature", "properties": { "MMSI": 100000001, "vessel_name": "Synthetic Vessel 2", "vessel_type": null, "timestamp": "2025-01-01T00:00:00Z", "latitude": 13.735793708497608, "longitude": 79.985060575050355, "SOG": 13.021969807540398, "COG": 50.732720990914551, "heading": 50.732720990914551 }, "geometry": { "type": "Point", "coordinates": [ 79.985060575050355, 13.735793708497608 ] } },
{ "type": "Feature", "properties": { "MMSI": 100000001, "vessel_name": "Synthetic Vessel 2", "vessel_type": null, "timestamp": "2025-01-01T00:06:00Z", "latitude": 13.727284721371202, "longitude": 79.994798313782368, "SOG": 6.9871568153417236, "COG": 278.00811694679669, "heading": 278.00811694679669 }, "geometry": { "type": "Point", "coordinates": [ 79.994798313782368, 13.727284721371202 ] } },
{ "type": "Feature", "properties": { "MMSI": 100000001, "vessel_name": "Synthetic Vessel 2", "vessel_type": null, "timestamp": "2025-01-01T00:12:00Z", "latitude": 13.717395163713674, "longitude": 80.001107542351463, "SOG": 12.290071680409874, "COG": 254.46864378514209, "heading": 254.46864378514209 }, "geometry": { "type": "Point", "coordinates": [ 80.001107542351463, 13.717395163713674 ] } },
{ "type": "Feature", "properties": { "MMSI": 100000001, "vessel_name": "Synthetic Vessel 2", "vessel_type": null, "timestamp": "2025-01-01T00:18:00Z", "latitude": 13.722820570647391, "longitude": 79.992588435386139, "SOG": 6.1586905952512971, "COG": 129.04766227593814, "heading": 129.04766227593814 }, "geometry": { "type": "Point", "coordinates": [ 79.992588435386139, 13.722820570647391 ] } },
{ "type": "Feature", "properties": { "MMSI": 100000001, "vessel_name": "Synthetic Vessel 2", "vessel_type": null, "timestamp": "2025-01-01T00:24:00Z", "latitude": 13.730082639164904, "longitude": 79.995054397922686, "SOG": 5.6355835028602366, "COG": 119.12328894695371, "heading": 119.12328894695371 }, "geometry": { "type": "Point", "coordinates": [ 79.995054397922686, 13.730082639164904 ] } },
{ "type": "Feature", "properties": { "MMSI": 100000001, "vessel_name": "Synthetic Vessel 2", "vessel_type": null, "timestamp": "2025-01-01T00:30:00Z", "latitude": 13.726302285599219, "longitude": 79.991558064363218, "SOG": 11.375574713552131, "COG": 262.65822420170309, "heading": 262.65822420170309 }, "geometry": { "type": "Point", "coordinates": [ 79.991558064363218, 13.726302285599219 ] } },
{ "type": "Feature", "properties": { "MMSI": 100000001, "vessel_name": "Synthetic Vessel 2", "vessel_type": null, "timestamp": "2025-01-01T00:36:00Z", "latitude": 13.734046540450748, "longitude": 79.991002362866453, "SOG": 12.13244787222995, "COG": 43.053928537788615, "heading": 43.053928537788615 }, "geometry": { "type": "Point", "coordinates": [ 79.991002362866453, 13.734046540450748 ] } },
{ "type": "Feature", "properties": { "MMSI": 100000001, "vessel_name": "Synthetic Vessel 2", "vessel_type": null, "timestamp": "2025-01-01T00:42:00Z", "latitude": 13.739262241423084, "longitude": 79.992227906817845, "SOG": 9.9379559636439083, "COG": 277.54818478364194, "heading": 277.54818478364194 }, "geometry": { "type": "Point", "coordinates": [ 79.992227906817845, 13.739262241423084 ] } },
{ "type": "Feature", "properties": { "MMSI": 100000001, "vessel_name": "Synthetic Vessel 2", "vessel_type": null, "timestamp": "2025-01-01T00:48:00Z", "latitude": 13.739716898010723, "longitude": 79.990778727185017, "SOG": 6.0789142699330441, "COG": 9.1508856278742687, "heading": 9.1508856278742687 }, "geometry": { "type": "Point", "coordinates": [ 79.990778727185017, 13.739716898010723 ] } },
{ "type": "Feature", "properties": { "MMSI": 100000001, "vessel_name": "Synthetic Vessel 2", "vessel_type": null, "timestamp": "2025-01-01T00:54:00Z", "latitude": 13.730345481724459, "longitude": 79.993506935410295, "SOG": 10.085706911647028, "COG": 113.1681531874776, "heading": 113.1681531874776 }, "geometry": { "type": "Point", "coordinates": [ 79.993506935410295, 13.730345481724459 ] } },
{ "type": "Feature", "properties": { "MMSI": 100000001, "vessel_name": "Synthetic Vessel 2", "vessel_type": null, "timestamp": "2025-01-01T01:00:00Z", "latitude": 13.738496811202982, "longitude": 79.988492779993265, "SOG": 12.555511385430489, "COG": 147.73785229282672, "heading": 147.73785229282672 }, "geometry": { "type": "Point", "coordinates": [ 79.988492779993265, 13.738496811202982 ] } },
{ "type": "Feature", "properties": { "MMSI": 100000001, "vessel_name": "Synthetic Vessel 2", "vessel_type": null, "timestamp": "2025-01-01T01:06:00Z", "latitude": 13.733072774512816, "longitude": 79.980032378189847, "SOG": 6.6122128725400442, "COG": 104.31052304895648, "heading": 104.31052304895648 }, "geometry": { "type": "Point", "coordinates": [ 79.980032378189847, 13.733072774512816 ] } },
{ "type": "Feature", "properties": { "MMSI": 100000001, "vessel_name": "Synthetic Vessel 2", "vessel_type": null, "timestamp": "2025-01-01T01:12:00Z", "latitude": 13.741666727559666, "longitude": 79.986194785781137, "SOG": 13.714605901877178, "COG": 228.02535234375244, "heading": 228.02535234375244 }, "geometry": { "type": "Point", "coordinates": [ 79.986194785781137, 13.741666727559666 ] } },
{ "type": "Feature", "properties": { "MMSI": 100000001, "vessel_name": "Synthetic Vessel 2", "vessel_type": null, "timestamp": "2025-01-01T01:18:00Z", "latitude": 13.747740169097648, "longitude": 79.979926186958863, "SOG": 10.393422419156508, "COG": 321.32123945639199, "heading": 321.32123945639199 }, "geometry": { "type": "Point", "coordinates": [ 79.979926186958863, 13.747740169097648 ] } },
{ "type": "Feature", "properties": { "MMSI": 100000001, "vessel_name": "Synthetic Vessel 2", "vessel_type": null, "timestamp": "2025-01-01T01:24:00Z", "latitude": 13.753888972200929, "longitude": 79.987848012957329, "SOG": 6.100519245276768, "COG": 114.481250989871, "heading": 114.481250989871 }, "geometry": { "type": "Point", "coordinates": [ 79.987848012957329, 13.753888972200929 ] } },
{ "type": "Feature", "properties": { "MMSI": 100000001, "vessel_name": "Synthetic Vessel 2", "vessel_type": null, "timestamp": "2025-01-01T01:30:00Z", "latitude": 13.748447675451768, "longitude": 79.986390168729855, "SOG": 13.607305832563434, "COG": 294.48531573209755, "heading": 294.48531573209755 }, "geometry": { "type": "Point", "coordinates": [ 79.986390168729855, 13.748447675451768 ] } },
{ "type": "Feature", "properties": { "MMSI": 100000001, "vessel_name": "Synthetic Vessel 2", "vessel_type": null, "timestamp": "2025-01-01T01:36:00Z", "latitude": 13.738586718062392, "longitude": 79.986605114781412, "SOG": 7.2210781047073027, "COG": 150.26796113356045, "heading": 150.26796113356045 }, "geometry": { "type": "Point", "coordinates": [ 79.986605114781412, 13.738586718062392 ] } },
{ "type": "Feature", "properties": { "MMSI": 100000001, "vessel_name": "Synthetic Vessel 2", "vessel_type": null, "timestamp": "2025-01-01T01:42:00Z", "latitude": 13.730984025409064, "longitude": 79.983357418209479, "SOG": 8.2320293202075518, "COG": 339.44749340850689, "heading": 339.44749340850689 }, "geometry": { "type": "Point", "coordinates": [ 79.983357418209479, 13.730984025409064 ] } },
{ "type": "Feature", "properties": { "MMSI": 100000001, "vessel_name": "Synthetic Vessel 2", "vessel_type": null, "timestamp": "2025-01-01T01:48:00Z", "latitude": 13.731359837843932, "longitude": 79.98741779738738, "SOG": 14.717820827209607, "COG": 130.90665685654582, "heading": 130.90665685654582 }, "geometry": { "type": "Point", "coordinates": [ 79.98741779738738, 13.731359837843932 ] } },
{ "type": "Feature", "properties": { "MMSI": 100000001, "vessel_name": "Synthetic Vessel 2", "vessel_type": null, "timestamp": "2025-01-01T01:54:00Z", "latitude": 13.740608783742774, "longitude": 79.982453443303882, "SOG": 8.0087830981676973, "COG": 179.00946212125876, "heading": 179.00946212125876 }, "geometry": { "type": "Point", "coordinates": [ 79.982453443303882, 13.740608783742774 ] } },
{ "type": "Feature", "properties": { "MMSI": 100000001, "vessel_name": "Synthetic Vessel 2", "vessel_type": null, "timestamp": "2025-01-01T02:00:00Z", "latitude": 13.736305593630323, "longitude": 79.973191182250972, "SOG": 10.026790232288617, "COG": 219.44316023276289, "heading": 219.44316023276289 }, "geometry": { "type": "Point", "coordinates": [ 79.973191182250972, 13.736305593630323 ] } },
{ "type": "Feature", "properties": { "MMSI": 100000001, "vessel_name": "Synthetic Vessel 2", "vessel_type": null, "timestamp": "2025-01-01T02:06:00Z", "latitude": 13.727335168655324, "longitude": 79.968764111535705, "SOG": 7.395618906669724, "COG": 326.97571894799535, "heading": 326.97571894799535 }, "geometry": { "type": "Point", "coordinates": [ 79.968764111535705, 13.727335168655324 ] } },
{ "type": "Feature", "properties": { "MMSI": 100000001, "vessel_name": "Synthetic Vessel 2", "vessel_type": null, "timestamp": "2025-01-01T02:12:00Z", "latitude": 13.720233066097148, "longitude": 79.968553166741259, "SOG": 7.4205527151150044, "COG": 354.83416347981625, "heading": 354.83416347981625 }, "geometry": { "type": "Point", "coordinates": [ 79.968553166741259, 13.720233066097148 ] } },
{ "type": "Feature", "properties": { "MMSI": 100000001, "vessel_name": "Synthetic Vessel 2", "vessel_type": null, "timestamp": "2025-01-01T02:18:00Z", "latitude": 13.723675777045266, "longitude": 79.97378555904784, "SOG": 12.282163486118597, "COG": 85.549515837263883, "heading": 85.549515837263883 }, "geometry": { "type": "Point", "coordinates": [ 79.97378555904784, 13.723675777045266 ] } },
{ "type": "Feature", "properties": { "MMSI": 100000001, "vessel_name": "Synthetic Vessel 2", "vessel_type": null, "timestamp": "2025-01-01T02:24:00Z", "latitude": 13.721031439699653, "longitude": 79.976431675659711, "SOG": 10.357746840747584, "COG": 228.07069587392209, "heading": 228.07069587392209 }, "geometry": { "type": "Point", "coordinates": [ 79.976431675659711, 13.721031439699653 ] } },
{ "type": "Feature", "properties": { "MMSI": 100000001, "vessel_name": "Synthetic Vessel 2", "vessel_type": null, "timestamp": "2025-01-01T02:30:00Z", "latitude": 13.712837235100739, "longitude": 79.983137725571495, "SOG": 6.8651851039985434, "COG": 115.48082338982491, "heading": 115.48082338982491 }, "geometry": { "type": "Point", "coordinates": [ 79.983137725571495, 13.712837235100739 ] } },
{ "type": "Feature", "properties": { "MMSI": 100000001, "vessel_name": "Synthetic Vessel 2", "vessel_type": null, "timestamp": "2025-01-01T02:36:00Z", "latitude": 13.703652737931836, "longitude": 79.984955584435255, "SOG": 5.1658782892785613, "COG": 243.92317026322169, "heading": 243.92317026322169 }, "geometry": { "type": "Point", "coordinates": [ 79.984955584435255, 13.703652737931836 ] } },
{ "type": "Feature", "properties": { "MMSI": 100000001, "vessel_name": "Synthetic Vessel 2", "vessel_type": null, "timestamp": "2025-01-01T02:42:00Z", "latitude": 13.70389459909782, "longitude": 79.979485499939216, "SOG": 6.7436642900499146, "COG": 232.26220454740195, "heading": 232.26220454740195 }, "geometry": { "type": "Point", "coordinates": [ 79.979485499939216, 13.70389459909782 ] } },
{ "type": "Feature", "properties": { "MMSI": 100000001, "vessel_name": "Synthetic Vessel 2", "vessel_type": null, "timestamp": "2025-01-01T02:48:00Z", "latitude": 13.707713353859869, "longitude": 79.977220206865226, "SOG": 6.3752094414599325, "COG": 337.22279594522445, "heading": 337.22279594522445 }, "geometry": { "type": "Point", "coordinates": [ 79.977220206865226, 13.707713353859869 ] } },
{ "type": "Feature", "properties": { "MMSI": 100000001, "vessel_name": "Synthetic Vessel 2", "vessel_type": null, "timestamp": "2025-01-01T02:54:00Z", "latitude": 13.704534680880874, "longitude": 79.969489677290042, "SOG": 13.773393533809809, "COG": 332.88970258028257, "heading": 332.88970258028257 }, "geometry": { "type": "Point", "coordinates": [ 79.969489677290042, 13.704534680880874 ] } },
{ "type": "Feature", "properties": { "MMSI": 100000002, "vessel_name": "Synthetic Vessel 3", "vessel_type": null, "timestamp": "2025-01-01T00:00:00Z", "latitude": 12.604927699434338, "longitude": 80.591772108300361, "SOG": 7.4185229090045173, "COG": 190.67420820816241, "heading": 190.67420820816241 }, "geometry": { "type": "Point", "coordinates": [ 80.591772108300361, 12.604927699434338 ] } },
{ "type": "Feature", "properties": { "MMSI": 100000002, "vessel_name": "Synthetic Vessel 3", "vessel_type": null, "timestamp": "2025-01-01T00:06:00Z", "latitude": 12.596789754790455, "longitude": 80.599716423459427, "SOG": 11.331014572732681, "COG": 324.15050057879898, "heading": 324.15050057879898 }, "geometry": { "type": "Point", "coordinates": [ 80.599716423459427, 12.596789754790455 ] } },
{ "type": "Feature", "properties": { "MMSI": 100000002, "vessel_name": "Synthetic Vessel 3", "vessel_type": null, "timestamp": "2025-01-01T00:12:00Z", "latitude": 12.593570350611429, "longitude": 80.596700614951686, "SOG": 13.971102599525771, "COG": 261.3440443932862, "heading": 261.3440443932862 }, "geometry": { "type": "Point", "coordinates": [ 80.596700614951686, 12.593570350611429 ] } },
{ "type": "Feature", "properties": { "MMSI": 100000002, "vessel_name": "Synthetic Vessel 3", "vessel_type": null, "timestamp": "2025-01-01T00:18:00Z", "latitude": 12.601312079096733, "longitude": 80.602298125868842, "SOG": 5.8413996499504881, "COG": 231.1313926155436, "heading": 231.1313926155436 }, "geometry": { "type": "Point", "coordinates": [ 80.602298125868842, 12.601312079096733 ] } },
{ "type": "Feature", "properties": { "MMSI": 100000002, "vessel_name": "Synthetic Vessel 3", "vessel_type": null, "timestamp": "2025-01-01T00:24:00Z", "latitude": 12.594544653378623, "longitude": 80.610269209639384, "SOG": 5.0919705161662963, "COG": 218.3144614774524, "heading": 218.3144614774524 }, "geometry": { "type": "Point", "coordinates": [ 80.610269209639384, 12.594544653378623 ] } },
{ "type": "Feature", "properties": { "MMSI": 100000002, "vessel_name": "Synthetic Vessel 3", "vessel_type": null, "timestamp": "2025-01-01T00:30:00Z", "latitude": 12.586574084235943, "longitude": 80.613539245021542, "SOG": 6.6080805141749863, "COG": 1.8221701846387279, "heading": 1.8221701846387279 }, "geometry": { "type": "Point", "coordinates": [ 80.613539245021542, 12.586574084235943 ] } },
{ "type": "Feature", "properties": { "MMSI": 100000002, "vessel_name": "Synthetic Vessel 3", "vessel_type": null, "timestamp": "2025-01-01T00:36:00Z", "latitude": 12.587548760023274, "longitude": 80.617377148975393, "SOG": 7.2426930946055981, "COG": 234.7060534209362, "heading": 234.7060534209362 }, "geometry": { "type": "Point", "coordinates": [ 80.617377148975393, 12.587548760023274 ] } },
{ "type": "Feature", "properties": { "MMSI": 100000002, "vessel_name": "Synthetic Vessel 3", "vessel_type": null, "timestamp": "2025-01-01T00:42:00Z", "latitude": 12.591792344450225, "longitude": 80.612122130725325, "SOG": 12.464914051180241, "COG": 117.14389133733638, "heading": 117.14389133733638 }, "geometry": { "type": "Point", "coordinates": [ 80.612122130725325, 12.591792344450225 ] } },
{ "type": "Feature", "properties": { "MMSI": 100000002, "vessel_name": "Synthetic Vessel 3", "vessel_type": null, "timestamp": "2025-01-01T00:48:00Z", "latitude": 12.59478500243117, "longitude": 80.619106598935204, "SOG": 10.683086033354716, "COG": 236.74064122812359, "heading": 236.74064122812359 }, "geometry": { "type": "Point", "coordinates": [ 80.619106598935204, 12.59478500243117 ] } },
{ "type": "Feature", "properties": { "MMSI": 100000002, "vessel_name": "Synthetic Vessel 3", "vessel_type": null, "timestamp": "2025-01-01T00:54:00Z", "latitude": 12.586658497787733, "longitude": 80.616460914996395, "SOG": 7.4398964337908353, "COG": 95.472852365421161, "heading": 95.472852365421161 }, "geometry": { "type": "Point", "coordinates": [ 80.616460914996395, 12.586658497787733 ] } },
{ "type": "Feature", "properties": { "MMSI": 100000002, "vessel_name": "Synthetic Vessel 3", "vessel_type": null, "timestamp": "2025-01-01T01:00:00Z", "latitude": 12.596118708882781, "longitude": 80.614322869489726, "SOG": 11.311386259972627, "COG": 321.1367598637608, "heading": 321.1367598637608 }, "geometry": { "type": "Point", "coordinates": [ 80.614322869489726, 12.596118708882781 ] } },
{ "type": "Feature", "properties": { "MMSI": 100000002, "vessel_name": "Synthetic Vessel 3", "vessel_type": null, "timestamp": "2025-01-01T01:06:00Z", "latitude": 12.602014934953614, "longitude": 80.614375611351832, "SOG": 9.9251769381886383, "COG": 207.68539846548927, "heading": 207.68539846548927 }, "geometry": { "type": "Point", "coordinates": [ 80.614375611351832, 12.602014934953614 ] } },
{ "type": "Feature", "properties": { "MMSI": 100000002, "vessel_name": "Synthetic Vessel 3", "vessel_type": null, "timestamp": "2025-01-01T01:12:00Z", "latitude": 12.595919794709577, "longitude": 80.618824653657057, "SOG": 5.2431596643145379, "COG": 101.07805047870809, "heading": 101.07805047870809 }, "geometry": { "type": "Point", "coordinates": [ 80.618824653657057, 12.595919794709577 ] } },
{ "type": "Feature", "properties": { "MMSI": 100000002, "vessel_name": "Synthetic Vessel 3", "vessel_type": null, "timestamp": "2025-01-01T01:18:00Z", "latitude": 12.598829240627721, "longitude": 80.6123668672452, "SOG": 14.539285770025874, "COG": 338.56509036704915, "heading": 338.56509036704915 }, "geometry": { "type": "Point", "coordinates": [ 80.6123668672452, 12.598829240627721 ] } },
{ "type": "Feature", "properties": { "MMSI": 100000002, "vessel_name": "Synthetic Vessel 3", "vessel_type": null, "timestamp": "2025-01-01T01:24:00Z", "latitude": 12.607126528432127, "longitude": 80.609770041250314, "SOG": 14.283185625877254, "COG": 5.5643819503922742, "heading": 5.5643819503922742 }, "geometry": { "type": "Point", "coordinates": [ 80.609770041250314, 12.607126528432127 ] } },
{ "type": "Feature", "properties": { "MMSI": 100000002, "vessel_name": "Synthetic Vessel 3", "vessel_type": null, "timestamp": "2025-01-01T01:30:00Z", "latitude": 12.605690211398471, "longitude": 80.619103137631186, "SOG": 13.5300945546736, "COG": 346.90319175213102, "heading": 346.90319175213102 }, "geometry": { "type": "Point", "coordinates": [ 80.619103137631186, 12.605690211398471 ] } },
{ "type": "Feature", "properties": { "MMSI": 100000002, "vessel_name": "Synthetic Vessel 3", "vessel_type": null, "timestamp": "2025-01-01T01:36:00Z", "latitude": 12.601579189239864, "longitude": 80.616805092203222, "SOG": 8.1692200515627764, "COG": 306.4092017460685, "heading": 306.4092017460685 }, "geometry": { "type": "Point", "coordinates": [ 80.616805092203222, 12.601579189239864 ] } },
{ "type": "Feature", "properties": { "MMSI": 100000002, "vessel_name": "Synthetic Vessel 3", "vessel_type": null, "timestamp": "2025-01-01T01:42:00Z", "latitude": 12.594969044173586, "longitude": 80.617941117452389, "SOG": 11.96029796674973, "COG": 337.01571869788114, "heading": 337.01571869788114 }, "geometry": { "type": "Point", "coordinates": [ 80.617941117452389, 12.594969044173586 ] } },
{ "type": "Feature", "properties": { "MMSI": 100000002, "vessel_name": "Synthetic Vessel 3", "vessel_type": null, "timestamp": "2025-01-01T01:48:00Z", "latitude": 12.596370267575374, "longitude": 80.609884647327803, "SOG": 14.900538501042632, "COG": 221.4026016117011, "heading": 221.4026016117011 }, "geometry": { "type": "Point", "coordinates": [ 80.609884647327803, 12.596370267575374 ] } },
{ "type": "Feature", "properties": { "MMSI": 100000002, "vessel_name": "Synthetic Vessel 3", "vessel_type": null, "timestamp": "2025-01-01T01:54:00Z", "latitude": 12.589171947880104, "longitude": 80.610251240375078, "SOG": 12.407686177542043, "COG": 315.85430589406394, "heading": 315.85430589406394 }, "geometry": { "type": "Point", "coordinates": [ 80.610251240375078, 12.589171947880104 ] } },
{ "type": "Feature", "properties": { "MMSI": 100000002, "vessel_name": "Synthetic Vessel 3", "vessel_type": null, "timestamp": "2025-01-01T02:00:00Z", "latitude": 12.593112262700007, "longitude": 80.614300922054824, "SOG": 7.9359184426449332, "COG": 129.41681443911187, "heading": 129.41681443911187 }, "geometry": { "type": "Point", "coordinates": [ 80.614300922054824, 12.593112262700007 ] } },
{ "type": "Feature", "properties": { "MMSI": 100000002, "vessel_name": "Synthetic Vessel 3", "vessel_type": null, "timestamp": "2025-01-01T02:06:00Z", "latitude": 12.599299485809579, "longitude": 80.620503189948408, "SOG": 14.132405525564714, "COG": 312.14603468883735, "heading": 312.14603468883735 }, "geometry": { "type": "Point", "coordinates": [ 80.620503189948408, 12.599299485809579 ] } },
{ "type": "Feature", "properties": { "MMSI": 100000002, "vessel_name": "Synthetic Vessel 3", "vessel_type": null, "timestamp": "2025-01-01T02:12:00Z", "latitude": 12.599526333786798, "longitude": 80.620533515842155, "SOG": 11.499639307777652, "COG": 287.38626442803906, "heading": 287.38626442803906 }, "geometry": { "type": "Point", "coordinates": [ 80.620533515842155, 12.599526333786798 ] } },
{ "type": "Feature", "properties": { "MMSI": 100000002, "vessel_name": "Synthetic Vessel 3", "vessel_type": null, "timestamp": "2025-01-01T02:18:00Z", "latitude": 12.603565671331951, "longitude": 80.626449369230883, "SOG": 8.3799515685153576, "COG": 320.40192305432385, "heading": 320.40192305432385 }, "geometry": { "type": "Point", "coordinates": [ 80.626449369230883, 12.603565671331951 ] } },
{ "type": "Feature", "properties": { "MMSI": 100000002, "vessel_name": "Synthetic Vessel 3", "vessel_type": null, "timestamp": "2025-01-01T02:24:00Z", "latitude": 12.601077330384751, "longitude": 80.6183290080277, "SOG": 5.3594227379674209, "COG": 208.18085075862265, "heading": 208.18085075862265 }, "geometry": { "type": "Point", "coordinates": [ 80.6183290080277, 12.601077330384751 ] } },
{ "type": "Feature", "properties": { "MMSI": 100000002, "vessel_name": "Synthetic Vessel 3", "vessel_type": null, "timestamp": "2025-01-01T02:30:00Z", "latitude": 12.600389290747399, "longitude": 80.619181900721856, "SOG": 10.908332605690108, "COG": 103.15485076618241, "heading": 103.15485076618241 }, "geometry": { "type": "Point", "coordinates": [ 80.619181900721856, 12.600389290747399 ] } },
{ "type": "Feature", "properties": { "MMSI": 100000002, "vessel_name": "Synthetic Vessel 3", "vessel_type": null, "timestamp": "2025-01-01T02:36:00Z", "latitude": 12.59099929574618, "longitude": 80.609928864496837, "SOG": 8.60190641411263, "COG": 296.13620183747696, "heading": 296.13620183747696 }, "geometry": { "type": "Point", "coordinates": [ 80.609928864496837, 12.59099929574618 ] } },
{ "type": "Feature", "properties": { "MMSI": 100000002, "vessel_name": "Synthetic Vessel 3", "vessel_type": null, "timestamp": "2025-01-01T02:42:00Z", "latitude": 12.583540505999215, "longitude": 80.610373729697926, "SOG": 7.1582102749684324, "COG": 277.19767911549991, "heading": 277.19767911549991 }, "geometry": { "type": "Point", "coordinates": [ 80.610373729697926, 12.583540505999215 ] } },
{ "type": "Feature", "properties": { "MMSI": 100000002, "vessel_name": "Synthetic Vessel 3", "vessel_type": null, "timestamp": "2025-01-01T02:48:00Z", "latitude": 12.585998315515598, "longitude": 80.602080678997808, "SOG": 10.31354631568148, "COG": 18.605419620698768, "heading": 18.605419620698768 }, "geometry": { "type": "Point", "coordinates": [ 80.602080678997808, 12.585998315515598 ] } },
{ "type": "Feature", "properties": { "MMSI": 100000002, "vessel_name": "Synthetic Vessel 3", "vessel_type": null, "timestamp": "2025-01-01T02:54:00Z", "latitude": 12.586811017947801, "longitude": 80.604829277027775, "SOG": 14.758520794625346, "COG": 261.39288014015818, "heading": 261.39288014015818 }, "geometry": { "type": "Point", "coordinates": [ 80.604829277027775, 12.586811017947801 ] } },
{ "type": "Feature", "properties": { "MMSI": 100000003, "vessel_name": "Synthetic Vessel 4", "vessel_type": null, "timestamp": "2025-01-01T00:00:00Z", "latitude": 13.121204420497763, "longitude": 79.912029590907736, "SOG": 5.7845638134226594, "COG": 158.02971145402898, "heading": 158.02971145402898 }, "geometry": { "type": "Point", "coordinates": [ 79.912029590907736, 13.121204420497763 ] } },
{ "type": "Feature", "properties": { "MMSI": 100000003, "vessel_name": "Synthetic Vessel 4", "vessel_type": null, "timestamp": "2025-01-01T00:06:00Z", "latitude": 13.111711435366074, "longitude": 79.921282559201288, "SOG": 11.95974206093698, "COG": 300.9528433843941, "heading": 300.9528433843941 }, "geometry": { "type": "Point", "coordinates": [ 79.921282559201288, 13.111711435366074 ] } },
{ "type": "Feature", "properties": { "MMSI": 100000003, "vessel_name": "Synthetic Vessel 4", "vessel_type": null, "timestamp": "2025-01-01T00:12:00Z", "latitude": 13.109890494254358, "longitude": 79.914748445602712, "SOG": 7.5024289816459531, "COG": 56.317335361590978, "heading": 56.317335361590978 }, "geometry": { "type": "Point", "coordinates": [ 79.914748445602712, 13.109890494254358 ] } },
{ "type": "Feature", "properties": { "MMSI": 100000003, "vessel_name": "Synthetic Vessel 4", "vessel_type": null, "timestamp": "2025-01-01T00:18:00Z", "latitude": 13.110875027548481, "longitude": 79.919040364056713, "SOG": 7.7993389694594288, "COG": 237.67105561838329, "heading": 237.67105561838329 }, "geometry": { "type": "Point", "coordinates": [ 79.919040364056713, 13.110875027548481 ] } },
{ "type": "Feature", "properties": { "MMSI": 100000003, "vessel_name": "Synthetic Vessel 4", "vessel_type": null, "timestamp": "2025-01-01T00:24:00Z", "latitude": 13.119972333161744, "longitude": 79.923798302390622, "SOG": 11.117207462343522, "COG": 199.56745890410423, "heading": 199.56745890410423 }, "geometry": { "type": "Point", "coordinates": [ 79.923798302390622, 13.119972333161744 ] } },
{ "type": "Feature", "properties": { "MMSI": 100000003, "vessel_name": "Synthetic Vessel 4", "vessel_type": null, "timestamp": "2025-01-01T00:30:00Z", "latitude": 13.1183643344103, "longitude": 79.918752922180644, "SOG": 12.57846110464369, "COG": 128.15016431445417, "heading": 128.15016431445417 }, "geometry": { "type": "Point", "coordinates": [ 79.918752922180644, 13.1183643344103 ] } },
{ "type": "Feature", "properties": { "MMSI": 100000003, "vessel_name": "Synthetic Vessel 4", "vessel_type": null, "timestamp": "2025-01-01T00:36:00Z", "latitude": 13.108652204182896, "longitude": 79.91107437499079, "SOG": 5.4072880231897011, "COG": 16.56095112783099, "heading": 16.56095112783099 }, "geometry": { "type": "Point", "coordinates": [ 79.91107437499079, 13.108652204182896 ] } },
{ "type": "Feature", "properties": { "MMSI": 100000003, "vessel_name": "Synthetic Vessel 4", "vessel_type": null, "timestamp": "2025-01-01T00:42:00Z", "latitude": 13.115761415863116, "longitude": 79.915147532178395, "SOG": 5.978341606510015, "COG": 170.70257847143708, "heading": 170.70257847143708 }, "geometry": { "type": "Point", "coordinates": [ 79.915147532178395, 13.115761415863116 ] } },
{ "type": "Feature", "properties": { "MMSI": 100000003, "vessel_name": "Synthetic Vessel 4", "vessel_type": null, "timestamp": "2025-01-01T00:48:00Z", "latitude": 13.115593733365452, "longitude": 79.914616967594, "SOG": 9.3385164923797301, "COG": 62.352673167605467, "heading": 62.352673167605467 }, "geometry": { "type": "Point", "coordinates": [ 79.914616967594, 13.115593733365452 ] } },
{ "type": "Feature", "properties": { "MMSI": 100000003, "vessel_name": "Synthetic Vessel 4", "vessel_type": null, "timestamp": "2025-01-01T00:54:00Z", "latitude": 13.113563828053399, "longitude": 79.916933969555046, "SOG": 5.4530400977204447, "COG": 228.63371431235177, "heading": 228.63371431235177 }, "geometry": { "type": "Point", "coordinates": [ 79.916933969555046, 13.113563828053399 ] } },
{ "type": "Feature", "properties": { "MMSI": 100000003, "vessel_name": "Synthetic Vessel 4", "vessel_type": null, "timestamp": "2025-01-01T01:00:00Z", "latitude": 13.111056080345929, "longitude": 79.919451167869326, "SOG": 13.564898411883222, "COG": 181.1290530888316, "heading": 181.1290530888316 }, "geometry": { "type": "Point", "coordinates": [ 79.919451167869326, 13.111056080345929 ] } },
{ "type": "Feature", "properties": { "MMSI": 100000003, "vessel_name": "Synthetic Vessel 4", "vessel_type": null, "timestamp": "2025-01-01T01:06:00Z", "latitude": 13.114229952978308, "longitude": 79.912709856410956, "SOG": 11.424192782063155, "COG": 25.404749064154743, "heading": 25.404749064154743 }, "geometry": { "type": "Point", "coordinates": [ 79.912709856410956, 13.114229952978308 ] } },
{ "type": "Feature", "properties": { "MMSI": 100000003, "vessel_name": "Synthetic Vessel 4", "vessel_type": null, "timestamp": "2025-01-01T01:12:00Z", "latitude": 13.104760179189141, "longitude": 79.914425368036419, "SOG": 10.75474177875879, "COG": 338.48288691298472, "heading": 338.48288691298472 }, "geometry": { "type": "Point", "coordinates": [ 79.914425368036419, 13.104760179189141 ] } },
{ "type": "Feature", "properties": { "MMSI": 100000003, "vessel_name": "Synthetic Vessel 4", "vessel_type": null, "timestamp": "2025-01-01T01:18:00Z", "latitude": 13.102523577713271, "longitude": 79.917291132405268, "SOG": 10.45616789315935, "COG": 164.971040576946, "heading": 164.971040576946 }, "geometry": { "type": "Point", "coordinates": [ 79.917291132405268, 13.102523577713271 ] } },
{ "type": "Feature", "properties": { "MMSI": 100000003, "vessel_name": "Synthetic Vessel 4", "vessel_type": null, "timestamp": "2025-01-01T01:24:00Z", "latitude": 13.1113528738888, "longitude": 79.915013185161285, "SOG": 14.053506419560636, "COG": 346.02860297660914, "heading": 346.02860297660914 }, "geometry": { "type": "Point", "coordinates": [ 79.915013185161285, 13.1113528738888 ] } },
{ "type": "Feature", "properties": { "MMSI": 100000003, "vessel_name": "Synthetic Vessel 4", "vessel_type": null, "timestamp": "2025-01-01T01:30:00Z", "latitude": 13.105268696584588, "longitude": 79.906400411178794, "SOG": 5.1822182565154975, "COG": 36.280080495873591, "heading": 36.280080495873591 }, "geometry": { "type": "Point", "coordinates": [ 79.906400411178794, 13.105268696584588 ] } },
{ "type": "Feature", "properties": { "MMSI": 100000003, "vessel_name": "Synthetic Vessel 4", "vessel_type": null, "timestamp": "2025-01-01T01:36:00Z", "latitude": 13.097157555799706, "longitude": 79.910060546647117, "SOG": 8.1897563029376137, "COG": 25.627913445682434, "heading": 25.627913445682434 }, "geometry": { "type": "Point", "coordinates": [ 79.910060546647117, 13.097157555799706 ] } },
{ "type": "Feature", "properties": { "MMSI": 100000003, "vessel_name": "Synthetic Vessel 4", "vessel_type": null, "timestamp": "2025-01-01T01:42:00Z", "latitude": 13.104055062019096, "longitude": 79.900525985361838, "SOG": 7.8185477477339997, "COG": 293.2086537320169, "heading": 293.2086537320169 }, "geometry": { "type": "Point", "coordinates": [ 79.900525985361838, 13.104055062019096 ] } },
{ "type": "Feature", "properties": { "MMSI": 100000003, "vessel_name": "Synthetic Vessel 4", "vessel_type": null, "timestamp": "2025-01-01T01:48:00Z", "latitude": 13.096418358571528, "longitude": 79.904460728669122, "SOG": 13.774720135270529, "COG": 226.41942484075824, "heading": 226.41942484075824 }, "geometry": { "type": "Point", "coordinates": [ 79.904460728669122, 13.096418358571528 ] } },
{ "type": "Feature", "properties": { "MMSI": 100000003, "vessel_name": "Synthetic Vessel 4", "vessel_type": null, "timestamp": "2025-01-01T01:54:00Z", "latitude": 13.101119779447606, "longitude": 79.910530347276818, "SOG": 6.774395437797228, "COG": 101.53244612567032, "heading": 101.53244612567032 }, "geometry": { "type": "Point", "coordinates": [ 79.910530347276818, 13.101119779447606 ] } },
{ "type": "Feature", "properties": { "MMSI": 100000003, "vessel_name": "Synthetic Vessel 4", "vessel_type": null, "timestamp": "2025-01-01T02:00:00Z", "latitude": 13.106132074480422, "longitude": 79.916667042062159, "SOG": 9.1261767691142648, "COG": 356.58185112024239, "heading": 356.58185112024239 }, "geometry": { "type": "Point", "coordinates": [ 79.916667042062159, 13.106132074480422 ] } },
{ "type": "Feature", "properties": { "MMSI": 100000003, "vessel_name": "Synthetic Vessel 4", "vessel_type": null, "timestamp": "2025-01-01T02:06:00Z", "latitude": 13.103572436196281, "longitude": 79.922195301277, "SOG": 14.307573256035647, "COG": 122.68927449108642, "heading": 122.68927449108642 }, "geometry": { "type": "Point", "coordinates": [ 79.922195301277, 13.103572436196281 ] } },
{ "type": "Feature", "properties": { "MMSI": 100000003, "vessel_name": "Synthetic Vessel 4", "vessel_type": null, "timestamp": "2025-01-01T02:12:00Z", "latitude": 13.11074069123314, "longitude": 79.920775181824496, "SOG": 12.545428740846823, "COG": 270.31358440493904, "heading": 270.31358440493904 }, "geometry": { "type": "Point", "coordinates": [ 79.920775181824496, 13.11074069123314 ] } },
{ "type": "Feature", "properties": { "MMSI": 100000003, "vessel_name": "Synthetic Vessel 4", "vessel_type": null, "timestamp": "2025-01-01T02:18:00Z", "latitude": 13.102803168609858, "longitude": 79.928826239958084, "SOG": 13.264574661077416, "COG": 181.89085408122853, "heading": 181.89085408122853 }, "geometry": { "type": "Point", "coordinates": [ 79.928826239958084, 13.102803168609858 ] } },
{ "type": "Feature", "properties": { "MMSI": 100000003, "vessel_name": "Synthetic Vessel 4", "vessel_type": null, "timestamp": "2025-01-01T02:24:00Z", "latitude": 13.099204160630473, "longitude": 79.936736704528002, "SOG": 5.108376514802984, "COG": 140.11260434429872, "heading": 140.11260434429872 }, "geometry": { "type": "Point", "coordinates": [ 79.936736704528002, 13.099204160630473 ] } },
{ "type": "Feature", "properties": { "MMSI": 100000003, "vessel_name": "Synthetic Vessel 4", "vessel_type": null, "timestamp": "2025-01-01T02:30:00Z", "latitude": 13.107311800158856, "longitude": 79.928562438063722, "SOG": 14.500619670508049, "COG": 114.95290953254936, "heading": 114.95290953254936 }, "geometry": { "type": "Point", "coordinates": [ 79.928562438063722, 13.107311800158856 ] } },
{ "type": "Feature", "properties": { "MMSI": 100000003, "vessel_name": "Synthetic Vessel 4", "vessel_type": null, "timestamp": "2025-01-01T02:36:00Z", "latitude": 13.116323943097608, "longitude": 79.930031195826189, "SOG": 9.4844552197831966, "COG": 227.46139638112771, "heading": 227.46139638112771 }, "geometry": { "type": "Point", "coordinates": [ 79.930031195826189, 13.116323943097608 ] } },
{ "type": "Feature", "properties": { "MMSI": 100000003, "vessel_name": "Synthetic Vessel 4", "vessel_type": null, "timestamp": "2025-01-01T02:42:00Z", "latitude": 13.112188158531568, "longitude": 79.926604486733581, "SOG": 12.5237452943768, "COG": 242.10664418773385, "heading": 242.10664418773385 }, "geometry": { "type": "Point", "coordinates": [ 79.926604486733581, 13.112188158531568 ] } },
{ "type": "Feature", "properties": { "MMSI": 100000003, "vessel_name": "Synthetic Vessel 4", "vessel_type": null, "timestamp": "2025-01-01T02:48:00Z", "latitude": 13.118019739406083, "longitude": 79.932396849589466, "SOG": 9.9442030470258143, "COG": 32.834197097528531, "heading": 32.834197097528531 }, "geometry": { "type": "Point", "coordinates": [ 79.932396849589466, 13.118019739406083 ] } },
{ "type": "Feature", "properties": { "MMSI": 100000003, "vessel_name": "Synthetic Vessel 4", "vessel_type": null, "timestamp": "2025-01-01T02:54:00Z", "latitude": 13.109170914606418, "longitude": 79.933387427235942, "SOG": 13.877041827582998, "COG": 158.95098049441572, "heading": 158.95098049441572 }, "geometry": { "type": "Point", "coordinates": [ 79.933387427235942, 13.109170914606418 ] } },
{ "type": "Feature", "properties": { "MMSI": 100000004, "vessel_name": "Synthetic Vessel 5", "vessel_type": null, "timestamp": "2025-01-01T00:00:00Z", "latitude": 12.777389858745217, "longitude": 79.510064245489559, "SOG": 6.0112267612279027, "COG": 222.55850279385399, "heading": 222.55850279385399 }, "geometry": { "type": "Point", "coordinates": [ 79.510064245489559, 12.777389858745217 ] } },
{ "type": "Feature", "properties": { "MMSI": 100000004, "vessel_name": "Synthetic Vessel 5", "vessel_type": null, "timestamp": "2025-01-01T00:06:00Z", "latitude": 12.769071994867517, "longitude": 79.51408362811874, "SOG": 13.218600592903565, "COG": 26.194682291109672, "heading": 26.194682291109672 }, "geometry": { "type": "Point", "coordinates": [ 79.51408362811874, 12.769071994867517 ] } },
{ "type": "Feature", "properties": { "MMSI": 100000004, "vessel_name": "Synthetic Vessel 5", "vessel_type": null, "timestamp": "2025-01-01T00:12:00Z", "latitude": 12.773196839410645, "longitude": 79.505710603731572, "SOG": 14.866395785011754, "COG": 30.541577070669089, "heading": 30.541577070669089 }, "geometry": { "type": "Point", "coordinates": [ 79.505710603731572, 12.773196839410645 ] } },
{ "type": "Feature", "properties": { "MMSI": 100000004, "vessel_name": "Synthetic Vessel 5", "vessel_type": null, "timestamp": "2025-01-01T00:18:00Z", "latitude": 12.770682255325768, "longitude": 79.503123446672916, "SOG": 14.472485773838589, "COG": 292.60784421270091, "heading": 292.60784421270091 }, "geometry": { "type": "Point", "coordinates": [ 79.503123446672916, 12.770682255325768 ] } },
{ "type": "Feature", "properties": { "MMSI": 100000004, "vessel_name": "Synthetic Vessel 5", "vessel_type": null, "timestamp": "2025-01-01T00:24:00Z", "latitude": 12.780402276602224, "longitude": 79.508191010378098, "SOG": 5.8350071669866876, "COG": 135.45345079112968, "heading": 135.45345079112968 }, "geometry": { "type": "Point", "coordinates": [ 79.508191010378098, 12.780402276602224 ] } },
{ "type": "Feature", "properties": { "MMSI": 100000004, "vessel_name": "Synthetic Vessel 5", "vessel_type": null, "timestamp": "2025-01-01T00:30:00Z", "latitude": 12.785945214920773, "longitude": 79.509359095372815, "SOG": 14.06354385094736, "COG": 152.71992332891145, "heading": 152.71992332891145 }, "geometry": { "type": "Point", "coordinates": [ 79.509359095372815, 12.785945214920773 ] } },
{ "type": "Feature", "properties": { "MMSI": 100000004, "vessel_name": "Synthetic Vessel 5", "vessel_type": null, "timestamp": "2025-01-01T00:36:00Z", "latitude": 12.778169164566895, "longitude": 79.509211597458631, "SOG": 9.6866064199412634, "COG": 4.0873121162708648, "heading": 4.0873121162708648 }, "geometry": { "type": "Point", "coordinates": [ 79.509211597458631, 12.778169164566895 ] } },
{ "type": "Feature", "properties": { "MMSI": 100000004, "vessel_name": "Synthetic Vessel 5", "vessel_type": null, "timestamp": "2025-01-01T00:42:00Z", "latitude": 12.769295230080532, "longitude": 79.50158795578399, "SOG": 11.492103021160636, "COG": 42.309448839757763, "heading": 42.309448839757763 }, "geometry": { "type": "Point", "coordinates": [ 79.50158795578399, 12.769295230080532 ] } },
{ "type": "Feature", "properties": { "MMSI": 100000004, "vessel_name": "Synthetic Vessel 5", "vessel_type": null, "timestamp": "2025-01-01T00:48:00Z", "latitude": 12.77421612766584, "longitude": 79.503255331085938, "SOG": 8.74870579523704, "COG": 346.3821174508351, "heading": 346.3821174508351 }, "geometry": { "type": "Point", "coordinates": [ 79.503255331085938, 12.77421612766584 ] } },
{ "type": "Feature", "properties": { "MMSI": 100000004, "vessel_name": "Synthetic Vessel 5", "vessel_type": null, "timestamp": "2025-01-01T00:54:00Z", "latitude": 12.769930369391476, "longitude": 79.510627313649721, "SOG": 14.632225394406111, "COG": 80.494501867002953, "heading": 80.494501867002953 }, "geometry": { "type": "Point", "coordinates": [ 79.510627313649721, 12.769930369391476 ] } },
{ "type": "Feature", "properties": { "MMSI": 100000004, "vessel_name": "Synthetic Vessel 5", "vessel_type": null, "timestamp": "2025-01-01T01:00:00Z", "latitude": 12.760173458885273, "longitude": 79.520024890183876, "SOG": 13.911431136980712, "COG": 15.537568302207401, "heading": 15.537568302207401 }, "geometry": { "type": "Point", "coordinates": [ 79.520024890183876, 12.760173458885273 ] } },
{ "type": "Feature", "properties": { "MMSI": 100000004, "vessel_name": "Synthetic Vessel 5", "vessel_type": null, "timestamp": "2025-01-01T01:06:00Z", "latitude": 12.760727481067001, "longitude": 79.529884186106258, "SOG": 10.538542844013207, "COG": 26.566763304743588, "heading": 26.566763304743588 }, "geometry": { "type": "Point", "coordinates": [ 79.529884186106258, 12.760727481067001 ] } },
{ "type": "Feature", "properties": { "MMSI": 100000004, "vessel_name": "Synthetic Vessel 5", "vessel_type": null, "timestamp": "2025-01-01T01:12:00Z", "latitude": 12.770113531779382, "longitude": 79.530346142989657, "SOG": 11.957486889846171, "COG": 226.58350972869451, "heading": 226.58350972869451 }, "geometry": { "type": "Point", "coordinates": [ 79.530346142989657, 12.770113531779382 ] } },
{ "type": "Feature", "properties": { "MMSI": 100000004, "vessel_name": "Synthetic Vessel 5", "vessel_type": null, "timestamp": "2025-01-01T01:18:00Z", "latitude": 12.769204353074738, "longitude": 79.532897304591344, "SOG": 14.011580104909889, "COG": 210.35315229231608, "heading": 210.35315229231608 }, "geometry": { "type": "Point", "coordinates": [ 79.532897304591344, 12.769204353074738 ] } },
{ "type": "Feature", "properties": { "MMSI": 100000004, "vessel_name": "Synthetic Vessel 5", "vessel_type": null, "timestamp": "2025-01-01T01:24:00Z", "latitude": 12.760113280681567, "longitude": 79.528516568383182, "SOG": 13.902637838909165, "COG": 342.14813426756115, "heading": 342.14813426756115 }, "geometry": { "type": "Point", "coordinates": [ 79.528516568383182, 12.760113280681567 ] } },
{ "type": "Feature", "properties": { "MMSI": 100000004, "vessel_name": "Synthetic Vessel 5", "vessel_type": null, "timestamp": "2025-01-01T01:30:00Z", "latitude": 12.759226415737279, "longitude": 79.530919220339214, "SOG": 6.8812115972376127, "COG": 99.857225873207753, "heading": 99.857225873207753 }, "geometry": { "type": "Point", "coordinates": [ 79.530919220339214, 12.759226415737279 ] } },
{ "type": "Feature", "properties": { "MMSI": 100000004, "vessel_name": "Synthetic Vessel 5", "vessel_type": null, "timestamp": "2025-01-01T01:36:00Z", "latitude": 12.758500383836081, "longitude": 79.527986264899738, "SOG": 5.7773463696498482, "COG": 210.116200266314, "heading": 210.116200266314 }, "geometry": { "type": "Point", "coordinates": [ 79.527986264899738, 12.758500383836081 ] } },
{ "type": "Feature", "properties": { "MMSI": 100000004, "vessel_name": "Synthetic Vessel 5", "vessel_type": null, "timestamp": "2025-01-01T01:42:00Z", "latitude": 12.767988279989405, "longitude": 79.537710479789325, "SOG": 10.360963663441204, "COG": 251.33821704710823, "heading": 251.33821704710823 }, "geometry": { "type": "Point", "coordinates": [ 79.537710479789325, 12.767988279989405 ] } },
{ "type": "Feature", "properties": { "MMSI": 100000004, "vessel_name": "Synthetic Vessel 5", "vessel_type": null, "timestamp": "2025-01-01T01:48:00Z", "latitude": 12.764178832315132, "longitude": 79.543986380183469, "SOG": 6.6261693934489134, "COG": 246.50322211939653, "heading": 246.50322211939653 }, "geometry": { "type": "Point", "coordinates": [ 79.543986380183469, 12.764178832315132 ] } },
{ "type": "Feature", "properties": { "MMSI": 100000004, "vessel_name": "Synthetic Vessel 5", "vessel_type": null, "timestamp": "2025-01-01T01:54:00Z", "latitude": 12.772397376005008, "longitude": 79.550437125041938, "SOG": 12.2571950838836, "COG": 341.92796878509267, "heading": 341.92796878509267 }, "geometry": { "type": "Point", "coordinates": [ 79.550437125041938, 12.772397376005008 ] } },
{ "type": "Feature", "properties": { "MMSI": 100000004, "vessel_name": "Synthetic Vessel 5", "vessel_type": null, "timestamp": "2025-01-01T02:00:00Z", "latitude": 12.774665679923723, "longitude": 79.548801985767753, "SOG": 13.660638895004084, "COG": 335.78225400744475, "heading": 335.78225400744475 }, "geometry": { "type": "Point", "coordinates": [ 79.548801985767753, 12.774665679923723 ] } },
{ "type": "Feature", "properties": { "MMSI": 100000004, "vessel_name": "Synthetic Vessel 5", "vessel_type": null, "timestamp": "2025-01-01T02:06:00Z", "latitude": 12.765570053325847, "longitude": 79.539329325257697, "SOG": 13.105533307818328, "COG": 135.52681207609783, "heading": 135.52681207609783 }, "geometry": { "type": "Point", "coordinates": [ 79.539329325257697, 12.765570053325847 ] } },
{ "type": "Feature", "properties": { "MMSI": 100000004, "vessel_name": "Synthetic Vessel 5", "vessel_type": null, "timestamp": "2025-01-01T02:12:00Z", "latitude": 12.775315575912146, "longitude": 79.532337663079772, "SOG": 8.8089085663102153, "COG": 213.88705752676864, "heading": 213.88705752676864 }, "geometry": { "type": "Point", "coordinates": [ 79.532337663079772, 12.775315575912146 ] } },
{ "type": "Feature", "properties": { "MMSI": 100000004, "vessel_name": "Synthetic Vessel 5", "vessel_type": null, "timestamp": "2025-01-01T02:18:00Z", "latitude": 12.784713863868438, "longitude": 79.53918004154248, "SOG": 9.6869315979497017, "COG": 301.79833369600965, "heading": 301.79833369600965 }, "geometry": { "type": "Point", "coordinates": [ 79.53918004154248, 12.784713863868438 ] } },
{ "type": "Feature", "properties": { "MMSI": 100000004, "vessel_name": "Synthetic Vessel 5", "vessel_type": null, "timestamp": "2025-01-01T02:24:00Z", "latitude": 12.783010253915192, "longitude": 79.534648182981087, "SOG": 13.647223762550531, "COG": 20.295178794333761, "heading": 20.295178794333761 }, "geometry": { "type": "Point", "coordinates": [ 79.534648182981087, 12.783010253915192 ] } },
{ "type": "Feature", "properties": { "MMSI": 100000004, "vessel_name": "Synthetic Vessel 5", "vessel_type": null, "timestamp": "2025-01-01T02:30:00Z", "latitude": 12.789268274097791, "longitude": 79.544642536446815, "SOG": 10.554317056026274, "COG": 358.78926134660594, "heading": 358.78926134660594 }, "geometry": { "type": "Point", "coordinates": [ 79.544642536446815, 12.789268274097791 ] } },
{ "type": "Feature", "properties": { "MMSI": 100000004, "vessel_name": "Synthetic Vessel 5", "vessel_type": null, "timestamp": "2025-01-01T02:36:00Z", "latitude": 12.794648022401404, "longitude": 79.553537851044467, "SOG": 7.4734810174319763, "COG": 305.87306064386814, "heading": 305.87306064386814 }, "geometry": { "type": "Point", "coordinates": [ 79.553537851044467, 12.794648022401404 ] } },
{ "type": "Feature", "properties": { "MMSI": 100000004, "vessel_name": "Synthetic Vessel 5", "vessel_type": null, "timestamp": "2025-01-01T02:42:00Z", "latitude": 12.793658905107606, "longitude": 79.546121039347497, "SOG": 11.0617463445088, "COG": 343.45836981314005, "heading": 343.45836981314005 }, "geometry": { "type": "Point", "coordinates": [ 79.546121039347497, 12.793658905107606 ] } },
{ "type": "Feature", "properties": { "MMSI": 100000004, "vessel_name": "Synthetic Vessel 5", "vessel_type": null, "timestamp": "2025-01-01T02:48:00Z", "latitude": 12.788231761217675, "longitude": 79.549555053035618, "SOG": 8.5816271803284039, "COG": 222.5261665648425, "heading": 222.5261665648425 }, "geometry": { "type": "Point", "coordinates": [ 79.549555053035618, 12.788231761217675 ] } },
{ "type": "Feature", "properties": { "MMSI": 100000004, "vessel_name": "Synthetic Vessel 5", "vessel_type": null, "timestamp": "2025-01-01T02:54:00Z", "latitude": 12.780502913061667, "longitude": 79.55298651694747, "SOG": 12.723183917356394, "COG": 187.3107723253656, "heading": 187.3107723253656 }, "geometry": { "type": "Point", "coordinates": [ 79.55298651694747, 12.780502913061667 ] } },
{ "type": "Feature", "properties": { "MMSI": 100000005, "vessel_name": "Synthetic Vessel 6", "vessel_type": null, "timestamp": "2025-01-01T00:00:00Z", "latitude": 13.124065138999478, "longitude": 80.976281760067792, "SOG": 9.0348286621239708, "COG": 315.59529695700422, "heading": 315.59529695700422 }, "geometry": { "type": "Point", "coordinates": [ 80.976281760067792, 13.124065138999478 ] } },
{ "type": "Feature", "properties": { "MMSI": 100000005, "vessel_name": "Synthetic Vessel 6", "vessel_type": null, "timestamp": "2025-01-01T00:06:00Z", "latitude": 13.116745443568492, "longitude": 80.966857413594056, "SOG": 11.203095513534649, "COG": 271.84941204250282, "heading": 271.84941204250282 }, "geometry": { "type": "Point", "coordinates": [ 80.966857413594056, 13.116745443568492 ] } },
{ "type": "Feature", "properties": { "MMSI": 100000005, "vessel_name": "Synthetic Vessel 6", "vessel_type": null, "timestamp": "2025-01-01T00:12:00Z", "latitude": 13.120827038930477, "longitude": 80.961116696824234, "SOG": 5.1454466566788204, "COG": 49.093731211237113, "heading": 49.093731211237113 }, "geometry": { "type": "Point", "coordinates": [ 80.961116696824234, 13.120827038930477 ] } },
{ "type": "Feature", "properties": { "MMSI": 100000005, "vessel_name": "Synthetic Vessel 6", "vessel_type": null, "timestamp": "2025-01-01T00:18:00Z", "latitude": 13.117838790106608, "longitude": 80.962915050561321, "SOG": 9.3747492202372928, "COG": 141.20785623590365, "heading": 141.20785623590365 }, "geometry": { "type": "Point", "coordinates": [ 80.962915050561321, 13.117838790106608 ] } },
{ "type": "Feature", "properties": { "MMSI": 100000005, "vessel_name": "Synthetic Vessel 6", "vessel_type": null, "timestamp": "2025-01-01T00:24:00Z", "latitude": 13.125921963996484, "longitude": 80.959880159901786, "SOG": 12.836530127411431, "COG": 185.03621609753188, "heading": 185.03621609753188 }, "geometry": { "type": "Point", "coordinates": [ 80.959880159901786, 13.125921963996484 ] } },
{ "type": "Feature", "properties": { "MMSI": 100000005, "vessel_name": "Synthetic Vessel 6", "vessel_type": null, "timestamp": "2025-01-01T00:30:00Z", "latitude": 13.123852819642908, "longitude": 80.962321893906349, "SOG": 14.495206236576422, "COG": 310.45093514882825, "heading": 310.45093514882825 }, "geometry": { "type": "Point", "coordinates": [ 80.962321893906349, 13.123852819642908 ] } },
{ "type": "Feature", "properties": { "MMSI": 100000005, "vessel_name": "Synthetic Vessel 6", "vessel_type": null, "timestamp": "2025-01-01T00:36:00Z", "latitude": 13.116794289261488, "longitude": 80.97085364640958, "SOG": 7.5824438829895833, "COG": 177.16186550863375, "heading": 177.16186550863375 }, "geometry": { "type": "Point", "coordinates": [ 80.97085364640958, 13.116794289261488 ] } },
{ "type": "Feature", "properties": { "MMSI": 100000005, "vessel_name": "Synthetic Vessel 6", "vessel_type": null, "timestamp": "2025-01-01T00:42:00Z", "latitude": 13.115977004386254, "longitude": 80.980454297915287, "SOG": 8.287516102875081, "COG": 177.34251383743305, "heading": 177.34251383743305 }, "geometry": { "type": "Point", "coordinates": [ 80.980454297915287, 13.115977004386254 ] } },
{ "type": "Feature", "properties": { "MMSI": 100000005, "vessel_name": "Synthetic Vessel 6", "vessel_type": null, "timestamp": "2025-01-01T00:48:00Z", "latitude": 13.118645021472588, "longitude": 80.975257210290849, "SOG": 6.2887972191064918, "COG": 27.31079811911901, "heading": 27.31079811911901 }, "geometry": { "type": "Point", "coordinates": [ 80.975257210290849, 13.118645021472588 ] } },
{ "type": "Feature", "properties": { "MMSI": 100000005, "vessel_name": "Synthetic Vessel 6", "vessel_type": null, "timestamp": "2025-01-01T00:54:00Z", "latitude": 13.111205938251745, "longitude": 80.9682952641611, "SOG": 11.408747448032146, "COG": 49.977782153787651, "heading": 49.977782153787651 }, "geometry": { "type": "Point", "coordinates": [ 80.9682952641611, 13.111205938251745 ] } },
{ "type": "Feature", "properties": { "MMSI": 100000005, "vessel_name": "Synthetic Vessel 6", "vessel_type": null, "timestamp": "2025-01-01T01:00:00Z", "latitude": 13.104843539939726, "longitude": 80.96520860982757, "SOG": 9.7396164026287249, "COG": 322.84382756616424, "heading": 322.84382756616424 }, "geometry": { "type": "Point", "coordinates": [ 80.96520860982757, 13.104843539939726 ] } },
{ "type": "Feature", "properties": { "MMSI": 100000005, "vessel_name": "Synthetic Vessel 6", "vessel_type": null, "timestamp": "2025-01-01T01:06:00Z", "latitude": 13.108194694710146, "longitude": 80.958655007251608, "SOG": 5.4086861626647886, "COG": 69.224046771121479, "heading": 69.224046771121479 }, "geometry": { "type": "Point", "coordinates": [ 80.958655007251608, 13.108194694710146 ] } },
{ "type": "Feature", "properties": { "MMSI": 100000005, "vessel_name": "Synthetic Vessel 6", "vessel_type": null, "timestamp": "2025-01-01T01:12:00Z", "latitude": 13.10157339597159, "longitude": 80.954226814032253, "SOG": 5.8870253375705559, "COG": 63.723774339628847, "heading": 63.723774339628847 }, "geometry": { "type": "Point", "coordinates": [ 80.954226814032253, 13.10157339597159 ] } },
{ "type": "Feature", "properties": { "MMSI": 100000005, "vessel_name": "Synthetic Vessel 6", "vessel_type": null, "timestamp": "2025-01-01T01:18:00Z", "latitude": 13.0939861133936, "longitude": 80.953442389392904, "SOG": 8.6426986104807551, "COG": 74.280138626085304, "heading": 74.280138626085304 }, "geometry": { "type": "Point", "coordinates": [ 80.953442389392904, 13.0939861133936 ] } },
{ "type": "Feature", "properties": { "MMSI": 100000005, "vessel_name": "Synthetic Vessel 6", "vessel_type": null, "timestamp": "2025-01-01T01:24:00Z", "latitude": 13.094054458810698, "longitude": 80.957250285965486, "SOG": 12.994103989090426, "COG": 14.152370342795615, "heading": 14.152370342795615 }, "geometry": { "type": "Point", "coordinates": [ 80.957250285965486, 13.094054458810698 ] } },
{ "type": "Feature", "properties": { "MMSI": 100000005, "vessel_name": "Synthetic Vessel 6", "vessel_type": null, "timestamp": "2025-01-01T01:30:00Z", "latitude": 13.096612466600517, "longitude": 80.948885466604466, "SOG": 14.208724005318132, "COG": 314.48830467843982, "heading": 314.48830467843982 }, "geometry": { "type": "Point", "coordinates": [ 80.948885466604466, 13.096612466600517 ] } },
{ "type": "Feature", "properties": { "MMSI": 100000005, "vessel_name": "Synthetic Vessel 6", "vessel_type": null, "timestamp": "2025-01-01T01:36:00Z", "latitude": 13.087834025797612, "longitude": 80.944423019567409, "SOG": 12.482596903836583, "COG": 290.23246072550205, "heading": 290.23246072550205 }, "geometry": { "type": "Point", "coordinates": [ 80.944423019567409, 13.087834025797612 ] } },
{ "type": "Feature", "properties": { "MMSI": 100000005, "vessel_name": "Synthetic Vessel 6", "vessel_type": null, "timestamp": "2025-01-01T01:42:00Z", "latitude": 13.081524446184741, "longitude": 80.938610006034139, "SOG": 9.8452298519102115, "COG": 133.36995700489751, "heading": 133.36995700489751 }, "geometry": { "type": "Point", "coordinates": [ 80.938610006034139, 13.081524446184741 ] } },
{ "type": "Feature", "properties": { "MMSI": 100000005, "vessel_name": "Synthetic Vessel 6", "vessel_type": null, "timestamp": "2025-01-01T01:48:00Z", "latitude": 13.083889541615346, "longitude": 80.935988278825533, "SOG": 12.474709381337563, "COG": 166.51249780793324, "heading": 166.51249780793324 }, "geometry": { "type": "Point", "coordinates": [ 80.935988278825533, 13.083889541615346 ] } },
{ "type": "Feature", "properties": { "MMSI": 100000005, "vessel_name": "Synthetic Vessel 6", "vessel_type": null, "timestamp": "2025-01-01T01:54:00Z", "latitude": 13.074623205673156, "longitude": 80.931037017712413, "SOG": 13.952068376871994, "COG": 256.80585091843886, "heading": 256.80585091843886 }, "geometry": { "type": "Point", "coordinates": [ 80.931037017712413, 13.074623205673156 ] } },
{ "type": "Feature", "properties": { "MMSI": 100000005, "vessel_name": "Synthetic Vessel 6", "vessel_type": null, "timestamp": "2025-01-01T02:00:00Z", "latitude": 13.074856754515473, "longitude": 80.931679287417722, "SOG": 9.4741236682345473, "COG": 38.581924082319375, "heading": 38.581924082319375 }, "geometry": { "type": "Point", "coordinates": [ 80.931679287417722, 13.074856754515473 ] } },
{ "type": "Feature", "properties": { "MMSI": 100000005, "vessel_name": "Synthetic Vessel 6", "vessel_type": null, "timestamp": "2025-01-01T02:06:00Z", "latitude": 13.075509099844572, "longitude": 80.926528697490411, "SOG": 8.7728416310462265, "COG": 96.927563141777142, "heading": 96.927563141777142 }, "geometry": { "type": "Point", "coordinates": [ 80.926528697490411, 13.075509099844572 ] } },
{ "type": "Feature", "properties": { "MMSI": 100000005, "vessel_name": "Synthetic Vessel 6", "vessel_type": null, "timestamp": "2025-01-01T02:12:00Z", "latitude": 13.065910523800127, "longitude": 80.922970280802076, "SOG": 8.2749735217791454, "COG": 76.121282518756075, "heading": 76.121282518756075 }, "geometry": { "type": "Point", "coordinates": [ 80.922970280802076, 13.065910523800127 ] } },
{ "type": "Feature", "properties": { "MMSI": 100000005, "vessel_name": "Synthetic Vessel 6", "vessel_type": null, "timestamp": "2025-01-01T02:18:00Z", "latitude": 13.058305766436511, "longitude": 80.930780826416878, "SOG": 11.791023191444896, "COG": 213.69328327945752, "heading": 213.69328327945752 }, "geometry": { "type": "Point", "coordinates": [ 80.930780826416878, 13.058305766436511 ] } },
{ "type": "Feature", "properties": { "MMSI": 100000005, "vessel_name": "Synthetic Vessel 6", "vessel_type": null, "timestamp": "2025-01-01T02:24:00Z", "latitude": 13.064089191208661, "longitude": 80.930749670395457, "SOG": 10.371065418185475, "COG": 31.29130371147253, "heading": 31.29130371147253 }, "geometry": { "type": "Point", "coordinates": [ 80.930749670395457, 13.064089191208661 ] } },
{ "type": "Feature", "properties": { "MMSI": 100000005, "vessel_name": "Synthetic Vessel 6", "vessel_type": null, "timestamp": "2025-01-01T02:30:00Z", "latitude": 13.065826013569078, "longitude": 80.93565845987915, "SOG": 6.2758030279556376, "COG": 155.39743664268457, "heading": 155.39743664268457 }, "geometry": { "type": "Point", "coordinates": [ 80.93565845987915, 13.065826013569078 ] } },
{ "type": "Feature", "properties": { "MMSI": 100000005, "vessel_name": "Synthetic Vessel 6", "vessel_type": null, "timestamp": "2025-01-01T02:36:00Z", "latitude": 13.061501531685051, "longitude": 80.932920105807128, "SOG": 10.707783046689119, "COG": 232.53020687937644, "heading": 232.53020687937644 }, "geometry": { "type": "Point", "coordinates": [ 80.932920105807128, 13.061501531685051 ] } },
{ "type": "Feature", "properties": { "MMSI": 100000005, "vessel_name": "Synthetic Vessel 6", "vessel_type": null, "timestamp": "2025-01-01T02:42:00Z", "latitude": 13.058623466203009, "longitude": 80.942650410782989, "SOG": 7.3722679173599452, "COG": 218.07893496847939, "heading": 218.07893496847939 }, "geometry": { "type": "Point", "coordinates": [ 80.942650410782989, 13.058623466203009 ] } },
{ "type": "Feature", "properties": { "MMSI": 100000005, "vessel_name": "Synthetic Vessel 6", "vessel_type": null, "timestamp": "2025-01-01T02:48:00Z", "latitude": 13.050659115655415, "longitude": 80.935707593566676, "SOG": 6.6068137325955565, "COG": 88.544782218422924, "heading": 88.544782218422924 }, "geometry": { "type": "Point", "coordinates": [ 80.935707593566676, 13.050659115655415 ] } },
{ "type": "Feature", "properties": { "MMSI": 100000005, "vessel_name": "Synthetic Vessel 6", "vessel_type": null, "timestamp": "2025-01-01T02:54:00Z", "latitude": 13.044390456136444, "longitude": 80.931409496940546, "SOG": 13.967654246264251, "COG": 62.414494306111735, "heading": 62.414494306111735 }, "geometry": { "type": "Point", "coordinates": [ 80.931409496940546, 13.044390456136444 ] } },
{ "type": "Feature", "properties": { "MMSI": 100000006, "vessel_name": "Synthetic Vessel 7", "vessel_type": null, "timestamp": "2025-01-01T00:00:00Z", "latitude": 12.24137542786308, "longitude": 80.329370351478687, "SOG": 8.9785559904574157, "COG": 40.334004780498852, "heading": 40.334004780498852 }, "geometry": { "type": "Point", "coordinates": [ 80.329370351478687, 12.24137542786308 ] } },
{ "type": "Feature", "properties": { "MMSI": 100000006, "vessel_name": "Synthetic Vessel 7", "vessel_type": null, "timestamp": "2025-01-01T00:06:00Z", "latitude": 12.250764836528589, "longitude": 80.336680493996568, "SOG": 7.5790282704493981, "COG": 294.14594554174079, "heading": 294.14594554174079 }, "geometry": { "type": "Point", "coordinates": [ 80.336680493996568, 12.250764836528589 ] } },
{ "type": "Feature", "properties": { "MMSI": 100000006, "vessel_name": "Synthetic Vessel 7", "vessel_type": null, "timestamp": "2025-01-01T00:12:00Z", "latitude": 12.244182588276388, "longitude": 80.340053358395053, "SOG": 10.567628930139298, "COG": 334.57535608593088, "heading": 334.57535608593088 }, "geometry": { "type": "Point", "coordinates": [ 80.340053358395053, 12.244182588276388 ] } },
{ "type": "Feature", "properties": { "MMSI": 100000006, "vessel_name": "Synthetic Vessel 7", "vessel_type": null, "timestamp": "2025-01-01T00:18:00Z", "latitude": 12.245614842065786, "longitude": 80.335652940268261, "SOG": 6.8704374855752341, "COG": 277.01745594909727, "heading": 277.01745594909727 }, "geometry": { "type": "Point", "coordinates": [ 80.335652940268261, 12.245614842065786 ] } },
{ "type": "Feature", "properties": { "MMSI": 100000006, "vessel_name": "Synthetic Vessel 7", "vessel_type": null, "timestamp": "2025-01-01T00:24:00Z", "latitude": 12.24208842679387, "longitude": 80.334161669040583, "SOG": 7.4240973241508019, "COG": 182.7397363264038, "heading": 182.7397363264038 }, "geometry": { "type": "Point", "coordinates": [ 80.334161669040583, 12.24208842679387 ] } },
{ "type": "Feature", "properties": { "MMSI": 100000006, "vessel_name": "Synthetic Vessel 7", "vessel_type": null, "timestamp": "2025-01-01T00:30:00Z", "latitude": 12.234385163288657, "longitude": 80.336374069889416, "SOG": 10.812382214226124, "COG": 103.90699916649208, "heading": 103.90699916649208 }, "geometry": { "type": "Point", "coordinates": [ 80.336374069889416, 12.234385163288657 ] } },
{ "type": "Feature", "properties": { "MMSI": 100000006, "vessel_name": "Synthetic Vessel 7", "vessel_type": null, "timestamp": "2025-01-01T00:36:00Z", "latitude": 12.227472417594139, "longitude": 80.335996871926511, "SOG": 5.5182353682242695, "COG": 191.73219571857089, "heading": 191.73219571857089 }, "geometry": { "type": "Point", "coordinates": [ 80.335996871926511, 12.227472417594139 ] } },
{ "type": "Feature", "properties": { "MMSI": 100000006, "vessel_name": "Synthetic Vessel 7", "vessel_type": null, "timestamp": "2025-01-01T00:42:00Z", "latitude": 12.22420450315802, "longitude": 80.328685165465288, "SOG": 14.899602323899453, "COG": 22.814989370196383, "heading": 22.814989370196383 }, "geometry": { "type": "Point", "coordinates": [ 80.328685165465288, 12.22420450315802 ] } },
{ "type": "Feature", "properties": { "MMSI": 100000006, "vessel_name": "Synthetic Vessel 7", "vessel_type": null, "timestamp": "2025-01-01T00:48:00Z", "latitude": 12.220651580057512, "longitude": 80.334882654382383, "SOG": 11.815027222239292, "COG": 91.670635714954983, "heading": 91.670635714954983 }, "geometry": { "type": "Point", "coordinates": [ 80.334882654382383, 12.220651580057512 ] } },
{ "type": "Feature", "properties": { "MMSI": 100000006, "vessel_name": "Synthetic Vessel 7", "vessel_type": null, "timestamp": "2025-01-01T00:54:00Z", "latitude": 12.225856137255308, "longitude": 80.336795429194538, "SOG": 9.1184091414726858, "COG": 169.76742787805702, "heading": 169.76742787805702 }, "geometry": { "type": "Point", "coordinates": [ 80.336795429194538, 12.225856137255308 ] } },
{ "type": "Feature", "properties": { "MMSI": 100000006, "vessel_name": "Synthetic Vessel 7", "vessel_type": null, "timestamp": "2025-01-01T01:00:00Z", "latitude": 12.222833502586168, "longitude": 80.345386012079501, "SOG": 14.650269106665126, "COG": 299.02298680358251, "heading": 299.02298680358251 }, "geometry": { "type": "Point", "coordinates": [ 80.345386012079501, 12.222833502586168 ] } },
{ "type": "Feature", "properties": { "MMSI": 100000006, "vessel_name": "Synthetic Vessel 7", "vessel_type": null, "timestamp": "2025-01-01T01:06:00Z", "latitude": 12.215319447055879, "longitude": 80.350003361583575, "SOG": 6.8123306616566017, "COG": 337.80256445557364, "heading": 337.80256445557364 }, "geometry": { "type": "Point", "coordinates": [ 80.350003361583575, 12.215319447055879 ] } },
{ "type": "Feature", "properties": { "MMSI": 100000006, "vessel_name": "Synthetic Vessel 7", "vessel_type": null, "timestamp": "2025-01-01T01:12:00Z", "latitude": 12.206649372403216, "longitude": 80.354825774569377, "SOG": 13.41828776758272, "COG": 206.81032074476829, "heading": 206.81032074476829 }, "geometry": { "type": "Point", "coordinates": [ 80.354825774569377, 12.206649372403216 ] } },
{ "type": "Feature", "properties": { "MMSI": 100000006, "vessel_name": "Synthetic Vessel 7", "vessel_type": null, "timestamp": "2025-01-01T01:18:00Z", "latitude": 12.19944481993574, "longitude": 80.360731120806577, "SOG": 6.6365594286570451, "COG": 72.585835217188034, "heading": 72.585835217188034 }, "geometry": { "type": "Point", "coordinates": [ 80.360731120806577, 12.19944481993574 ] } },
{ "type": "Feature", "properties": { "MMSI": 100000006, "vessel_name": "Synthetic Vessel 7", "vessel_type": null, "timestamp": "2025-01-01T01:24:00Z", "latitude": 12.19273013589436, "longitude": 80.367022615211198, "SOG": 10.230654247691191, "COG": 239.47099945063204, "heading": 239.47099945063204 }, "geometry": { "type": "Point", "coordinates": [ 80.367022615211198, 12.19273013589436 ] } },
{ "type": "Feature", "properties": { "MMSI": 100000006, "vessel_name": "Synthetic Vessel 7", "vessel_type": null, "timestamp": "2025-01-01T01:30:00Z", "latitude": 12.189906745576829, "longitude": 80.374566626027459, "SOG": 13.165994394715771, "COG": 141.28023867214873, "heading": 141.28023867214873 }, "geometry": { "type": "Point", "coordinates": [ 80.374566626027459, 12.189906745576829 ] } },
{ "type": "Feature", "properties": { "MMSI": 100000006, "vessel_name": "Synthetic Vessel 7", "vessel_type": null, "timestamp": "2025-01-01T01:36:00Z", "latitude": 12.188689443748231, "longitude": 80.372105514615953, "SOG": 8.0137787416414206, "COG": 166.56472284105831, "heading": 166.56472284105831 }, "geometry": { "type": "Point", "coordinates": [ 80.372105514615953, 12.188689443748231 ] } },
{ "type": "Feature", "properties": { "MMSI": 100000006, "vessel_name": "Synthetic Vessel 7", "vessel_type": null, "timestamp": "2025-01-01T01:42:00Z", "latitude": 12.193641631351758, "longitude": 80.372159922417808, "SOG": 13.995745732745684, "COG": 83.596570252854235, "heading": 83.596570252854235 }, "geometry": { "type": "Point", "coordinates": [ 80.372159922417808, 12.193641631351758 ] } },
{ "type": "Feature", "properties": { "MMSI": 100000006, "vessel_name": "Synthetic Vessel 7", "vessel_type": null, "timestamp": "2025-01-01T01:48:00Z", "latitude": 12.191319455779222, "longitude": 80.373030979640092, "SOG": 11.242379959139919, "COG": 326.32995994723689, "heading": 326.32995994723689 }, "geometry": { "type": "Point", "coordinates": [ 80.373030979640092, 12.191319455779222 ] } },
{ "type": "Feature", "properties": { "MMSI": 100000006, "vessel_name": "Synthetic Vessel 7", "vessel_type": null, "timestamp": "2025-01-01T01:54:00Z", "latitude": 12.183657416593389, "longitude": 80.381827622112368, "SOG": 8.3490561465708613, "COG": 225.97489910571039, "heading": 225.97489910571039 }, "geometry": { "type": "Point", "coordinates": [ 80.381827622112368, 12.183657416593389 ] } },
{ "type": "Feature", "properties": { "MMSI": 100000006, "vessel_name": "Synthetic Vessel 7", "vessel_type": null, "timestamp": "2025-01-01T02:00:00Z", "latitude": 12.176442858046656, "longitude": 80.387708125897774, "SOG": 10.334610919763216, "COG": 223.22619213426489, "heading": 223.22619213426489 }, "geometry": { "type": "Point", "coordinates": [ 80.387708125897774, 12.176442858046656 ] } },
{ "type": "Feature", "properties": { "MMSI": 100000006, "vessel_name": "Synthetic Vessel 7", "vessel_type": null, "timestamp": "2025-01-01T02:06:00Z", "latitude": 12.184320709707675, "longitude": 80.393480070122266, "SOG": 8.1172206779554834, "COG": 54.602956703790426, "heading": 54.602956703790426 }, "geometry": { "type": "Point", "coordinates": [ 80.393480070122266, 12.184320709707675 ] } },
{ "type": "Feature", "properties": { "MMSI": 100000006, "vessel_name": "Synthetic Vessel 7", "vessel_type": null, "timestamp": "2025-01-01T02:12:00Z", "latitude": 12.179290492503966, "longitude": 80.398358995973723, "SOG": 10.698896848713163, "COG": 12.071676504880578, "heading": 12.071676504880578 }, "geometry": { "type": "Point", "coordinates": [ 80.398358995973723, 12.179290492503966 ] } },
{ "type": "Feature", "properties": { "MMSI": 100000006, "vessel_name": "Synthetic Vessel 7", "vessel_type": null, "timestamp": "2025-01-01T02:18:00Z", "latitude": 12.184539666218781, "longitude": 80.405894308708952, "SOG": 13.212573046720127, "COG": 123.14942953772668, "heading": 123.14942953772668 }, "geometry": { "type": "Point", "coordinates": [ 80.405894308708952, 12.184539666218781 ] } },
{ "type": "Feature", "properties": { "MMSI": 100000006, "vessel_name": "Synthetic Vessel 7", "vessel_type": null, "timestamp": "2025-01-01T02:24:00Z", "latitude": 12.176752300957885, "longitude": 80.412823354543647, "SOG": 8.9728729056036727, "COG": 45.895918439513672, "heading": 45.895918439513672 }, "geometry": { "type": "Point", "coordinates": [ 80.412823354543647, 12.176752300957885 ] } },
{ "type": "Feature", "properties": { "MMSI": 100000006, "vessel_name": "Synthetic Vessel 7", "vessel_type": null, "timestamp": "2025-01-01T02:30:00Z", "latitude": 12.182698208273475, "longitude": 80.405821703090623, "SOG": 12.222525683930662, "COG": 82.530502283750934, "heading": 82.530502283750934 }, "geometry": { "type": "Point", "coordinates": [ 80.405821703090623, 12.182698208273475 ] } },
{ "type": "Feature", "properties": { "MMSI": 100000006, "vessel_name": "Synthetic Vessel 7", "vessel_type": null, "timestamp": "2025-01-01T02:36:00Z", "latitude": 12.187098939004397, "longitude": 80.408644655748333, "SOG": 10.427244433475964, "COG": 249.821440008156, "heading": 249.821440008156 }, "geometry": { "type": "Point", "coordinates": [ 80.408644655748333, 12.187098939004397 ] } },
{ "type": "Feature", "properties": { "MMSI": 100000006, "vessel_name": "Synthetic Vessel 7", "vessel_type": null, "timestamp": "2025-01-01T02:42:00Z", "latitude": 12.182134920182536, "longitude": 80.405558575618414, "SOG": 14.084505613336283, "COG": 65.375178048513234, "heading": 65.375178048513234 }, "geometry": { "type": "Point", "coordinates": [ 80.405558575618414, 12.182134920182536 ] } },
{ "type": "Feature", "properties": { "MMSI": 100000006, "vessel_name": "Synthetic Vessel 7", "vessel_type": null, "timestamp": "2025-01-01T02:48:00Z", "latitude": 12.183802756077858, "longitude": 80.403575603953684, "SOG": 14.472833396118151, "COG": 166.32208931188777, "heading": 166.32208931188777 }, "geometry": { "type": "Point", "coordinates": [ 80.403575603953684, 12.183802756077858 ] } },
{ "type": "Feature", "properties": { "MMSI": 100000006, "vessel_name": "Synthetic Vessel 7", "vessel_type": null, "timestamp": "2025-01-01T02:54:00Z", "latitude": 12.17686978414018, "longitude": 80.405300200594013, "SOG": 11.114542354346479, "COG": 182.11992439840776, "heading": 182.11992439840776 }, "geometry": { "type": "Point", "coordinates": [ 80.405300200594013, 12.17686978414018 ] } },
{ "type": "Feature", "properties": { "MMSI": 100000007, "vessel_name": "Synthetic Vessel 8", "vessel_type": null, "timestamp": "2025-01-01T00:00:00Z", "latitude": 12.127562733291354, "longitude": 81.016250481560093, "SOG": 14.224993811772958, "COG": 250.7942965956812, "heading": 250.7942965956812 }, "geometry": { "type": "Point", "coordinates": [ 81.016250481560093, 12.127562733291354 ] } },
{ "type": "Feature", "properties": { "MMSI": 100000007, "vessel_name": "Synthetic Vessel 8", "vessel_type": null, "timestamp": "2025-01-01T00:06:00Z", "latitude": 12.131707505977619, "longitude": 81.009301262418376, "SOG": 11.067150463828559, "COG": 207.46380966005279, "heading": 207.46380966005279 }, "geometry": { "type": "Point", "coordinates": [ 81.009301262418376, 12.131707505977619 ] } },
{ "type": "Feature", "properties": { "MMSI": 100000007, "vessel_name": "Synthetic Vessel 8", "vessel_type": null, "timestamp": "2025-01-01T00:12:00Z", "latitude": 12.130190119403668, "longitude": 81.014030147130867, "SOG": 14.255685129067764, "COG": 336.37212531684537, "heading": 336.37212531684537 }, "geometry": { "type": "Point", "coordinates": [ 81.014030147130867, 12.130190119403668 ] } },
{ "type": "Feature", "properties": { "MMSI": 100000007, "vessel_name": "Synthetic Vessel 8", "vessel_type": null, "timestamp": "2025-01-01T00:18:00Z", "latitude": 12.129206906831753, "longitude": 81.006294908047678, "SOG": 13.388980864459342, "COG": 354.54283162644043, "heading": 354.54283162644043 }, "geometry": { "type": "Point", "coordinates": [ 81.006294908047678, 12.129206906831753 ] } },
{ "type": "Feature", "properties": { "MMSI": 100000007, "vessel_name": "Synthetic Vessel 8", "vessel_type": null, "timestamp": "2025-01-01T00:24:00Z", "latitude": 12.121700160455816, "longitude": 81.014711745700026, "SOG": 10.188380571260719, "COG": 313.1626903423662, "heading": 313.1626903423662 }, "geometry": { "type": "Point", "coordinates": [ 81.014711745700026, 12.121700160455816 ] } },
{ "type": "Feature", "properties": { "MMSI": 100000007, "vessel_name": "Synthetic Vessel 8", "vessel_type": null, "timestamp": "2025-01-01T00:30:00Z", "latitude": 12.123525669170714, "longitude": 81.012691799777429, "SOG": 8.3519724164590095, "COG": 19.71418997593128, "heading": 19.71418997593128 }, "geometry": { "type": "Point", "coordinates": [ 81.012691799777429, 12.123525669170714 ] } },
{ "type": "Feature", "properties": { "MMSI": 100000007, "vessel_name": "Synthetic Vessel 8", "vessel_type": null, "timestamp": "2025-01-01T00:36:00Z", "latitude": 12.129582738142677, "longitude": 81.002784440237519, "SOG": 8.9816869359094333, "COG": 120.05970180881192, "heading": 120.05970180881192 }, "geometry": { "type": "Point", "coordinates": [ 81.002784440237519, 12.129582738142677 ] } },
{ "type": "Feature", "properties": { "MMSI": 100000007, "vessel_name": "Synthetic Vessel 8", "vessel_type": null, "timestamp": "2025-01-01T00:42:00Z", "latitude": 12.130330650201431, "longitude": 81.011181552565773, "SOG": 8.4695320189622763, "COG": 124.68455797174605, "heading": 124.68455797174605 }, "geometry": { "type": "Point", "coordinates": [ 81.011181552565773, 12.130330650201431 ] } },
{ "type": "Feature", "properties": { "MMSI": 100000007, "vessel_name": "Synthetic Vessel 8", "vessel_type": null, "timestamp": "2025-01-01T00:48:00Z", "latitude": 12.135080675163628, "longitude": 81.010225911383571, "SOG": 9.5243951613269342, "COG": 80.857736258393501, "heading": 80.857736258393501 }, "geometry": { "type": "Point", "coordinates": [ 81.010225911383571, 12.135080675163628 ] } },
{ "type": "Feature", "properties": { "MMSI": 100000007, "vessel_name": "Synthetic Vessel 8", "vessel_type": null, "timestamp": "2025-01-01T00:54:00Z", "latitude": 12.127897815571224, "longitude": 81.003753651113698, "SOG": 9.1892544950454784, "COG": 179.4123981862127, "heading": 179.4123981862127 }, "geometry": { "type": "Point", "coordinates": [ 81.003753651113698, 12.127897815571224 ] } },
{ "type": "Feature", "properties": { "MMSI": 100000007, "vessel_name": "Synthetic Vessel 8", "vessel_type": null, "timestamp": "2025-01-01T01:00:00Z", "latitude": 12.136194733592584, "longitude": 81.00100152909603, "SOG": 11.322642879195303, "COG": 209.01180610009564, "heading": 209.01180610009564 }, "geometry": { "type": "Point", "coordinates": [ 81.00100152909603, 12.136194733592584 ] } },
{ "type": "Feature", "properties": { "MMSI": 100000007, "vessel_name": "Synthetic Vessel 8", "vessel_type": null, "timestamp": "2025-01-01T01:06:00Z", "latitude": 12.126456622724351, "longitude": 81.004272276536369, "SOG": 14.610703174694551, "COG": 64.09294807311052, "heading": 64.09294807311052 }, "geometry": { "type": "Point", "coordinates": [ 81.004272276536369, 12.126456622724351 ] } },
{ "type": "Feature", "properties": { "MMSI": 100000007, "vessel_name": "Synthetic Vessel 8", "vessel_type": null, "timestamp": "2025-01-01T01:12:00Z", "latitude": 12.119429877279414, "longitude": 81.002564759010909, "SOG": 14.968742518459472, "COG": 30.725880508311789, "heading": 30.725880508311789 }, "geometry": { "type": "Point", "coordinates": [ 81.002564759010909, 12.119429877279414 ] } },
{ "type": "Feature", "properties": { "MMSI": 100000007, "vessel_name": "Synthetic Vessel 8", "vessel_type": null, "timestamp": "2025-01-01T01:18:00Z", "latitude": 12.119473777486039, "longitude": 81.004472459357316, "SOG": 12.499604703991778, "COG": 24.147531859833894, "heading": 24.147531859833894 }, "geometry": { "type": "Point", "coordinates": [ 81.004472459357316, 12.119473777486039 ] } },
{ "type": "Feature", "properties": { "MMSI": 100000007, "vessel_name": "Synthetic Vessel 8", "vessel_type": null, "timestamp": "2025-01-01T01:24:00Z", "latitude": 12.113671889347952, "longitude": 81.012433545146138, "SOG": 6.9068772066366657, "COG": 73.850270573522579, "heading": 73.850270573522579 }, "geometry": { "type": "Point", "coordinates": [ 81.012433545146138, 12.113671889347952 ] } },
{ "type": "Feature", "properties": { "MMSI": 100000007, "vessel_name": "Synthetic Vessel 8", "vessel_type": null, "timestamp": "2025-01-01T01:30:00Z", "latitude": 12.104402882704914, "longitude": 81.011874884048339, "SOG": 5.6570863942835237, "COG": 203.34280797454201, "heading": 203.34280797454201 }, "geometry": { "type": "Point", "coordinates": [ 81.011874884048339, 12.104402882704914 ] } },
{ "type": "Feature", "properties": { "MMSI": 100000007, "vessel_name": "Synthetic Vessel 8", "vessel_type": null, "timestamp": "2025-01-01T01:36:00Z", "latitude": 12.109913435038814, "longitude": 81.010940660743302, "SOG": 9.4076274693822803, "COG": 188.78049695792879, "heading": 188.78049695792879 }, "geometry": { "type": "Point", "coordinates": [ 81.010940660743302, 12.109913435038814 ] } },
{ "type": "Feature", "properties": { "MMSI": 100000007, "vessel_name": "Synthetic Vessel 8", "vessel_type": null, "timestamp": "2025-01-01T01:42:00Z", "latitude": 12.10792869625632, "longitude": 81.012133467369466, "SOG": 6.8192813049527112, "COG": 55.8864885350565, "heading": 55.8864885350565 }, "geometry": { "type": "Point", "coordinates": [ 81.012133467369466, 12.10792869625632 ] } },
{ "type": "Feature", "properties": { "MMSI": 100000007, "vessel_name": "Synthetic Vessel 8", "vessel_type": null, "timestamp": "2025-01-01T01:48:00Z", "latitude": 12.115164408676591, "longitude": 81.021055776612144, "SOG": 7.7074467314355379, "COG": 134.39135386071106, "heading": 134.39135386071106 }, "geometry": { "type": "Point", "coordinates": [ 81.021055776612144, 12.115164408676591 ] } },
{ "type": "Feature", "properties": { "MMSI": 100000007, "vessel_name": "Synthetic Vessel 8", "vessel_type": null, "timestamp": "2025-01-01T01:54:00Z", "latitude": 12.118044399541372, "longitude": 81.019230460034109, "SOG": 6.5615259736619036, "COG": 9.1390880377241501, "heading": 9.1390880377241501 }, "geometry": { "type": "Point", "coordinates": [ 81.019230460034109, 12.118044399541372 ] } },
{ "type": "Feature", "properties": { "MMSI": 100000007, "vessel_name": "Synthetic Vessel 8", "vessel_type": null, "timestamp": "2025-01-01T02:00:00Z", "latitude": 12.12236384411832, "longitude": 81.022408938872317, "SOG": 7.2197216193294942, "COG": 9.7545573012540565, "heading": 9.7545573012540565 }, "geometry": { "type": "Point", "coordinates": [ 81.022408938872317, 12.12236384411832 ] } },
{ "type": "Feature", "properties": { "MMSI": 100000007, "vessel_name": "Synthetic Vessel 8", "vessel_type": null, "timestamp": "2025-01-01T02:06:00Z", "latitude": 12.116985340050082, "longitude": 81.025846793744293, "SOG": 6.0410858198457387, "COG": 7.0957935915710957, "heading": 7.0957935915710957 }, "geometry": { "type": "Point", "coordinates": [ 81.025846793744293, 12.116985340050082 ] } },
{ "type": "Feature", "properties": { "MMSI": 100000007, "vessel_name": "Synthetic Vessel 8", "vessel_type": null, "timestamp": "2025-01-01T02:12:00Z", "latitude": 12.122983661757546, "longitude": 81.019417686985378, "SOG": 7.3818278104672652, "COG": 234.98859882667489, "heading": 234.98859882667489 }, "geometry": { "type": "Point", "coordinates": [ 81.019417686985378, 12.122983661757546 ] } },
{ "type": "Feature", "properties": { "MMSI": 100000007, "vessel_name": "Synthetic Vessel 8", "vessel_type": null, "timestamp": "2025-01-01T02:18:00Z", "latitude": 12.114972489612732, "longitude": 81.014281130805372, "SOG": 13.556964681062858, "COG": 260.01609546803729, "heading": 260.01609546803729 }, "geometry": { "type": "Point", "coordinates": [ 81.014281130805372, 12.114972489612732 ] } },
{ "type": "Feature", "properties": { "MMSI": 100000007, "vessel_name": "Synthetic Vessel 8", "vessel_type": null, "timestamp": "2025-01-01T02:24:00Z", "latitude": 12.121576886904071, "longitude": 81.012224801397736, "SOG": 7.0498429541582102, "COG": 240.51064916543265, "heading": 240.51064916543265 }, "geometry": { "type": "Point", "coordinates": [ 81.012224801397736, 12.121576886904071 ] } },
{ "type": "Feature", "properties": { "MMSI": 100000007, "vessel_name": "Synthetic Vessel 8", "vessel_type": null, "timestamp": "2025-01-01T02:30:00Z", "latitude": 12.117439841509292, "longitude": 81.020151517768156, "SOG": 5.8550853085446803, "COG": 4.6806924638649727, "heading": 4.6806924638649727 }, "geometry": { "type": "Point", "coordinates": [ 81.020151517768156, 12.117439841509292 ] } },
{ "type": "Feature", "properties": { "MMSI": 100000007, "vessel_name": "Synthetic Vessel 8", "vessel_type": null, "timestamp": "2025-01-01T02:36:00Z", "latitude": 12.111597566612216, "longitude": 81.010682161845637, "SOG": 10.830415609696921, "COG": 65.316756632327028, "heading": 65.316756632327028 }, "geometry": { "type": "Point", "coordinates": [ 81.010682161845637, 12.111597566612216 ] } },
{ "type": "Feature", "properties": { "MMSI": 100000007, "vessel_name": "Synthetic Vessel 8", "vessel_type": null, "timestamp": "2025-01-01T02:42:00Z", "latitude": 12.110026057624063, "longitude": 81.018535596067181, "SOG": 8.4181735169787597, "COG": 294.27968222583871, "heading": 294.27968222583871 }, "geometry": { "type": "Point", "coordinates": [ 81.018535596067181, 12.110026057624063 ] } },
{ "type": "Feature", "properties": { "MMSI": 100000007, "vessel_name": "Synthetic Vessel 8", "vessel_type": null, "timestamp": "2025-01-01T02:48:00Z", "latitude": 12.105214526292691, "longitude": 81.016129444230529, "SOG": 7.6806364082287626, "COG": 212.50617930533079, "heading": 212.50617930533079 }, "geometry": { "type": "Point", "coordinates": [ 81.016129444230529, 12.105214526292691 ] } },
{ "type": "Feature", "properties": { "MMSI": 100000007, "vessel_name": "Synthetic Vessel 8", "vessel_type": null, "timestamp": "2025-01-01T02:54:00Z", "latitude": 12.107697504449677, "longitude": 81.014317677274349, "SOG": 9.3612652913531686, "COG": 198.73698510671289, "heading": 198.73698510671289 }, "geometry": { "type": "Point", "coordinates": [ 81.014317677274349, 12.107697504449677 ] } },
{ "type": "Feature", "properties": { "MMSI": 100000008, "vessel_name": "Synthetic Vessel 9", "vessel_type": null, "timestamp": "2025-01-01T00:00:00Z", "latitude": 12.676903634967031, "longitude": 81.16040887743965, "SOG": 9.8743119824951364, "COG": 312.6484713232486, "heading": 312.6484713232486 }, "geometry": { "type": "Point", "coordinates": [ 81.16040887743965, 12.676903634967031 ] } },
{ "type": "Feature", "properties": { "MMSI": 100000008, "vessel_name": "Synthetic Vessel 9", "vessel_type": null, "timestamp": "2025-01-01T00:06:00Z", "latitude": 12.684794679504916, "longitude": 81.166405982558601, "SOG": 5.2246930832011742, "COG": 153.07686160892405, "heading": 153.07686160892405 }, "geometry": { "type": "Point", "coordinates": [ 81.166405982558601, 12.684794679504916 ] } },
{ "type": "Feature", "properties": { "MMSI": 100000008, "vessel_name": "Synthetic Vessel 9", "vessel_type": null, "timestamp": "2025-01-01T00:12:00Z", "latitude": 12.680168226692611, "longitude": 81.167238666851816, "SOG": 7.5788768543320231, "COG": 228.05215913741301, "heading": 228.05215913741301 }, "geometry": { "type": "Point", "coordinates": [ 81.167238666851816, 12.680168226692611 ] } },
{ "type": "Feature", "properties": { "MMSI": 100000008, "vessel_name": "Synthetic Vessel 9", "vessel_type": null, "timestamp": "2025-01-01T00:18:00Z", "latitude": 12.672955348174067, "longitude": 81.173937271587803, "SOG": 10.256901823026858, "COG": 354.38478505327879, "heading": 354.38478505327879 }, "geometry": { "type": "Point", "coordinates": [ 81.173937271587803, 12.672955348174067 ] } },
{ "type": "Feature", "properties": { "MMSI": 100000008, "vessel_name": "Synthetic Vessel 9", "vessel_type": null, "timestamp": "2025-01-01T00:24:00Z", "latitude": 12.666388933891035, "longitude": 81.169383418118187, "SOG": 14.142988065604991, "COG": 6.620643557088024, "heading": 6.620643557088024 }, "geometry": { "type": "Point", "coordinates": [ 81.169383418118187, 12.666388933891035 ] } },
{ "type": "Feature", "properties": { "MMSI": 100000008, "vessel_name": "Synthetic Vessel 9", "vessel_type": null, "timestamp": "2025-01-01T00:30:00Z", "latitude": 12.658743955548838, "longitude": 81.170913747628475, "SOG": 10.541780025157934, "COG": 98.659879447394161, "heading": 98.659879447394161 }, "geometry": { "type": "Point", "coordinates": [ 81.170913747628475, 12.658743955548838 ] } },
{ "type": "Feature", "properties": { "MMSI": 100000008, "vessel_name": "Synthetic Vessel 9", "vessel_type": null, "timestamp": "2025-01-01T00:36:00Z", "latitude": 12.661772363315874, "longitude": 81.177508583702618, "SOG": 5.1099582865848046, "COG": 74.311657833817151, "heading": 74.311657833817151 }, "geometry": { "type": "Point", "coordinates": [ 81.177508583702618, 12.661772363315874 ] } },
{ "type": "Feature", "properties": { "MMSI": 100000008, "vessel_name": "Synthetic Vessel 9", "vessel_type": null, "timestamp": "2025-01-01T00:42:00Z", "latitude": 12.654510075917251, "longitude": 81.185508956539579, "SOG": 10.974131021703084, "COG": 314.6004279225055, "heading": 314.6004279225055 }, "geometry": { "type": "Point", "coordinates": [ 81.185508956539579, 12.654510075917251 ] } },
{ "type": "Feature", "properties": { "MMSI": 100000008, "vessel_name": "Synthetic Vessel 9", "vessel_type": null, "timestamp": "2025-01-01T00:48:00Z", "latitude": 12.656520413125923, "longitude": 81.18880969003051, "SOG": 14.144119459249598, "COG": 63.133660304441854, "heading": 63.133660304441854 }, "geometry": { "type": "Point", "coordinates": [ 81.18880969003051, 12.656520413125923 ] } },
{ "type": "Feature", "properties": { "MMSI": 100000008, "vessel_name": "Synthetic Vessel 9", "vessel_type": null, "timestamp": "2025-01-01T00:54:00Z", "latitude": 12.654895823623766, "longitude": 81.186472460595496, "SOG": 5.46965966775055, "COG": 186.81037390182152, "heading": 186.81037390182152 }, "geometry": { "type": "Point", "coordinates": [ 81.186472460595496, 12.654895823623766 ] } },
{ "type": "Feature", "properties": { "MMSI": 100000008, "vessel_name": "Synthetic Vessel 9", "vessel_type": null, "timestamp": "2025-01-01T01:00:00Z", "latitude": 12.648221490998887, "longitude": 81.191233132924026, "SOG": 11.031521094663882, "COG": 29.807520453045527, "heading": 29.807520453045527 }, "geometry": { "type": "Point", "coordinates": [ 81.191233132924026, 12.648221490998887 ] } },
{ "type": "Feature", "properties": { "MMSI": 100000008, "vessel_name": "Synthetic Vessel 9", "vessel_type": null, "timestamp": "2025-01-01T01:06:00Z", "latitude": 12.643128473192514, "longitude": 81.189019045204859, "SOG": 8.5567271646494909, "COG": 103.92974523745195, "heading": 103.92974523745195 }, "geometry": { "type": "Point", "coordinates": [ 81.189019045204859, 12.643128473192514 ] } },
{ "type": "Feature", "properties": { "MMSI": 100000008, "vessel_name": "Synthetic Vessel 9", "vessel_type": null, "timestamp": "2025-01-01T01:12:00Z", "latitude": 12.647509391296198, "longitude": 81.184961479517327, "SOG": 9.7605040219909966, "COG": 203.90567050688296, "heading": 203.90567050688296 }, "geometry": { "type": "Point", "coordinates": [ 81.184961479517327, 12.647509391296198 ] } },
{ "type": "Feature", "properties": { "MMSI": 100000008, "vessel_name": "Synthetic Vessel 9", "vessel_type": null, "timestamp": "2025-01-01T01:18:00Z", "latitude": 12.650782814603451, "longitude": 81.193698074303825, "SOG": 7.1494037859075679, "COG": 263.72595499569013, "heading": 263.72595499569013 }, "geometry": { "type": "Point", "coordinates": [ 81.193698074303825, 12.650782814603451 ] } },
{ "type": "Feature", "properties": { "MMSI": 100000008, "vessel_name": "Synthetic Vessel 9", "vessel_type": null, "timestamp": "2025-01-01T01:24:00Z", "latitude": 12.641406477304676, "longitude": 81.188943355189821, "SOG": 5.5142581348425033, "COG": 214.22805505209169, "heading": 214.22805505209169 }, "geometry": { "type": "Point", "coordinates": [ 81.188943355189821, 12.641406477304676 ] } },
{ "type": "Feature", "properties": { "MMSI": 100000008, "vessel_name": "Synthetic Vessel 9", "vessel_type": null, "timestamp": "2025-01-01T01:30:00Z", "latitude": 12.641333802248701, "longitude": 81.190880212168153, "SOG": 12.70912203745822, "COG": 120.32780069410587, "heading": 120.32780069410587 }, "geometry": { "type": "Point", "coordinates": [ 81.190880212168153, 12.641333802248701 ] } },
{ "type": "Feature", "properties": { "MMSI": 100000008, "vessel_name": "Synthetic Vessel 9", "vessel_type": null, "timestamp": "2025-01-01T01:36:00Z", "latitude": 12.633465767311376, "longitude": 81.182382967802866, "SOG": 9.9549131620619846, "COG": 262.14795223329719, "heading": 262.14795223329719 }, "geometry": { "type": "Point", "coordinates": [ 81.182382967802866, 12.633465767311376 ] } },
{ "type": "Feature", "properties": { "MMSI": 100000008, "vessel_name": "Synthetic Vessel 9", "vessel_type": null, "timestamp": "2025-01-01T01:42:00Z", "latitude": 12.637233815239931, "longitude": 81.181079514574947, "SOG": 13.191023176741997, "COG": 88.704731966078455, "heading": 88.704731966078455 }, "geometry": { "type": "Point", "coordinates": [ 81.181079514574947, 12.637233815239931 ] } },
{ "type": "Feature", "properties": { "MMSI": 100000008, "vessel_name": "Synthetic Vessel 9", "vessel_type": null, "timestamp": "2025-01-01T01:48:00Z", "latitude": 12.643222132819311, "longitude": 81.184973443992035, "SOG": 10.902306668690873, "COG": 97.972249402786559, "heading": 97.972249402786559 }, "geometry": { "type": "Point", "coordinates": [ 81.184973443992035, 12.643222132819311 ] } },
{ "type": "Feature", "properties": { "MMSI": 100000008, "vessel_name": "Synthetic Vessel 9", "vessel_type": null, "timestamp": "2025-01-01T01:54:00Z", "latitude": 12.640441610758112, "longitude": 81.176805085458568, "SOG": 6.368186309189614, "COG": 330.23288716640741, "heading": 330.23288716640741 }, "geometry": { "type": "Point", "coordinates": [ 81.176805085458568, 12.640441610758112 ] } },
{ "type": "Feature", "properties": { "MMSI": 100000008, "vessel_name": "Synthetic Vessel 9", "vessel_type": null, "timestamp": "2025-01-01T02:00:00Z", "latitude": 12.649446357834528, "longitude": 81.175725200917725, "SOG": 10.419009473783582, "COG": 66.647854381903073, "heading": 66.647854381903073 }, "geometry": { "type": "Point", "coordinates": [ 81.175725200917725, 12.649446357834528 ] } },
{ "type": "Feature", "properties": { "MMSI": 100000008, "vessel_name": "Synthetic Vessel 9", "vessel_type": null, "timestamp": "2025-01-01T02:06:00Z", "latitude": 12.656905274552056, "longitude": 81.180369698645919, "SOG": 11.587833667107173, "COG": 290.36201323012187, "heading": 290.36201323012187 }, "geometry": { "type": "Point", "coordinates": [ 81.180369698645919, 12.656905274552056 ] } },
{ "type": "Feature", "properties": { "MMSI": 100000008, "vessel_name": "Synthetic Vessel 9", "vessel_type": null, "timestamp": "2025-01-01T02:12:00Z", "latitude": 12.660750805842412, "longitude": 81.187353611677224, "SOG": 9.8942496364314039, "COG": 89.880483189306943, "heading": 89.880483189306943 }, "geometry": { "type": "Point", "coordinates": [ 81.187353611677224, 12.660750805842412 ] } },
{ "type": "Feature", "properties": { "MMSI": 100000008, "vessel_name": "Synthetic Vessel 9", "vessel_type": null, "timestamp": "2025-01-01T02:18:00Z", "latitude": 12.655174994678806, "longitude": 81.197106971837158, "SOG": 5.394268113685059, "COG": 339.86136228718078, "heading": 339.86136228718078 }, "geometry": { "type": "Point", "coordinates": [ 81.197106971837158, 12.655174994678806 ] } },
{ "type": "Feature", "properties": { "MMSI": 100000008, "vessel_name": "Synthetic Vessel 9", "vessel_type": null, "timestamp": "2025-01-01T02:24:00Z", "latitude": 12.65928649812912, "longitude": 81.20561193818547, "SOG": 10.679452305526294, "COG": 65.007124245840075, "heading": 65.007124245840075 }, "geometry": { "type": "Point", "coordinates": [ 81.20561193818547, 12.65928649812912 ] } },
{ "type": "Feature", "properties": { "MMSI": 100000008, "vessel_name": "Synthetic Vessel 9", "vessel_type": null, "timestamp": "2025-01-01T02:30:00Z", "latitude": 12.667596264080879, "longitude": 81.196290857757191, "SOG": 7.9734900737255074, "COG": 251.07129620886241, "heading": 251.07129620886241 }, "geometry": { "type": "Point", "coordinates": [ 81.196290857757191, 12.667596264080879 ] } },
{ "type": "Feature", "properties": { "MMSI": 100000008, "vessel_name": "Synthetic Vessel 9", "vessel_type": null, "timestamp": "2025-01-01T02:36:00Z", "latitude": 12.676084187988412, "longitude": 81.205712022660492, "SOG": 9.7421421665746379, "COG": 339.9359360808362, "heading": 339.9359360808362 }, "geometry": { "type": "Point", "coordinates": [ 81.205712022660492, 12.676084187988412 ] } },
{ "type": "Feature", "properties": { "MMSI": 100000008, "vessel_name": "Synthetic Vessel 9", "vessel_type": null, "timestamp": "2025-01-01T02:42:00Z", "latitude": 12.683325041008198, "longitude": 81.212603010631199, "SOG": 13.289154741506774, "COG": 114.87617036757204, "heading": 114.87617036757204 }, "geometry": { "type": "Point", "coordinates": [ 81.212603010631199, 12.683325041008198 ] } },
{ "type": "Feature", "properties": { "MMSI": 100000008, "vessel_name": "Synthetic Vessel 9", "vessel_type": null, "timestamp": "2025-01-01T02:48:00Z", "latitude": 12.674065193702509, "longitude": 81.214528408200835, "SOG": 6.2056688577727881, "COG": 82.803181423573093, "heading": 82.803181423573093 }, "geometry": { "type": "Point", "coordinates": [ 81.214528408200835, 12.674065193702509 ] } },
{ "type": "Feature", "properties": { "MMSI": 100000008, "vessel_name": "Synthetic Vessel 9", "vessel_type": null, "timestamp": "2025-01-01T02:54:00Z", "latitude": 12.665604257735092, "longitude": 81.218454183718393, "SOG": 12.247667715287616, "COG": 122.35498695650379, "heading": 122.35498695650379 }, "geometry": { "type": "Point", "coordinates": [ 81.218454183718393, 12.665604257735092 ] } },
{ "type": "Feature", "properties": { "MMSI": 100000009, "vessel_name": "Synthetic Vessel 10", "vessel_type": null, "timestamp": "2025-01-01T00:00:00Z", "latitude": 12.214202507445393, "longitude": 79.907095138957999, "SOG": 11.258913764370091, "COG": 114.75090105554516, "heading": 114.75090105554516 }, "geometry": { "type": "Point", "coordinates": [ 79.907095138957999, 12.214202507445393 ] } },
{ "type": "Feature", "properties": { "MMSI": 100000009, "vessel_name": "Synthetic Vessel 10", "vessel_type": null, "timestamp": "2025-01-01T00:06:00Z", "latitude": 12.221922062410115, "longitude": 79.909412402721642, "SOG": 5.2440078155653804, "COG": 83.86541091130816, "heading": 83.86541091130816 }, "geometry": { "type": "Point", "coordinates": [ 79.909412402721642, 12.221922062410115 ] } },
{ "type": "Feature", "properties": { "MMSI": 100000009, "vessel_name": "Synthetic Vessel 10", "vessel_type": null, "timestamp": "2025-01-01T00:12:00Z", "latitude": 12.229324039888134, "longitude": 79.899837790938648, "SOG": 10.289371340272121, "COG": 314.8926021663118, "heading": 314.8926021663118 }, "geometry": { "type": "Point", "coordinates": [ 79.899837790938648, 12.229324039888134 ] } },
{ "type": "Feature", "properties": { "MMSI": 100000009, "vessel_name": "Synthetic Vessel 10", "vessel_type": null, "timestamp": "2025-01-01T00:18:00Z", "latitude": 12.238105393858392, "longitude": 79.905813455654126, "SOG": 8.5071181545171015, "COG": 359.25627979200146, "heading": 359.25627979200146 }, "geometry": { "type": "Point", "coordinates": [ 79.905813455654126, 12.238105393858392 ] } },
{ "type": "Feature", "properties": { "MMSI": 100000009, "vessel_name": "Synthetic Vessel 10", "vessel_type": null, "timestamp": "2025-01-01T00:24:00Z", "latitude": 12.243449159637017, "longitude": 79.903852073926316, "SOG": 11.2750546321837, "COG": 172.75522330940717, "heading": 172.75522330940717 }, "geometry": { "type": "Point", "coordinates": [ 79.903852073926316, 12.243449159637017 ] } },
{ "type": "Feature", "properties": { "MMSI": 100000009, "vessel_name": "Synthetic Vessel 10", "vessel_type": null, "timestamp": "2025-01-01T00:30:00Z", "latitude": 12.250922701920739, "longitude": 79.913533743310296, "SOG": 9.1776678216733405, "COG": 276.57842899122653, "heading": 276.57842899122653 }, "geometry": { "type": "Point", "coordinates": [ 79.913533743310296, 12.250922701920739 ] } },
{ "type": "Feature", "properties": { "MMSI": 100000009, "vessel_name": "Synthetic Vessel 10", "vessel_type": null, "timestamp": "2025-01-01T00:36:00Z", "latitude": 12.249349841966282, "longitude": 79.918285389342074, "SOG": 6.104741131313947, "COG": 85.959772476588839, "heading": 85.959772476588839 }, "geometry": { "type": "Point", "coordinates": [ 79.918285389342074, 12.249349841966282 ] } },
{ "type": "Feature", "properties": { "MMSI": 100000009, "vessel_name": "Synthetic Vessel 10", "vessel_type": null, "timestamp": "2025-01-01T00:42:00Z", "latitude": 12.246442285119098, "longitude": 79.914030169175149, "SOG": 7.3360775104990994, "COG": 106.67092336415644, "heading": 106.67092336415644 }, "geometry": { "type": "Point", "coordinates": [ 79.914030169175149, 12.246442285119098 ] } },
{ "type": "Feature", "properties": { "MMSI": 100000009, "vessel_name": "Synthetic Vessel 10", "vessel_type": null, "timestamp": "2025-01-01T00:48:00Z", "latitude": 12.237284148911826, "longitude": 79.904387647869811, "SOG": 9.2777313373586239, "COG": 355.58006030497137, "heading": 355.58006030497137 }, "geometry": { "type": "Point", "coordinates": [ 79.904387647869811, 12.237284148911826 ] } },
{ "type": "Feature", "properties": { "MMSI": 100000009, "vessel_name": "Synthetic Vessel 10", "vessel_type": null, "timestamp": "2025-01-01T00:54:00Z", "latitude": 12.234970681855019, "longitude": 79.907980593523675, "SOG": 14.499611839502254, "COG": 78.571399631423105, "heading": 78.571399631423105 }, "geometry": { "type": "Point", "coordinates": [ 79.907980593523675, 12.234970681855019 ] } },
{ "type": "Feature", "properties": { "MMSI": 100000009, "vessel_name": "Synthetic Vessel 10", "vessel_type": null, "timestamp": "2025-01-01T01:00:00Z", "latitude": 12.24069758214333, "longitude": 79.899768813569921, "SOG": 13.791183075621646, "COG": 150.32907928257421, "heading": 150.32907928257421 }, "geometry": { "type": "Point", "coordinates": [ 79.899768813569921, 12.24069758214333 ] } },
{ "type": "Feature", "properties": { "MMSI": 100000009, "vessel_name": "Synthetic Vessel 10", "vessel_type": null, "timestamp": "2025-01-01T01:06:00Z", "latitude": 12.249592222589158, "longitude": 79.899116843794914, "SOG": 6.6703394609207525, "COG": 220.8281001158548, "heading": 220.8281001158548 }, "geometry": { "type": "Point", "coordinates": [ 79.899116843794914, 12.249592222589158 ] } },
{ "type": "Feature", "properties": { "MMSI": 100000009, "vessel_name": "Synthetic Vessel 10", "vessel_type": null, "timestamp": "2025-01-01T01:12:00Z", "latitude": 12.259415595111896, "longitude": 79.893750277822576, "SOG": 11.496466489923684, "COG": 339.38343868864524, "heading": 339.38343868864524 }, "geometry": { "type": "Point", "coordinates": [ 79.893750277822576, 12.259415595111896 ] } },
{ "type": "Feature", "properties": { "MMSI": 100000009, "vessel_name": "Synthetic Vessel 10", "vessel_type": null, "timestamp": "2025-01-01T01:18:00Z", "latitude": 12.261570331009471, "longitude": 79.894004048042902, "SOG": 6.7652803200550826, "COG": 83.04113221839313, "heading": 83.04113221839313 }, "geometry": { "type": "Point", "coordinates": [ 79.894004048042902, 12.261570331009471 ] } },
{ "type": "Feature", "properties": { "MMSI": 100000009, "vessel_name": "Synthetic Vessel 10", "vessel_type": null, "timestamp": "2025-01-01T01:24:00Z", "latitude": 12.255980055190877, "longitude": 79.887732813285794, "SOG": 8.501252591667301, "COG": 280.65041048403123, "heading": 280.65041048403123 }, "geometry": { "type": "Point", "coordinates": [ 79.887732813285794, 12.255980055190877 ] } },
{ "type": "Feature", "properties": { "MMSI": 100000009, "vessel_name": "Synthetic Vessel 10", "vessel_type": null, "timestamp": "2025-01-01T01:30:00Z", "latitude": 12.247136908722144, "longitude": 79.897114865888611, "SOG": 14.27752283195213, "COG": 318.16291858683326, "heading": 318.16291858683326 }, "geometry": { "type": "Point", "coordinates": [ 79.897114865888611, 12.247136908722144 ] } },
{ "type": "Feature", "properties": { "MMSI": 100000009, "vessel_name": "Synthetic Vessel 10", "vessel_type": null, "timestamp": "2025-01-01T01:36:00Z", "latitude": 12.257035065175073, "longitude": 79.890592770872999, "SOG": 12.582384757040913, "COG": 142.64712680495714, "heading": 142.64712680495714 }, "geometry": { "type": "Point", "coordinates": [ 79.890592770872999, 12.257035065175073 ] } },
{ "type": "Feature", "properties": { "MMSI": 100000009, "vessel_name": "Synthetic Vessel 10", "vessel_type": null, "timestamp": "2025-01-01T01:42:00Z", "latitude": 12.260955477536148, "longitude": 79.8836706889998, "SOG": 7.2444057183666066, "COG": 293.69992499662243, "heading": 293.69992499662243 }, "geometry": { "type": "Point", "coordinates": [ 79.8836706889998, 12.260955477536148 ] } },
{ "type": "Feature", "properties": { "MMSI": 100000009, "vessel_name": "Synthetic Vessel 10", "vessel_type": null, "timestamp": "2025-01-01T01:48:00Z", "latitude": 12.255431829832601, "longitude": 79.884410177457667, "SOG": 10.800862078378112, "COG": 213.4583765430132, "heading": 213.4583765430132 }, "geometry": { "type": "Point", "coordinates": [ 79.884410177457667, 12.255431829832601 ] } },
{ "type": "Feature", "properties": { "MMSI": 100000009, "vessel_name": "Synthetic Vessel 10", "vessel_type": null, "timestamp": "2025-01-01T01:54:00Z", "latitude": 12.247261566580557, "longitude": 79.89195939471027, "SOG": 6.2951492128280417, "COG": 95.616015331934179, "heading": 95.616015331934179 }, "geometry": { "type": "Point", "coordinates": [ 79.89195939471027, 12.247261566580557 ] } },
{ "type": "Feature", "properties": { "MMSI": 100000009, "vessel_name": "Synthetic Vessel 10", "vessel_type": null, "timestamp": "2025-01-01T02:00:00Z", "latitude": 12.255036528177934, "longitude": 79.901072424674865, "SOG": 13.09516074724878, "COG": 310.3659422155622, "heading": 310.3659422155622 }, "geometry": { "type": "Point", "coordinates": [ 79.901072424674865, 12.255036528177934 ] } },
{ "type": "Feature", "properties": { "MMSI": 100000009, "vessel_name": "Synthetic Vessel 10", "vessel_type": null, "timestamp": "2025-01-01T02:06:00Z", "latitude": 12.258141367790714, "longitude": 79.90208957208705, "SOG": 9.084532130706986, "COG": 31.315233568107651, "heading": 31.315233568107651 }, "geometry": { "type": "Point", "coordinates": [ 79.90208957208705, 12.258141367790714 ] } },
{ "type": "Feature", "properties": { "MMSI": 100000009, "vessel_name": "Synthetic Vessel 10", "vessel_type": null, "timestamp": "2025-01-01T02:12:00Z", "latitude": 12.25559513813096, "longitude": 79.897284647762262, "SOG": 9.9587573507877085, "COG": 260.4312409278906, "heading": 260.4312409278906 }, "geometry": { "type": "Point", "coordinates": [ 79.897284647762262, 12.25559513813096 ] } },
{ "type": "Feature", "properties": { "MMSI": 100000009, "vessel_name": "Synthetic Vessel 10", "vessel_type": null, "timestamp": "2025-01-01T02:18:00Z", "latitude": 12.247216062449114, "longitude": 79.891688311801261, "SOG": 5.7613085949030021, "COG": 245.97315491745451, "heading": 245.97315491745451 }, "geometry": { "type": "Point", "coordinates": [ 79.891688311801261, 12.247216062449114 ] } },
{ "type": "Feature", "properties": { "MMSI": 100000009, "vessel_name": "Synthetic Vessel 10", "vessel_type": null, "timestamp": "2025-01-01T02:24:00Z", "latitude": 12.25424020073009, "longitude": 79.891591242341534, "SOG": 10.924077846595177, "COG": 173.01116783759329, "heading": 173.01116783759329 }, "geometry": { "type": "Point", "coordinates": [ 79.891591242341534, 12.25424020073009 ] } },
{ "type": "Feature", "properties": { "MMSI": 100000009, "vessel_name": "Synthetic Vessel 10", "vessel_type": null, "timestamp": "2025-01-01T02:30:00Z", "latitude": 12.260733820048593, "longitude": 79.888547426499571, "SOG": 10.657319639957912, "COG": 244.08581492126288, "heading": 244.08581492126288 }, "geometry": { "type": "Point", "coordinates": [ 79.888547426499571, 12.260733820048593 ] } },
{ "type": "Feature", "properties": { "MMSI": 100000009, "vessel_name": "Synthetic Vessel 10", "vessel_type": null, "timestamp": "2025-01-01T02:36:00Z", "latitude": 12.25607438545198, "longitude": 79.896120026226669, "SOG": 11.584518346584254, "COG": 287.07336777849412, "heading": 287.07336777849412 }, "geometry": { "type": "Point", "coordinates": [ 79.896120026226669, 12.25607438545198 ] } },
{ "type": "Feature", "properties": { "MMSI": 100000009, "vessel_name": "Synthetic Vessel 10", "vessel_type": null, "timestamp": "2025-01-01T02:42:00Z", "latitude": 12.263086020033866, "longitude": 79.90346591024587, "SOG": 13.37013328363672, "COG": 255.01067161741253, "heading": 255.01067161741253 }, "geometry": { "type": "Point", "coordinates": [ 79.90346591024587, 12.263086020033866 ] } },
{ "type": "Feature", "properties": { "MMSI": 100000009, "vessel_name": "Synthetic Vessel 10", "vessel_type": null, "timestamp": "2025-01-01T02:48:00Z", "latitude": 12.267035449267251, "longitude": 79.907068725681071, "SOG": 12.527166395576412, "COG": 222.70009615746639, "heading": 222.70009615746639 }, "geometry": { "type": "Point", "coordinates": [ 79.907068725681071, 12.267035449267251 ] } },
{ "type": "Feature", "properties": { "MMSI": 100000009, "vessel_name": "Synthetic Vessel 10", "vessel_type": null, "timestamp": "2025-01-01T02:54:00Z", "latitude": 12.260207551373112, "longitude": 79.914686140865044, "SOG": 5.2924728303455923, "COG": 313.8636699882835, "heading": 313.8636699882835 }, "geometry": { "type": "Point", "coordinates": [ 79.914686140865044, 12.260207551373112 ] } },
{ "type": "Feature", "properties": { "MMSI": 100000010, "vessel_name": "Synthetic Vessel 11", "vessel_type": null, "timestamp": "2025-01-01T00:00:00Z", "latitude": 13.73103587821471, "longitude": 79.533309900072737, "SOG": 13.179670241190619, "COG": 57.873562577390963, "heading": 57.873562577390963 }, "geometry": { "type": "Point", "coordinates": [ 79.533309900072737, 13.73103587821471 ] } },
{ "type": "Feature", "properties": { "MMSI": 100000010, "vessel_name": "Synthetic Vessel 11", "vessel_type": null, "timestamp": "2025-01-01T00:06:00Z", "latitude": 13.737678561773864, "longitude": 79.533459254747953, "SOG": 7.8703813317491278, "COG": 2.2989138180600888, "heading": 2.2989138180600888 }, "geometry": { "type": "Point", "coordinates": [ 79.533459254747953, 13.737678561773864 ] } },
{ "type": "Feature", "properties": { "MMSI": 100000010, "vessel_name": "Synthetic Vessel 11", "vessel_type": null, "timestamp": "2025-01-01T00:12:00Z", "latitude": 13.74001710014138, "longitude": 79.543082978308504, "SOG": 7.5980358106415977, "COG": 227.45286972600061, "heading": 227.45286972600061 }, "geometry": { "type": "Point", "coordinates": [ 79.543082978308504, 13.74001710014138 ] } },
{ "type": "Feature", "properties": { "MMSI": 100000010, "vessel_name": "Synthetic Vessel 11", "vessel_type": null, "timestamp": "2025-01-01T00:18:00Z", "latitude": 13.742697214203371, "longitude": 79.543882685902815, "SOG": 6.0698063882695843, "COG": 280.74434225441172, "heading": 280.74434225441172 }, "geometry": { "type": "Point", "coordinates": [ 79.543882685902815, 13.742697214203371 ] } },
{ "type": "Feature", "properties": { "MMSI": 100000010, "vessel_name": "Synthetic Vessel 11", "vessel_type": null, "timestamp": "2025-01-01T00:24:00Z", "latitude": 13.747917772253412, "longitude": 79.544708017476339, "SOG": 8.4187216603868613, "COG": 346.6771213892381, "heading": 346.6771213892381 }, "geometry": { "type": "Point", "coordinates": [ 79.544708017476339, 13.747917772253412 ] } },
{ "type": "Feature", "properties": { "MMSI": 100000010, "vessel_name": "Synthetic Vessel 11", "vessel_type": null, "timestamp": "2025-01-01T00:30:00Z", "latitude": 13.750570210116091, "longitude": 79.55334857958654, "SOG": 14.372284872364512, "COG": 36.903502076644529, "heading": 36.903502076644529 }, "geometry": { "type": "Point", "coordinates": [ 79.55334857958654, 13.750570210116091 ] } },
{ "type": "Feature", "properties": { "MMSI": 100000010, "vessel_name": "Synthetic Vessel 11", "vessel_type": null, "timestamp": "2025-01-01T00:36:00Z", "latitude": 13.754327924562109, "longitude": 79.544705320768642, "SOG": 12.081720886452816, "COG": 108.34688410085386, "heading": 108.34688410085386 }, "geometry": { "type": "Point", "coordinates": [ 79.544705320768642, 13.754327924562109 ] } },
{ "type": "Feature", "properties": { "MMSI": 100000010, "vessel_name": "Synthetic Vessel 11", "vessel_type": null, "timestamp": "2025-01-01T00:42:00Z", "latitude": 13.745674936591485, "longitude": 79.546348729972166, "SOG": 11.20915517767477, "COG": 124.51790050306442, "heading": 124.51790050306442 }, "geometry": { "type": "Point", "coordinates": [ 79.546348729972166, 13.745674936591485 ] } },
{ "type": "Feature", "properties": { "MMSI": 100000010, "vessel_name": "Synthetic Vessel 11", "vessel_type": null, "timestamp": "2025-01-01T00:48:00Z", "latitude": 13.736589777267731, "longitude": 79.553779466095207, "SOG": 14.688778552856917, "COG": 350.45602890386289, "heading": 350.45602890386289 }, "geometry": { "type": "Point", "coordinates": [ 79.553779466095207, 13.736589777267731 ] } },
{ "type": "Feature", "properties": { "MMSI": 100000010, "vessel_name": "Synthetic Vessel 11", "vessel_type": null, "timestamp": "2025-01-01T00:54:00Z", "latitude": 13.741582813902591, "longitude": 79.546381190897819, "SOG": 5.2458691645880151, "COG": 272.97475053444811, "heading": 272.97475053444811 }, "geometry": { "type": "Point", "coordinates": [ 79.546381190897819, 13.741582813902591 ] } },
{ "type": "Feature", "properties": { "MMSI": 100000010, "vessel_name": "Synthetic Vessel 11", "vessel_type": null, "timestamp": "2025-01-01T01:00:00Z", "latitude": 13.732025284933171, "longitude": 79.542853395280815, "SOG": 12.704074178077931, "COG": 175.91154854567966, "heading": 175.91154854567966 }, "geometry": { "type": "Point", "coordinates": [ 79.542853395280815, 13.732025284933171 ] } },
{ "type": "Feature", "properties": { "MMSI": 100000010, "vessel_name": "Synthetic Vessel 11", "vessel_type": null, "timestamp": "2025-01-01T01:06:00Z", "latitude": 13.7356911924653, "longitude": 79.541771449408344, "SOG": 14.971245001577111, "COG": 98.505599861399716, "heading": 98.505599861399716 }, "geometry": { "type": "Point", "coordinates": [ 79.541771449408344, 13.7356911924653 ] } },
{ "type": "Feature", "properties": { "MMSI": 100000010, "vessel_name": "Synthetic Vessel 11", "vessel_type": null, "timestamp": "2025-01-01T01:12:00Z", "latitude": 13.73421481851002, "longitude": 79.54079918989494, "SOG": 12.948095487499296, "COG": 58.904575629000902, "heading": 58.904575629000902 }, "geometry": { "type": "Point", "coordinates": [ 79.54079918989494, 13.73421481851002 ] } },
{ "type": "Feature", "properties": { "MMSI": 100000010, "vessel_name": "Synthetic Vessel 11", "vessel_type": null, "timestamp": "2025-01-01T01:18:00Z", "latitude": 13.738088463025649, "longitude": 79.535214582150715, "SOG": 11.80499302074713, "COG": 29.657176421703369, "heading": 29.657176421703369 }, "geometry": { "type": "Point", "coordinates": [ 79.535214582150715, 13.738088463025649 ] } },
{ "type": "Feature", "properties": { "MMSI": 100000010, "vessel_name": "Synthetic Vessel 11", "vessel_type": null, "timestamp": "2025-01-01T01:24:00Z", "latitude": 13.741178687311272, "longitude": 79.530679772690675, "SOG": 6.5105789178090028, "COG": 342.31088241014771, "heading": 342.31088241014771 }, "geometry": { "type": "Point", "coordinates": [ 79.530679772690675, 13.741178687311272 ] } },
{ "type": "Feature", "properties": { "MMSI": 100000010, "vessel_name": "Synthetic Vessel 11", "vessel_type": null, "timestamp": "2025-01-01T01:30:00Z", "latitude": 13.739825383332125, "longitude": 79.539552091094023, "SOG": 11.385259476640854, "COG": 151.10183409340402, "heading": 151.10183409340402 }, "geometry": { "type": "Point", "coordinates": [ 79.539552091094023, 13.739825383332125 ] } },
{ "type": "Feature", "properties": { "MMSI": 100000010, "vessel_name": "Synthetic Vessel 11", "vessel_type": null, "timestamp": "2025-01-01T01:36:00Z", "latitude": 13.73777727129138, "longitude": 79.535036395140992, "SOG": 9.0933400631504302, "COG": 354.2319532655381, "heading": 354.2319532655381 }, "geometry": { "type": "Point", "coordinates": [ 79.535036395140992, 13.73777727129138 ] } },
{ "type": "Feature", "properties": { "MMSI": 100000010, "vessel_name": "Synthetic Vessel 11", "vessel_type": null, "timestamp": "2025-01-01T01:42:00Z", "latitude": 13.745659255364965, "longitude": 79.529635487258815, "SOG": 5.3113408288451138, "COG": 76.717693449029994, "heading": 76.717693449029994 }, "geometry": { "type": "Point", "coordinates": [ 79.529635487258815, 13.745659255364965 ] } },
{ "type": "Feature", "properties": { "MMSI": 100000010, "vessel_name": "Synthetic Vessel 11", "vessel_type": null, "timestamp": "2025-01-01T01:48:00Z", "latitude": 13.74869259187248, "longitude": 79.527006014133292, "SOG": 9.7320990669155716, "COG": 311.16896994226931, "heading": 311.16896994226931 }, "geometry": { "type": "Point", "coordinates": [ 79.527006014133292, 13.74869259187248 ] } },
{ "type": "Feature", "properties": { "MMSI": 100000010, "vessel_name": "Synthetic Vessel 11", "vessel_type": null, "timestamp": "2025-01-01T01:54:00Z", "latitude": 13.758056460430774, "longitude": 79.520716524447352, "SOG": 12.765968527917416, "COG": 312.70434046401988, "heading": 312.70434046401988 }, "geometry": { "type": "Point", "coordinates": [ 79.520716524447352, 13.758056460430774 ] } },
{ "type": "Feature", "properties": { "MMSI": 100000010, "vessel_name": "Synthetic Vessel 11", "vessel_type": null, "timestamp": "2025-01-01T02:00:00Z", "latitude": 13.763474897323656, "longitude": 79.527612189009687, "SOG": 11.262203216314154, "COG": 273.96863673947962, "heading": 273.96863673947962 }, "geometry": { "type": "Point", "coordinates": [ 79.527612189009687, 13.763474897323656 ] } },
{ "type": "Feature", "properties": { "MMSI": 100000010, "vessel_name": "Synthetic Vessel 11", "vessel_type": null, "timestamp": "2025-01-01T02:06:00Z", "latitude": 13.756099794877304, "longitude": 79.518262712599508, "SOG": 11.166503145207381, "COG": 331.50522521364729, "heading": 331.50522521364729 }, "geometry": { "type": "Point", "coordinates": [ 79.518262712599508, 13.756099794877304 ] } },
{ "type": "Feature", "properties": { "MMSI": 100000010, "vessel_name": "Synthetic Vessel 11", "vessel_type": null, "timestamp": "2025-01-01T02:12:00Z", "latitude": 13.762030540696829, "longitude": 79.517893159629764, "SOG": 6.2518579220255042, "COG": 42.230948026462009, "heading": 42.230948026462009 }, "geometry": { "type": "Point", "coordinates": [ 79.517893159629764, 13.762030540696829 ] } },
{ "type": "Feature", "properties": { "MMSI": 100000010, "vessel_name": "Synthetic Vessel 11", "vessel_type": null, "timestamp": "2025-01-01T02:18:00Z", "latitude": 13.765741846441406, "longitude": 79.516499277527757, "SOG": 9.9159454674143692, "COG": 72.188901612121214, "heading": 72.188901612121214 }, "geometry": { "type": "Point", "coordinates": [ 79.516499277527757, 13.765741846441406 ] } },
{ "type": "Feature", "properties": { "MMSI": 100000010, "vessel_name": "Synthetic Vessel 11", "vessel_type": null, "timestamp": "2025-01-01T02:24:00Z", "latitude": 13.757026025182908, "longitude": 79.518138705566045, "SOG": 12.975591006371882, "COG": 96.837625596635164, "heading": 96.837625596635164 }, "geometry": { "type": "Point", "coordinates": [ 79.518138705566045, 13.757026025182908 ] } },
{ "type": "Feature", "properties": { "MMSI": 100000010, "vessel_name": "Synthetic Vessel 11", "vessel_type": null, "timestamp": "2025-01-01T02:30:00Z", "latitude": 13.753233264361381, "longitude": 79.517243108547675, "SOG": 5.724468877945589, "COG": 4.1833943669162288, "heading": 4.1833943669162288 }, "geometry": { "type": "Point", "coordinates": [ 79.517243108547675, 13.753233264361381 ] } },
{ "type": "Feature", "properties": { "MMSI": 100000010, "vessel_name": "Synthetic Vessel 11", "vessel_type": null, "timestamp": "2025-01-01T02:36:00Z", "latitude": 13.751083135489512, "longitude": 79.516841885242016, "SOG": 7.9166257870930323, "COG": 216.00739732294929, "heading": 216.00739732294929 }, "geometry": { "type": "Point", "coordinates": [ 79.516841885242016, 13.751083135489512 ] } },
{ "type": "Feature", "properties": { "MMSI": 100000010, "vessel_name": "Synthetic Vessel 11", "vessel_type": null, "timestamp": "2025-01-01T02:42:00Z", "latitude": 13.754982773212044, "longitude": 79.524044333185799, "SOG": 5.3961882534835723, "COG": 280.74635600160593, "heading": 280.74635600160593 }, "geometry": { "type": "Point", "coordinates": [ 79.524044333185799, 13.754982773212044 ] } },
{ "type": "Feature", "properties": { "MMSI": 100000010, "vessel_name": "Synthetic Vessel 11", "vessel_type": null, "timestamp": "2025-01-01T02:48:00Z", "latitude": 13.7545929121572, "longitude": 79.516142936754164, "SOG": 14.866625932671464, "COG": 87.136205710509884, "heading": 87.136205710509884 }, "geometry": { "type": "Point", "coordinates": [ 79.516142936754164, 13.7545929121572 ] } },
{ "type": "Feature", "properties": { "MMSI": 100000010, "vessel_name": "Synthetic Vessel 11", "vessel_type": null, "timestamp": "2025-01-01T02:54:00Z", "latitude": 13.747442823015231, "longitude": 79.51612069982319, "SOG": 12.024649705441041, "COG": 222.53606435452289, "heading": 222.53606435452289 }, "geometry": { "type": "Point", "coordinates": [ 79.51612069982319, 13.747442823015231 ] } },
{ "type": "Feature", "properties": { "MMSI": 100000011, "vessel_name": "Synthetic Vessel 12", "vessel_type": null, "timestamp": "2025-01-01T00:00:00Z", "latitude": 13.198526593138707, "longitude": 79.290595927706065, "SOG": 8.506269312091808, "COG": 31.631939692140008, "heading": 31.631939692140008 }, "geometry": { "type": "Point", "coordinates": [ 79.290595927706065, 13.198526593138707 ] } },
{ "type": "Feature", "properties": { "MMSI": 100000011, "vessel_name": "Synthetic Vessel 12", "vessel_type": null, "timestamp": "2025-01-01T00:06:00Z", "latitude": 13.189190655314537, "longitude": 79.282167497649169, "SOG": 6.3271575404306031, "COG": 142.89237943257459, "heading": 142.89237943257459 }, "geometry": { "type": "Point", "coordinates": [ 79.282167497649169, 13.189190655314537 ] } },
{ "type": "Feature", "properties": { "MMSI": 100000011, "vessel_name": "Synthetic Vessel 12", "vessel_type": null, "timestamp": "2025-01-01T00:12:00Z", "latitude": 13.190541472279769, "longitude": 79.285956797031915, "SOG": 7.0015024424481007, "COG": 288.21121167926981, "heading": 288.21121167926981 }, "geometry": { "type": "Point", "coordinates": [ 79.285956797031915, 13.190541472279769 ] } },
{ "type": "Feature", "properties": { "MMSI": 100000011, "vessel_name": "Synthetic Vessel 12", "vessel_type": null, "timestamp": "2025-01-01T00:18:00Z", "latitude": 13.183891123924949, "longitude": 79.278048153838597, "SOG": 12.064757264869012, "COG": 229.11488983570919, "heading": 229.11488983570919 }, "geometry": { "type": "Point", "coordinates": [ 79.278048153838597, 13.183891123924949 ] } },
{ "type": "Feature", "properties": { "MMSI": 100000011, "vessel_name": "Synthetic Vessel 12", "vessel_type": null, "timestamp": "2025-01-01T00:24:00Z", "latitude": 13.174522846821462, "longitude": 79.286772398763475, "SOG": 10.412963353010705, "COG": 18.709662114530069, "heading": 18.709662114530069 }, "geometry": { "type": "Point", "coordinates": [ 79.286772398763475, 13.174522846821462 ] } },
{ "type": "Feature", "properties": { "MMSI": 100000011, "vessel_name": "Synthetic Vessel 12", "vessel_type": null, "timestamp": "2025-01-01T00:30:00Z", "latitude": 13.17870405721048, "longitude": 79.294191781238396, "SOG": 13.017280830697921, "COG": 257.07129556767399, "heading": 257.07129556767399 }, "geometry": { "type": "Point", "coordinates": [ 79.294191781238396, 13.17870405721048 ] } },
{ "type": "Feature", "properties": { "MMSI": 100000011, "vessel_name": "Synthetic Vessel 12", "vessel_type": null, "timestamp": "2025-01-01T00:36:00Z", "latitude": 13.175493061061337, "longitude": 79.300488283513332, "SOG": 13.948166560605276, "COG": 28.841344698483049, "heading": 28.841344698483049 }, "geometry": { "type": "Point", "coordinates": [ 79.300488283513332, 13.175493061061337 ] } },
{ "type": "Feature", "properties": { "MMSI": 100000011, "vessel_name": "Synthetic Vessel 12", "vessel_type": null, "timestamp": "2025-01-01T00:42:00Z", "latitude": 13.176444908584411, "longitude": 79.306834238912586, "SOG": 11.435776951965249, "COG": 162.83458242658804, "heading": 162.83458242658804 }, "geometry": { "type": "Point", "coordinates": [ 79.306834238912586, 13.176444908584411 ] } },
{ "type": "Feature", "properties": { "MMSI": 100000011, "vessel_name": "Synthetic Vessel 12", "vessel_type": null, "timestamp": "2025-01-01T00:48:00Z", "latitude": 13.176972961803134, "longitude": 79.311466029347699, "SOG": 5.603520839905638, "COG": 29.386793531012248, "heading": 29.386793531012248 }, "geometry": { "type": "Point", "coordinates": [ 79.311466029347699, 13.176972961803134 ] } },
{ "type": "Feature", "properties": { "MMSI": 100000011, "vessel_name": "Synthetic Vessel 12", "vessel_type": null, "timestamp": "2025-01-01T00:54:00Z", "latitude": 13.171915026483337, "longitude": 79.30465692294996, "SOG": 7.1921398735804427, "COG": 313.84208397319259, "heading": 313.84208397319259 }, "geometry": { "type": "Point", "coordinates": [ 79.30465692294996, 13.171915026483337 ] } },
{ "type": "Feature", "properties": { "MMSI": 100000011, "vessel_name": "Synthetic Vessel 12", "vessel_type": null, "timestamp": "2025-01-01T01:00:00Z", "latitude": 13.181432331599719, "longitude": 79.301394838785384, "SOG": 12.89698507142479, "COG": 65.562449647931743, "heading": 65.562449647931743 }, "geometry": { "type": "Point", "coordinates": [ 79.301394838785384, 13.181432331599719 ] } },
{ "type": "Feature", "properties": { "MMSI": 100000011, "vessel_name": "Synthetic Vessel 12", "vessel_type": null, "timestamp": "2025-01-01T01:06:00Z", "latitude": 13.184606487109736, "longitude": 79.301358753114442, "SOG": 12.19201778272264, "COG": 199.93087833754728, "heading": 199.93087833754728 }, "geometry": { "type": "Point", "coordinates": [ 79.301358753114442, 13.184606487109736 ] } },
{ "type": "Feature", "properties": { "MMSI": 100000011, "vessel_name": "Synthetic Vessel 12", "vessel_type": null, "timestamp": "2025-01-01T01:12:00Z", "latitude": 13.179175581936365, "longitude": 79.311285431435579, "SOG": 11.503256863469369, "COG": 350.92553837284191, "heading": 350.92553837284191 }, "geometry": { "type": "Point", "coordinates": [ 79.311285431435579, 13.179175581936365 ] } },
{ "type": "Feature", "properties": { "MMSI": 100000011, "vessel_name": "Synthetic Vessel 12", "vessel_type": null, "timestamp": "2025-01-01T01:18:00Z", "latitude": 13.173166430954948, "longitude": 79.314889996284208, "SOG": 5.3065250220580609, "COG": 25.991427232503305, "heading": 25.991427232503305 }, "geometry": { "type": "Point", "coordinates": [ 79.314889996284208, 13.173166430954948 ] } },
{ "type": "Feature", "properties": { "MMSI": 100000011, "vessel_name": "Synthetic Vessel 12", "vessel_type": null, "timestamp": "2025-01-01T01:24:00Z", "latitude": 13.168320088725171, "longitude": 79.314142455418988, "SOG": 12.271690697663081, "COG": 312.57810194701699, "heading": 312.57810194701699 }, "geometry": { "type": "Point", "coordinates": [ 79.314142455418988, 13.168320088725171 ] } },
{ "type": "Feature", "properties": { "MMSI": 100000011, "vessel_name": "Synthetic Vessel 12", "vessel_type": null, "timestamp": "2025-01-01T01:30:00Z", "latitude": 13.173174219149171, "longitude": 79.312652322107951, "SOG": 8.7103876298460268, "COG": 124.53659731690664, "heading": 124.53659731690664 }, "geometry": { "type": "Point", "coordinates": [ 79.312652322107951, 13.173174219149171 ] } },
{ "type": "Feature", "properties": { "MMSI": 100000011, "vessel_name": "Synthetic Vessel 12", "vessel_type": null, "timestamp": "2025-01-01T01:36:00Z", "latitude": 13.182927210423893, "longitude": 79.303454505936202, "SOG": 10.786754085723937, "COG": 312.13133860408146, "heading": 312.13133860408146 }, "geometry": { "type": "Point", "coordinates": [ 79.303454505936202, 13.182927210423893 ] } },
{ "type": "Feature", "properties": { "MMSI": 100000011, "vessel_name": "Synthetic Vessel 12", "vessel_type": null, "timestamp": "2025-01-01T01:42:00Z", "latitude": 13.181699518807685, "longitude": 79.307959659144501, "SOG": 13.734232380816604, "COG": 175.20081891289303, "heading": 175.20081891289303 }, "geometry": { "type": "Point", "coordinates": [ 79.307959659144501, 13.181699518807685 ] } },
{ "type": "Feature", "properties": { "MMSI": 100000011, "vessel_name": "Synthetic Vessel 12", "vessel_type": null, "timestamp": "2025-01-01T01:48:00Z", "latitude": 13.189713556087909, "longitude": 79.306394077681972, "SOG": 10.923503285933622, "COG": 99.658007004618554, "heading": 99.658007004618554 }, "geometry": { "type": "Point", "coordinates": [ 79.306394077681972, 13.189713556087909 ] } },
{ "type": "Feature", "properties": { "MMSI": 100000011, "vessel_name": "Synthetic Vessel 12", "vessel_type": null, "timestamp": "2025-01-01T01:54:00Z", "latitude": 13.197960823000242, "longitude": 79.300607321462081, "SOG": 11.315602200925206, "COG": 224.26797008285379, "heading": 224.26797008285379 }, "geometry": { "type": "Point", "coordinates": [ 79.300607321462081, 13.197960823000242 ] } },
{ "type": "Feature", "properties": { "MMSI": 100000011, "vessel_name": "Synthetic Vessel 12", "vessel_type": null, "timestamp": "2025-01-01T02:00:00Z", "latitude": 13.202623083448549, "longitude": 79.293238675164631, "SOG": 14.090325206656409, "COG": 257.69698728555187, "heading": 257.69698728555187 }, "geometry": { "type": "Point", "coordinates": [ 79.293238675164631, 13.202623083448549 ] } },
{ "type": "Feature", "properties": { "MMSI": 100000011, "vessel_name": "Synthetic Vessel 12", "vessel_type": null, "timestamp": "2025-01-01T02:06:00Z", "latitude": 13.196216745625954, "longitude": 79.287989541663109, "SOG": 6.8097695270948977, "COG": 349.70223385499025, "heading": 349.70223385499025 }, "geometry": { "type": "Point", "coordinates": [ 79.287989541663109, 13.196216745625954 ] } },
{ "type": "Feature", "properties": { "MMSI": 100000011, "vessel_name": "Synthetic Vessel 12", "vessel_type": null, "timestamp": "2025-01-01T02:12:00Z", "latitude": 13.203304447493345, "longitude": 79.287835098792073, "SOG": 13.707499012725114, "COG": 89.00318678514374, "heading": 89.00318678514374 }, "geometry": { "type": "Point", "coordinates": [ 79.287835098792073, 13.203304447493345 ] } },
{ "type": "Feature", "properties": { "MMSI": 100000011, "vessel_name": "Synthetic Vessel 12", "vessel_type": null, "timestamp": "2025-01-01T02:18:00Z", "latitude": 13.202210552593398, "longitude": 79.288131445870661, "SOG": 10.929508514349276, "COG": 129.32401298391565, "heading": 129.32401298391565 }, "geometry": { "type": "Point", "coordinates": [ 79.288131445870661, 13.202210552593398 ] } },
{ "type": "Feature", "properties": { "MMSI": 100000011, "vessel_name": "Synthetic Vessel 12", "vessel_type": null, "timestamp": "2025-01-01T02:24:00Z", "latitude": 13.195481030045098, "longitude": 79.28595307660369, "SOG": 7.581334327011275, "COG": 348.9884360407035, "heading": 348.9884360407035 }, "geometry": { "type": "Point", "coordinates": [ 79.28595307660369, 13.195481030045098 ] } },
{ "type": "Feature", "properties": { "MMSI": 100000011, "vessel_name": "Synthetic Vessel 12", "vessel_type": null, "timestamp": "2025-01-01T02:30:00Z", "latitude": 13.198615763335924, "longitude": 79.28245687788818, "SOG": 6.3087366071834978, "COG": 278.45032524717624, "heading": 278.45032524717624 }, "geometry": { "type": "Point", "coordinates": [ 79.28245687788818, 13.198615763335924 ] } },
{ "type": "Feature", "properties": { "MMSI": 100000011, "vessel_name": "Synthetic Vessel 12", "vessel_type": null, "timestamp": "2025-01-01T02:36:00Z", "latitude": 13.208012184237496, "longitude": 79.281532668715855, "SOG": 5.7349674733001264, "COG": 84.978166804727024, "heading": 84.978166804727024 }, "geometry": { "type": "Point", "coordinates": [ 79.281532668715855, 13.208012184237496 ] } },
{ "type": "Feature", "properties": { "MMSI": 100000011, "vessel_name": "Synthetic Vessel 12", "vessel_type": null, "timestamp": "2025-01-01T02:42:00Z", "latitude": 13.201407342339245, "longitude": 79.281928147686969, "SOG": 13.288833658826094, "COG": 121.32114351526307, "heading": 121.32114351526307 }, "geometry": { "type": "Point", "coordinates": [ 79.281928147686969, 13.201407342339245 ] } },
{ "type": "Feature", "properties": { "MMSI": 100000011, "vessel_name": "Synthetic Vessel 12", "vessel_type": null, "timestamp": "2025-01-01T02:48:00Z", "latitude": 13.20002509281248, "longitude": 79.276902433138716, "SOG": 12.067772168854455, "COG": 222.17219517745079, "heading": 222.17219517745079 }, "geometry": { "type": "Point", "coordinates": [ 79.276902433138716, 13.20002509281248 ] } },
{ "type": "Feature", "properties": { "MMSI": 100000011, "vessel_name": "Synthetic Vessel 12", "vessel_type": null, "timestamp": "2025-01-01T02:54:00Z", "latitude": 13.193365930970501, "longitude": 79.270254817464476, "SOG": 12.364020150656405, "COG": 13.201713696075467, "heading": 13.201713696075467 }, "geometry": { "type": "Point", "coordinates": [ 79.270254817464476, 13.193365930970501 ] } },
{ "type": "Feature", "properties": { "MMSI": 100000012, "vessel_name": "Synthetic Vessel 13", "vessel_type": null, "timestamp": "2025-01-01T00:00:00Z", "latitude": 13.417192464222994, "longitude": 80.226075154558643, "SOG": 13.682712805132589, "COG": 210.72757118283079, "heading": 210.72757118283079 }, "geometry": { "type": "Point", "coordinates": [ 80.226075154558643, 13.417192464222994 ] } },
{ "type": "Feature", "properties": { "MMSI": 100000012, "vessel_name": "Synthetic Vessel 13", "vessel_type": null, "timestamp": "2025-01-01T00:06:00Z", "latitude": 13.41130928842373, "longitude": 80.218313546946604, "SOG": 5.5708685608931487, "COG": 97.109860146116262, "heading": 97.109860146116262 }, "geometry": { "type": "Point", "coordinates": [ 80.218313546946604, 13.41130928842373 ] } },
{ "type": "Feature", "properties": { "MMSI": 100000012, "vessel_name": "Synthetic Vessel 13", "vessel_type": null, "timestamp": "2025-01-01T00:12:00Z", "latitude": 13.411932678983751, "longitude": 80.227045660792498, "SOG": 6.221099140100268, "COG": 14.163674640663473, "heading": 14.163674640663473 }, "geometry": { "type": "Point", "coordinates": [ 80.227045660792498, 13.411932678983751 ] } },
{ "type": "Feature", "properties": { "MMSI": 100000012, "vessel_name": "Synthetic Vessel 13", "vessel_type": null, "timestamp": "2025-01-01T00:18:00Z", "latitude": 13.410976659549419, "longitude": 80.235723161143056, "SOG": 10.072348086883924, "COG": 113.8161977916302, "heading": 113.8161977916302 }, "geometry": { "type": "Point", "coordinates": [ 80.235723161143056, 13.410976659549419 ] } },
{ "type": "Feature", "properties": { "MMSI": 100000012, "vessel_name": "Synthetic Vessel 13", "vessel_type": null, "timestamp": "2025-01-01T00:24:00Z", "latitude": 13.401808116730429, "longitude": 80.228690025162294, "SOG": 14.651186964360456, "COG": 355.1868442651849, "heading": 355.1868442651849 }, "geometry": { "type": "Point", "coordinates": [ 80.228690025162294, 13.401808116730429 ] } },
{ "type": "Feature", "properties": { "MMSI": 100000012, "vessel_name": "Synthetic Vessel 13", "vessel_type": null, "timestamp": "2025-01-01T00:30:00Z", "latitude": 13.391906916349114, "longitude": 80.237726260870758, "SOG": 13.679182945200219, "COG": 230.08317761358009, "heading": 230.08317761358009 }, "geometry": { "type": "Point", "coordinates": [ 80.237726260870758, 13.391906916349114 ] } },
{ "type": "Feature", "properties": { "MMSI": 100000012, "vessel_name": "Synthetic Vessel 13", "vessel_type": null, "timestamp": "2025-01-01T00:36:00Z", "latitude": 13.391001713461792, "longitude": 80.238038181442349, "SOG": 11.668642575461044, "COG": 175.98476889249127, "heading": 175.98476889249127 }, "geometry": { "type": "Point", "coordinates": [ 80.238038181442349, 13.391001713461792 ] } },
{ "type": "Feature", "properties": { "MMSI": 100000012, "vessel_name": "Synthetic Vessel 13", "vessel_type": null, "timestamp": "2025-01-01T00:42:00Z", "latitude": 13.38379473855692, "longitude": 80.228637653239801, "SOG": 12.046807627366467, "COG": 110.85477897282873, "heading": 110.85477897282873 }, "geometry": { "type": "Point", "coordinates": [ 80.228637653239801, 13.38379473855692 ] } },
{ "type": "Feature", "properties": { "MMSI": 100000012, "vessel_name": "Synthetic Vessel 13", "vessel_type": null, "timestamp": "2025-01-01T00:48:00Z", "latitude": 13.377831807599378, "longitude": 80.232106301906299, "SOG": 5.9390071578941841, "COG": 349.16833659861737, "heading": 349.16833659861737 }, "geometry": { "type": "Point", "coordinates": [ 80.232106301906299, 13.377831807599378 ] } },
{ "type": "Feature", "properties": { "MMSI": 100000012, "vessel_name": "Synthetic Vessel 13", "vessel_type": null, "timestamp": "2025-01-01T00:54:00Z", "latitude": 13.38128384996388, "longitude": 80.230981306292392, "SOG": 6.7714978944738586, "COG": 312.53121157590192, "heading": 312.53121157590192 }, "geometry": { "type": "Point", "coordinates": [ 80.230981306292392, 13.38128384996388 ] } },
{ "type": "Feature", "properties": { "MMSI": 100000012, "vessel_name": "Synthetic Vessel 13", "vessel_type": null, "timestamp": "2025-01-01T01:00:00Z", "latitude": 13.385136369008404, "longitude": 80.237743612085353, "SOG": 11.83248028289646, "COG": 340.06111901064838, "heading": 340.06111901064838 }, "geometry": { "type": "Point", "coordinates": [ 80.237743612085353, 13.385136369008404 ] } },
{ "type": "Feature", "properties": { "MMSI": 100000012, "vessel_name": "Synthetic Vessel 13", "vessel_type": null, "timestamp": "2025-01-01T01:06:00Z", "latitude": 13.385079864288572, "longitude": 80.240100556889374, "SOG": 10.706097466388297, "COG": 312.80579441233857, "heading": 312.80579441233857 }, "geometry": { "type": "Point", "coordinates": [ 80.240100556889374, 13.385079864288572 ] } },
{ "type": "Feature", "properties": { "MMSI": 100000012, "vessel_name": "Synthetic Vessel 13", "vessel_type": null, "timestamp": "2025-01-01T01:12:00Z", "latitude": 13.37568760548251, "longitude": 80.248719530799519, "SOG": 11.765133857772463, "COG": 248.22963037136199, "heading": 248.22963037136199 }, "geometry": { "type": "Point", "coordinates": [ 80.248719530799519, 13.37568760548251 ] } },
{ "type": "Feature", "properties": { "MMSI": 100000012, "vessel_name": "Synthetic Vessel 13", "vessel_type": null, "timestamp": "2025-01-01T01:18:00Z", "latitude": 13.370001108530465, "longitude": 80.251897240204173, "SOG": 11.512329770414921, "COG": 141.79118603549705, "heading": 141.79118603549705 }, "geometry": { "type": "Point", "coordinates": [ 80.251897240204173, 13.370001108530465 ] } },
{ "type": "Feature", "properties": { "MMSI": 100000012, "vessel_name": "Synthetic Vessel 13", "vessel_type": null, "timestamp": "2025-01-01T01:24:00Z", "latitude": 13.362132969136622, "longitude": 80.255054146296231, "SOG": 5.4821203886055603, "COG": 359.78894127744002, "heading": 359.78894127744002 }, "geometry": { "type": "Point", "coordinates": [ 80.255054146296231, 13.362132969136622 ] } },
{ "type": "Feature", "properties": { "MMSI": 100000012, "vessel_name": "Synthetic Vessel 13", "vessel_type": null, "timestamp": "2025-01-01T01:30:00Z", "latitude": 13.371676452821047, "longitude": 80.253192305510694, "SOG": 12.823854840582737, "COG": 313.4712421214133, "heading": 313.4712421214133 }, "geometry": { "type": "Point", "coordinates": [ 80.253192305510694, 13.371676452821047 ] } },
{ "type": "Feature", "properties": { "MMSI": 100000012, "vessel_name": "Synthetic Vessel 13", "vessel_type": null, "timestamp": "2025-01-01T01:36:00Z", "latitude": 13.373016778040782, "longitude": 80.257961289695714, "SOG": 9.0414032165103286, "COG": 316.26560206848524, "heading": 316.26560206848524 }, "geometry": { "type": "Point", "coordinates": [ 80.257961289695714, 13.373016778040782 ] } },
{ "type": "Feature", "properties": { "MMSI": 100000012, "vessel_name": "Synthetic Vessel 13", "vessel_type": null, "timestamp": "2025-01-01T01:42:00Z", "latitude": 13.369557441272049, "longitude": 80.261313157406988, "SOG": 12.622851347766158, "COG": 290.82453909885311, "heading": 290.82453909885311 }, "geometry": { "type": "Point", "coordinates": [ 80.261313157406988, 13.369557441272049 ] } },
{ "type": "Feature", "properties": { "MMSI": 100000012, "vessel_name": "Synthetic Vessel 13", "vessel_type": null, "timestamp": "2025-01-01T01:48:00Z", "latitude": 13.37551371424922, "longitude": 80.260024823703247, "SOG": 6.2020905537060846, "COG": 294.42031782300779, "heading": 294.42031782300779 }, "geometry": { "type": "Point", "coordinates": [ 80.260024823703247, 13.37551371424922 ] } },
{ "type": "Feature", "properties": { "MMSI": 100000012, "vessel_name": "Synthetic Vessel 13", "vessel_type": null, "timestamp": "2025-01-01T01:54:00Z", "latitude": 13.376403496208436, "longitude": 80.250139996913205, "SOG": 8.6646153487139799, "COG": 116.85089876409732, "heading": 116.85089876409732 }, "geometry": { "type": "Point", "coordinates": [ 80.250139996913205, 13.376403496208436 ] } },
{ "type": "Feature", "properties": { "MMSI": 100000012, "vessel_name": "Synthetic Vessel 13", "vessel_type": null, "timestamp": "2025-01-01T02:00:00Z", "latitude": 13.37432695004062, "longitude": 80.254049341047008, "SOG": 9.4869362262253087, "COG": 139.88091645732447, "heading": 139.88091645732447 }, "geometry": { "type": "Point", "coordinates": [ 80.254049341047008, 13.37432695004062 ] } },
{ "type": "Feature", "properties": { "MMSI": 100000012, "vessel_name": "Synthetic Vessel 13", "vessel_type": null, "timestamp": "2025-01-01T02:06:00Z", "latitude": 13.369077832658109, "longitude": 80.251514376879598, "SOG": 5.7319592376844364, "COG": 81.817065814734534, "heading": 81.817065814734534 }, "geometry": { "type": "Point", "coordinates": [ 80.251514376879598, 13.369077832658109 ] } },
{ "type": "Feature", "properties": { "MMSI": 100000012, "vessel_name": "Synthetic Vessel 13", "vessel_type": null, "timestamp": "2025-01-01T02:12:00Z", "latitude": 13.371146804525734, "longitude": 80.254878632850705, "SOG": 9.6349404380057244, "COG": 223.01652456346119, "heading": 223.01652456346119 }, "geometry": { "type": "Point", "coordinates": [ 80.254878632850705, 13.371146804525734 ] } },
{ "type": "Feature", "properties": { "MMSI": 100000012, "vessel_name": "Synthetic Vessel 13", "vessel_type": null, "timestamp": "2025-01-01T02:18:00Z", "latitude": 13.368742520129318, "longitude": 80.262145305842139, "SOG": 9.7918187762973101, "COG": 186.86944264903849, "heading": 186.86944264903849 }, "geometry": { "type": "Point", "coordinates": [ 80.262145305842139, 13.368742520129318 ] } },
{ "type": "Feature", "properties": { "MMSI": 100000012, "vessel_name": "Synthetic Vessel 13", "vessel_type": null, "timestamp": "2025-01-01T02:24:00Z", "latitude": 13.359255361445449, "longitude": 80.258970262394669, "SOG": 8.988227808969004, "COG": 136.87042276290853, "heading": 136.87042276290853 }, "geometry": { "type": "Point", "coordinates": [ 80.258970262394669, 13.359255361445449 ] } },
{ "type": "Feature", "properties": { "MMSI": 100000012, "vessel_name": "Synthetic Vessel 13", "vessel_type": null, "timestamp": "2025-01-01T02:30:00Z", "latitude": 13.360858808829994, "longitude": 80.259642313329209, "SOG": 12.648832615421282, "COG": 218.84583340564009, "heading": 218.84583340564009 }, "geometry": { "type": "Point", "coordinates": [ 80.259642313329209, 13.360858808829994 ] } },
{ "type": "Feature", "properties": { "MMSI": 100000012, "vessel_name": "Synthetic Vessel 13", "vessel_type": null, "timestamp": "2025-01-01T02:36:00Z", "latitude": 13.367118523604317, "longitude": 80.264004774853746, "SOG": 5.1823258267636163, "COG": 343.98853054377651, "heading": 343.98853054377651 }, "geometry": { "type": "Point", "coordinates": [ 80.264004774853746, 13.367118523604317 ] } },
{ "type": "Feature", "properties": { "MMSI": 100000012, "vessel_name": "Synthetic Vessel 13", "vessel_type": null, "timestamp": "2025-01-01T02:42:00Z", "latitude": 13.361034083317984, "longitude": 80.254156032353308, "SOG": 13.98030548949987, "COG": 233.09089709565708, "heading": 233.09089709565708 }, "geometry": { "type": "Point", "coordinates": [ 80.254156032353308, 13.361034083317984 ] } },
{ "type": "Feature", "properties": { "MMSI": 100000012, "vessel_name": "Synthetic Vessel 13", "vessel_type": null, "timestamp": "2025-01-01T02:48:00Z", "latitude": 13.355903729249512, "longitude": 80.262696723249235, "SOG": 14.344360268055144, "COG": 21.696260504241906, "heading": 21.696260504241906 }, "geometry": { "type": "Point", "coordinates": [ 80.262696723249235, 13.355903729249512 ] } },
{ "type": "Feature", "properties": { "MMSI": 100000012, "vessel_name": "Synthetic Vessel 13", "vessel_type": null, "timestamp": "2025-01-01T02:54:00Z", "latitude": 13.352936182994304, "longitude": 80.25472513981822, "SOG": 7.5677656772050792, "COG": 174.91383330707723, "heading": 174.91383330707723 }, "geometry": { "type": "Point", "coordinates": [ 80.25472513981822, 13.352936182994304 ] } },
{ "type": "Feature", "properties": { "MMSI": 100000013, "vessel_name": "Synthetic Vessel 14", "vessel_type": null, "timestamp": "2025-01-01T00:00:00Z", "latitude": 12.6585063218805, "longitude": 79.886063155386083, "SOG": 11.103337833109183, "COG": 112.07077169616132, "heading": 112.07077169616132 }, "geometry": { "type": "Point", "coordinates": [ 79.886063155386083, 12.6585063218805 ] } },
{ "type": "Feature", "properties": { "MMSI": 100000013, "vessel_name": "Synthetic Vessel 14", "vessel_type": null, "timestamp": "2025-01-01T00:06:00Z", "latitude": 12.662829335364965, "longitude": 79.88151563540076, "SOG": 6.2188609333694753, "COG": 148.87767654912653, "heading": 148.87767654912653 }, "geometry": { "type": "Point", "coordinates": [ 79.88151563540076, 12.662829335364965 ] } },
{ "type": "Feature", "properties": { "MMSI": 100000013, "vessel_name": "Synthetic Vessel 14", "vessel_type": null, "timestamp": "2025-01-01T00:12:00Z", "latitude": 12.656452322355658, "longitude": 79.885137992480054, "SOG": 10.251633836670599, "COG": 65.3178051704257, "heading": 65.3178051704257 }, "geometry": { "type": "Point", "coordinates": [ 79.885137992480054, 12.656452322355658 ] } },
{ "type": "Feature", "properties": { "MMSI": 100000013, "vessel_name": "Synthetic Vessel 14", "vessel_type": null, "timestamp": "2025-01-01T00:18:00Z", "latitude": 12.660633247590107, "longitude": 79.877275530941944, "SOG": 7.5656278370136381, "COG": 204.23239906640529, "heading": 204.23239906640529 }, "geometry": { "type": "Point", "coordinates": [ 79.877275530941944, 12.660633247590107 ] } },
{ "type": "Feature", "properties": { "MMSI": 100000013, "vessel_name": "Synthetic Vessel 14", "vessel_type": null, "timestamp": "2025-01-01T00:24:00Z", "latitude": 12.669891785094858, "longitude": 79.876946443876349, "SOG": 10.502265421562615, "COG": 290.15731791905694, "heading": 290.15731791905694 }, "geometry": { "type": "Point", "coordinates": [ 79.876946443876349, 12.669891785094858 ] } },
{ "type": "Feature", "properties": { "MMSI": 100000013, "vessel_name": "Synthetic Vessel 14", "vessel_type": null, "timestamp": "2025-01-01T00:30:00Z", "latitude": 12.660760035751954, "longitude": 79.879609471388235, "SOG": 11.016118201463312, "COG": 342.50520319439653, "heading": 342.50520319439653 }, "geometry": { "type": "Point", "coordinates": [ 79.879609471388235, 12.660760035751954 ] } },
{ "type": "Feature", "properties": { "MMSI": 100000013, "vessel_name": "Synthetic Vessel 14", "vessel_type": null, "timestamp": "2025-01-01T00:36:00Z", "latitude": 12.667143812940489, "longitude": 79.887293600655198, "SOG": 7.1204483990822665, "COG": 82.108717901615691, "heading": 82.108717901615691 }, "geometry": { "type": "Point", "coordinates": [ 79.887293600655198, 12.667143812940489 ] } },
{ "type": "Feature", "properties": { "MMSI": 100000013, "vessel_name": "Synthetic Vessel 14", "vessel_type": null, "timestamp": "2025-01-01T00:42:00Z", "latitude": 12.669363432717509, "longitude": 79.885514170051337, "SOG": 14.000231233980111, "COG": 302.35006903201929, "heading": 302.35006903201929 }, "geometry": { "type": "Point", "coordinates": [ 79.885514170051337, 12.669363432717509 ] } },
{ "type": "Feature", "properties": { "MMSI": 100000013, "vessel_name": "Synthetic Vessel 14", "vessel_type": null, "timestamp": "2025-01-01T00:48:00Z", "latitude": 12.666431860303565, "longitude": 79.880251581230823, "SOG": 7.7480603554813596, "COG": 280.98918548779028, "heading": 280.98918548779028 }, "geometry": { "type": "Point", "coordinates": [ 79.880251581230823, 12.666431860303565 ] } },
{ "type": "Feature", "properties": { "MMSI": 100000013, "vessel_name": "Synthetic Vessel 14", "vessel_type": null, "timestamp": "2025-01-01T00:54:00Z", "latitude": 12.672884146673836, "longitude": 79.878726346303793, "SOG": 5.9553531383466822, "COG": 240.31796374492936, "heading": 240.31796374492936 }, "geometry": { "type": "Point", "coordinates": [ 79.878726346303793, 12.672884146673836 ] } },
{ "type": "Feature", "properties": { "MMSI": 100000013, "vessel_name": "Synthetic Vessel 14", "vessel_type": null, "timestamp": "2025-01-01T01:00:00Z", "latitude": 12.675361333167366, "longitude": 79.877761699878533, "SOG": 6.6801420774486342, "COG": 211.17904674317069, "heading": 211.17904674317069 }, "geometry": { "type": "Point", "coordinates": [ 79.877761699878533, 12.675361333167366 ] } },
{ "type": "Feature", "properties": { "MMSI": 100000013, "vessel_name": "Synthetic Vessel 14", "vessel_type": null, "timestamp": "2025-01-01T01:06:00Z", "latitude": 12.68009880806625, "longitude": 79.8850176414294, "SOG": 5.9571455552016168, "COG": 78.026328032679231, "heading": 78.026328032679231 }, "geometry": { "type": "Point", "coordinates": [ 79.8850176414294, 12.68009880806625 ] } },
{ "type": "Feature", "properties": { "MMSI": 100000013, "vessel_name": "Synthetic Vessel 14", "vessel_type": null, "timestamp": "2025-01-01T01:12:00Z", "latitude": 12.670571579787175, "longitude": 79.887857071438262, "SOG": 10.4669741271407, "COG": 218.55385299196109, "heading": 218.55385299196109 }, "geometry": { "type": "Point", "coordinates": [ 79.887857071438262, 12.670571579787175 ] } },
{ "type": "Feature", "properties": { "MMSI": 100000013, "vessel_name": "Synthetic Vessel 14", "vessel_type": null, "timestamp": "2025-01-01T01:18:00Z", "latitude": 12.665210521709495, "longitude": 79.88567519135637, "SOG": 9.9676685885916942, "COG": 214.01148066702228, "heading": 214.01148066702228 }, "geometry": { "type": "Point", "coordinates": [ 79.88567519135637, 12.665210521709495 ] } },
{ "type": "Feature", "properties": { "MMSI": 100000013, "vessel_name": "Synthetic Vessel 14", "vessel_type": null, "timestamp": "2025-01-01T01:24:00Z", "latitude": 12.674966232113793, "longitude": 79.878403986407505, "SOG": 9.0431876810429195, "COG": 250.25203945713372, "heading": 250.25203945713372 }, "geometry": { "type": "Point", "coordinates": [ 79.878403986407505, 12.674966232113793 ] } },
{ "type": "Feature", "properties": { "MMSI": 100000013, "vessel_name": "Synthetic Vessel 14", "vessel_type": null, "timestamp": "2025-01-01T01:30:00Z", "latitude": 12.673530224412303, "longitude": 79.882755941720674, "SOG": 14.912559937021882, "COG": 249.27701447677308, "heading": 249.27701447677308 }, "geometry": { "type": "Point", "coordinates": [ 79.882755941720674, 12.673530224412303 ] } },
{ "type": "Feature", "properties": { "MMSI": 100000013, "vessel_name": "Synthetic Vessel 14", "vessel_type": null, "timestamp": "2025-01-01T01:36:00Z", "latitude": 12.666098110201387, "longitude": 79.874838134708355, "SOG": 10.78386917006409, "COG": 260.76197416634682, "heading": 260.76197416634682 }, "geometry": { "type": "Point", "coordinates": [ 79.874838134708355, 12.666098110201387 ] } },
{ "type": "Feature", "properties": { "MMSI": 100000013, "vessel_name": "Synthetic Vessel 14", "vessel_type": null, "timestamp": "2025-01-01T01:42:00Z", "latitude": 12.661581323532584, "longitude": 79.866426522088133, "SOG": 13.941908746641182, "COG": 30.836969854715001, "heading": 30.836969854715001 }, "geometry": { "type": "Point", "coordinates": [ 79.866426522088133, 12.661581323532584 ] } },
{ "type": "Feature", "properties": { "MMSI": 100000013, "vessel_name": "Synthetic Vessel 14", "vessel_type": null, "timestamp": "2025-01-01T01:48:00Z", "latitude": 12.655418670026959, "longitude": 79.862893953330442, "SOG": 8.5499630583193742, "COG": 81.596304801715689, "heading": 81.596304801715689 }, "geometry": { "type": "Point", "coordinates": [ 79.862893953330442, 12.655418670026959 ] } },
{ "type": "Feature", "properties": { "MMSI": 100000013, "vessel_name": "Synthetic Vessel 14", "vessel_type": null, "timestamp": "2025-01-01T01:54:00Z", "latitude": 12.646807146881882, "longitude": 79.863275149148606, "SOG": 13.003565078223616, "COG": 24.340522893197367, "heading": 24.340522893197367 }, "geometry": { "type": "Point", "coordinates": [ 79.863275149148606, 12.646807146881882 ] } },
{ "type": "Feature", "properties": { "MMSI": 100000013, "vessel_name": "Synthetic Vessel 14", "vessel_type": null, "timestamp": "2025-01-01T02:00:00Z", "latitude": 12.64148138852009, "longitude": 79.864075387440693, "SOG": 11.508773690471941, "COG": 316.82847152212497, "heading": 316.82847152212497 }, "geometry": { "type": "Point", "coordinates": [ 79.864075387440693, 12.64148138852009 ] } },
{ "type": "Feature", "properties": { "MMSI": 100000013, "vessel_name": "Synthetic Vessel 14", "vessel_type": null, "timestamp": "2025-01-01T02:06:00Z", "latitude": 12.642140544251117, "longitude": 79.860562062503007, "SOG": 11.694869551981901, "COG": 119.88068870095124, "heading": 119.88068870095124 }, "geometry": { "type": "Point", "coordinates": [ 79.860562062503007, 12.642140544251117 ] } },
{ "type": "Feature", "properties": { "MMSI": 100000013, "vessel_name": "Synthetic Vessel 14", "vessel_type": null, "timestamp": "2025-01-01T02:12:00Z", "latitude": 12.65202333147554, "longitude": 79.8637988463, "SOG": 12.30650510239246, "COG": 200.80203025320893, "heading": 200.80203025320893 }, "geometry": { "type": "Point", "coordinates": [ 79.8637988463, 12.65202333147554 ] } },
{ "type": "Feature", "properties": { "MMSI": 100000013, "vessel_name": "Synthetic Vessel 14", "vessel_type": null, "timestamp": "2025-01-01T02:18:00Z", "latitude": 12.651327443721216, "longitude": 79.855001693152019, "SOG": 14.5762528450538, "COG": 202.42685371604759, "heading": 202.42685371604759 }, "geometry": { "type": "Point", "coordinates": [ 79.855001693152019, 12.651327443721216 ] } },
{ "type": "Feature", "properties": { "MMSI": 100000013, "vessel_name": "Synthetic Vessel 14", "vessel_type": null, "timestamp": "2025-01-01T02:24:00Z", "latitude": 12.644833502568368, "longitude": 79.858801790968428, "SOG": 10.358276844730812, "COG": 72.336127917260328, "heading": 72.336127917260328 }, "geometry": { "type": "Point", "coordinates": [ 79.858801790968428, 12.644833502568368 ] } },
{ "type": "Feature", "properties": { "MMSI": 100000013, "vessel_name": "Synthetic Vessel 14", "vessel_type": null, "timestamp": "2025-01-01T02:30:00Z", "latitude": 12.636767031561302, "longitude": 79.857809209693599, "SOG": 8.4757152423898212, "COG": 272.2187984022886, "heading": 272.2187984022886 }, "geometry": { "type": "Point", "coordinates": [ 79.857809209693599, 12.636767031561302 ] } },
{ "type": "Feature", "properties": { "MMSI": 100000013, "vessel_name": "Synthetic Vessel 14", "vessel_type": null, "timestamp": "2025-01-01T02:36:00Z", "latitude": 12.640065266051046, "longitude": 79.86371820890939, "SOG": 7.3464208185545354, "COG": 333.78401501260294, "heading": 333.78401501260294 }, "geometry": { "type": "Point", "coordinates": [ 79.86371820890939, 12.640065266051046 ] } },
{ "type": "Feature", "properties": { "MMSI": 100000013, "vessel_name": "Synthetic Vessel 14", "vessel_type": null, "timestamp": "2025-01-01T02:42:00Z", "latitude": 12.638051584367233, "longitude": 79.856766529175999, "SOG": 14.270009679242952, "COG": 357.29406077701509, "heading": 357.29406077701509 }, "geometry": { "type": "Point", "coordinates": [ 79.856766529175999, 12.638051584367233 ] } },
{ "type": "Feature", "properties": { "MMSI": 100000013, "vessel_name": "Synthetic Vessel 14", "vessel_type": null, "timestamp": "2025-01-01T02:48:00Z", "latitude": 12.638850726972844, "longitude": 79.863607195063523, "SOG": 11.235856880027598, "COG": 187.54487181793519, "heading": 187.54487181793519 }, "geometry": { "type": "Point", "coordinates": [ 79.863607195063523, 12.638850726972844 ] } },
{ "type": "Feature", "properties": { "MMSI": 100000013, "vessel_name": "Synthetic Vessel 14", "vessel_type": null, "timestamp": "2025-01-01T02:54:00Z", "latitude": 12.630633215615164, "longitude": 79.868712603473455, "SOG": 13.260676302525283, "COG": 45.976854108684535, "heading": 45.976854108684535 }, "geometry": { "type": "Point", "coordinates": [ 79.868712603473455, 12.630633215615164 ] } },
{ "type": "Feature", "properties": { "MMSI": 100000014, "vessel_name": "Synthetic Vessel 15", "vessel_type": null, "timestamp": "2025-01-01T00:00:00Z", "latitude": 13.637479382951268, "longitude": 80.684251962604876, "SOG": 8.6013640747151907, "COG": 94.720525167903446, "heading": 94.720525167903446 }, "geometry": { "type": "Point", "coordinates": [ 80.684251962604876, 13.637479382951268 ] } },
{ "type": "Feature", "properties": { "MMSI": 100000014, "vessel_name": "Synthetic Vessel 15", "vessel_type": null, "timestamp": "2025-01-01T00:06:00Z", "latitude": 13.629232237886544, "longitude": 80.692991119065496, "SOG": 8.0552431065802352, "COG": 199.36880665645543, "heading": 199.36880665645543 }, "geometry": { "type": "Point", "coordinates": [ 80.692991119065496, 13.629232237886544 ] } },
{ "type": "Feature", "properties": { "MMSI": 100000014, "vessel_name": "Synthetic Vessel 15", "vessel_type": null, "timestamp": "2025-01-01T00:12:00Z", "latitude": 13.627171868228031, "longitude": 80.691935169875592, "SOG": 10.156794276964977, "COG": 216.21396000982224, "heading": 216.21396000982224 }, "geometry": { "type": "Point", "coordinates": [ 80.691935169875592, 13.627171868228031 ] } },
{ "type": "Feature", "properties": { "MMSI": 100000014, "vessel_name": "Synthetic Vessel 15", "vessel_type": null, "timestamp": "2025-01-01T00:18:00Z", "latitude": 13.63555970769232, "longitude": 80.691874439533706, "SOG": 13.514249577450958, "COG": 357.17688533639256, "heading": 357.17688533639256 }, "geometry": { "type": "Point", "coordinates": [ 80.691874439533706, 13.63555970769232 ] } },
{ "type": "Feature", "properties": { "MMSI": 100000014, "vessel_name": "Synthetic Vessel 15", "vessel_type": null, "timestamp": "2025-01-01T00:24:00Z", "latitude": 13.629729917979466, "longitude": 80.700486343826583, "SOG": 13.174497084911916, "COG": 41.891903238771391, "heading": 41.891903238771391 }, "geometry": { "type": "Point", "coordinates": [ 80.700486343826583, 13.629729917979466 ] } },
{ "type": "Feature", "properties": { "MMSI": 100000014, "vessel_name": "Synthetic Vessel 15", "vessel_type": null, "timestamp": "2025-01-01T00:30:00Z", "latitude": 13.627342383848998, "longitude": 80.708045830235491, "SOG": 13.059254001176212, "COG": 312.50040843868214, "heading": 312.50040843868214 }, "geometry": { "type": "Point", "coordinates": [ 80.708045830235491, 13.627342383848998 ] } },
{ "type": "Feature", "properties": { "MMSI": 100000014, "vessel_name": "Synthetic Vessel 15", "vessel_type": null, "timestamp": "2025-01-01T00:36:00Z", "latitude": 13.633142992575138, "longitude": 80.704139413017458, "SOG": 9.0298017876516141, "COG": 29.130941898450786, "heading": 29.130941898450786 }, "geometry": { "type": "Point", "coordinates": [ 80.704139413017458, 13.633142992575138 ] } },
{ "type": "Feature", "properties": { "MMSI": 100000014, "vessel_name": "Synthetic Vessel 15", "vessel_type": null, "timestamp": "2025-01-01T00:42:00Z", "latitude": 13.626613482874868, "longitude": 80.708038434795512, "SOG": 14.756102008599148, "COG": 124.5959015536028, "heading": 124.5959015536028 }, "geometry": { "type": "Point", "coordinates": [ 80.708038434795512, 13.626613482874868 ] } },
{ "type": "Feature", "properties": { "MMSI": 100000014, "vessel_name": "Synthetic Vessel 15", "vessel_type": null, "timestamp": "2025-01-01T00:48:00Z", "latitude": 13.629432924421774, "longitude": 80.714488046068197, "SOG": 13.620144822726225, "COG": 47.708882187065441, "heading": 47.708882187065441 }, "geometry": { "type": "Point", "coordinates": [ 80.714488046068197, 13.629432924421774 ] } },
{ "type": "Feature", "properties": { "MMSI": 100000014, "vessel_name": "Synthetic Vessel 15", "vessel_type": null, "timestamp": "2025-01-01T00:54:00Z", "latitude": 13.637888068232042, "longitude": 80.714229284444571, "SOG": 12.648098009029956, "COG": 218.25105759035188, "heading": 218.25105759035188 }, "geometry": { "type": "Point", "coordinates": [ 80.714229284444571, 13.637888068232042 ] } },
{ "type": "Feature", "properties": { "MMSI": 100000014, "vessel_name": "Synthetic Vessel 15", "vessel_type": null, "timestamp": "2025-01-01T01:00:00Z", "latitude": 13.631384840777253, "longitude": 80.71428060597384, "SOG": 6.4637399216224907, "COG": 143.51868999803273, "heading": 143.51868999803273 }, "geometry": { "type": "Point", "coordinates": [ 80.71428060597384, 13.631384840777253 ] } },
{ "type": "Feature", "properties": { "MMSI": 100000014, "vessel_name": "Synthetic Vessel 15", "vessel_type": null, "timestamp": "2025-01-01T01:06:00Z", "latitude": 13.628735529223082, "longitude": 80.705644052161546, "SOG": 6.3516628915482274, "COG": 9.2922865018153153, "heading": 9.2922865018153153 }, "geometry": { "type": "Point", "coordinates": [ 80.705644052161546, 13.628735529223082 ] } },
{ "type": "Feature", "properties": { "MMSI": 100000014, "vessel_name": "Synthetic Vessel 15", "vessel_type": null, "timestamp": "2025-01-01T01:12:00Z", "latitude": 13.637997831454866, "longitude": 80.70663464287945, "SOG": 9.3249787833013205, "COG": 347.6959780151592, "heading": 347.6959780151592 }, "geometry": { "type": "Point", "coordinates": [ 80.70663464287945, 13.637997831454866 ] } },
{ "type": "Feature", "properties": { "MMSI": 100000014, "vessel_name": "Synthetic Vessel 15", "vessel_type": null, "timestamp": "2025-01-01T01:18:00Z", "latitude": 13.634234154116571, "longitude": 80.706757480136261, "SOG": 6.0566468426174396, "COG": 158.22420790784764, "heading": 158.22420790784764 }, "geometry": { "type": "Point", "coordinates": [ 80.706757480136261, 13.634234154116571 ] } },
{ "type": "Feature", "properties": { "MMSI": 100000014, "vessel_name": "Synthetic Vessel 15", "vessel_type": null, "timestamp": "2025-01-01T01:24:00Z", "latitude": 13.637050680410375, "longitude": 80.701078243786455, "SOG": 11.502010923981532, "COG": 223.05166376321864, "heading": 223.05166376321864 }, "geometry": { "type": "Point", "coordinates": [ 80.701078243786455, 13.637050680410375 ] } },
{ "type": "Feature", "properties": { "MMSI": 100000014, "vessel_name": "Synthetic Vessel 15", "vessel_type": null, "timestamp": "2025-01-01T01:30:00Z", "latitude": 13.630091177472949, "longitude": 80.692305236328664, "SOG": 9.5980042376932015, "COG": 281.07417098463839, "heading": 281.07417098463839 }, "geometry": { "type": "Point", "coordinates": [ 80.692305236328664, 13.630091177472949 ] } },
{ "type": "Feature", "properties": { "MMSI": 100000014, "vessel_name": "Synthetic Vessel 15", "vessel_type": null, "timestamp": "2025-01-01T01:36:00Z", "latitude": 13.621254453383058, "longitude": 80.702202562672056, "SOG": 11.950352288585531, "COG": 20.801001958691991, "heading": 20.801001958691991 }, "geometry": { "type": "Point", "coordinates": [ 80.702202562672056, 13.621254453383058 ] } },
{ "type": "Feature", "properties": { "MMSI": 100000014, "vessel_name": "Synthetic Vessel 15", "vessel_type": null, "timestamp": "2025-01-01T01:42:00Z", "latitude": 13.630928031888326, "longitude": 80.696986164756382, "SOG": 6.2138493942242885, "COG": 51.209772727390622, "heading": 51.209772727390622 }, "geometry": { "type": "Point", "coordinates": [ 80.696986164756382, 13.630928031888326 ] } },
{ "type": "Feature", "properties": { "MMSI": 100000014, "vessel_name": "Synthetic Vessel 15", "vessel_type": null, "timestamp": "2025-01-01T01:48:00Z", "latitude": 13.626993534839675, "longitude": 80.689007080976594, "SOG": 5.6229179813006267, "COG": 249.17808300988747, "heading": 249.17808300988747 }, "geometry": { "type": "Point", "coordinates": [ 80.689007080976594, 13.626993534839675 ] } },
{ "type": "Feature", "properties": { "MMSI": 100000014, "vessel_name": "Synthetic Vessel 15", "vessel_type": null, "timestamp": "2025-01-01T01:54:00Z", "latitude": 13.627181977402673, "longitude": 80.698941018053659, "SOG": 11.152194382310109, "COG": 293.02929702216682, "heading": 293.02929702216682 }, "geometry": { "type": "Point", "coordinates": [ 80.698941018053659, 13.627181977402673 ] } },
{ "type": "Feature", "properties": { "MMSI": 100000014, "vessel_name": "Synthetic Vessel 15", "vessel_type": null, "timestamp": "2025-01-01T02:00:00Z", "latitude": 13.623307049818406, "longitude": 80.701418934779497, "SOG": 9.2608338389037144, "COG": 189.73492700819452, "heading": 189.73492700819452 }, "geometry": { "type": "Point", "coordinates": [ 80.701418934779497, 13.623307049818406 ] } },
{ "type": "Feature", "properties": { "MMSI": 100000014, "vessel_name": "Synthetic Vessel 15", "vessel_type": null, "timestamp": "2025-01-01T02:06:00Z", "latitude": 13.615921257353209, "longitude": 80.709151019084302, "SOG": 6.9462251182076509, "COG": 161.92247357567609, "heading": 161.92247357567609 }, "geometry": { "type": "Point", "coordinates": [ 80.709151019084302, 13.615921257353209 ] } },
{ "type": "Feature", "properties": { "MMSI": 100000014, "vessel_name": "Synthetic Vessel 15", "vessel_type": null, "timestamp": "2025-01-01T02:12:00Z", "latitude": 13.613276444370754, "longitude": 80.707433614134885, "SOG": 12.336143805614022, "COG": 297.91364240407472, "heading": 297.91364240407472 }, "geometry": { "type": "Point", "coordinates": [ 80.707433614134885, 13.613276444370754 ] } },
{ "type": "Feature", "properties": { "MMSI": 100000014, "vessel_name": "Synthetic Vessel 15", "vessel_type": null, "timestamp": "2025-01-01T02:18:00Z", "latitude": 13.61866254224358, "longitude": 80.697654239423457, "SOG": 9.8134415163532367, "COG": 149.81543934471415, "heading": 149.81543934471415 }, "geometry": { "type": "Point", "coordinates": [ 80.697654239423457, 13.61866254224358 ] } },
{ "type": "Feature", "properties": { "MMSI": 100000014, "vessel_name": "Synthetic Vessel 15", "vessel_type": null, "timestamp": "2025-01-01T02:24:00Z", "latitude": 13.609046387780042, "longitude": 80.692850503598365, "SOG": 6.3710970572899903, "COG": 273.70433632396862, "heading": 273.70433632396862 }, "geometry": { "type": "Point", "coordinates": [ 80.692850503598365, 13.609046387780042 ] } },
{ "type": "Feature", "properties": { "MMSI": 100000014, "vessel_name": "Synthetic Vessel 15", "vessel_type": null, "timestamp": "2025-01-01T02:30:00Z", "latitude": 13.609752590409094, "longitude": 80.687154541038709, "SOG": 7.412014575995415, "COG": 4.3634788718015782, "heading": 4.3634788718015782 }, "geometry": { "type": "Point", "coordinates": [ 80.687154541038709, 13.609752590409094 ] } },
{ "type": "Feature", "properties": { "MMSI": 100000014, "vessel_name": "Synthetic Vessel 15", "vessel_type": null, "timestamp": "2025-01-01T02:36:00Z", "latitude": 13.619270065507296, "longitude": 80.693185283276364, "SOG": 9.8785404392636238, "COG": 345.44759195557202, "heading": 345.44759195557202 }, "geometry": { "type": "Point", "coordinates": [ 80.693185283276364, 13.619270065507296 ] } },
{ "type": "Feature", "properties": { "MMSI": 100000014, "vessel_name": "Synthetic Vessel 15", "vessel_type": null, "timestamp": "2025-01-01T02:42:00Z", "latitude": 13.611464789480848, "longitude": 80.694144473055843, "SOG": 13.44357082739616, "COG": 163.57584044158591, "heading": 163.57584044158591 }, "geometry": { "type": "Point", "coordinates": [ 80.694144473055843, 13.611464789480848 ] } },
{ "type": "Feature", "properties": { "MMSI": 100000014, "vessel_name": "Synthetic Vessel 15", "vessel_type": null, "timestamp": "2025-01-01T02:48:00Z", "latitude": 13.603426441096532, "longitude": 80.693909295796274, "SOG": 8.2467592689006004, "COG": 54.017519289834333, "heading": 54.017519289834333 }, "geometry": { "type": "Point", "coordinates": [ 80.693909295796274, 13.603426441096532 ] } },
{ "type": "Feature", "properties": { "MMSI": 100000014, "vessel_name": "Synthetic Vessel 15", "vessel_type": null, "timestamp": "2025-01-01T02:54:00Z", "latitude": 13.608173582644289, "longitude": 80.69342965838365, "SOG": 8.9447627857003535, "COG": 135.31978265247696, "heading": 135.31978265247696 }, "geometry": { "type": "Point", "coordinates": [ 80.69342965838365, 13.608173582644289 ] } },
{ "type": "Feature", "properties": { "MMSI": 100000015, "vessel_name": "Synthetic Vessel 16", "vessel_type": null, "timestamp": "2025-01-01T00:00:00Z", "latitude": 13.009435230590778, "longitude": 80.849839781404199, "SOG": 8.1540689574801277, "COG": 283.28521905190621, "heading": 283.28521905190621 }, "geometry": { "type": "Point", "coordinates": [ 80.849839781404199, 13.009435230590778 ] } },
{ "type": "Feature", "properties": { "MMSI": 100000015, "vessel_name": "Synthetic Vessel 16", "vessel_type": null, "timestamp": "2025-01-01T00:06:00Z", "latitude": 13.013197924712509, "longitude": 80.848591843885302, "SOG": 13.408715794259226, "COG": 91.68142393657844, "heading": 91.68142393657844 }, "geometry": { "type": "Point", "coordinates": [ 80.848591843885302, 13.013197924712509 ] } },
{ "type": "Feature", "properties": { "MMSI": 100000015, "vessel_name": "Synthetic Vessel 16", "vessel_type": null, "timestamp": "2025-01-01T00:12:00Z", "latitude": 13.003966451691756, "longitude": 80.856627083728014, "SOG": 11.372014768082805, "COG": 166.13188726490429, "heading": 166.13188726490429 }, "geometry": { "type": "Point", "coordinates": [ 80.856627083728014, 13.003966451691756 ] } },
{ "type": "Feature", "properties": { "MMSI": 100000015, "vessel_name": "Synthetic Vessel 16", "vessel_type": null, "timestamp": "2025-01-01T00:18:00Z", "latitude": 13.007153530135872, "longitude": 80.864529438542149, "SOG": 11.139335847600618, "COG": 229.20108558019464, "heading": 229.20108558019464 }, "geometry": { "type": "Point", "coordinates": [ 80.864529438542149, 13.007153530135872 ] } },
{ "type": "Feature", "properties": { "MMSI": 100000015, "vessel_name": "Synthetic Vessel 16", "vessel_type": null, "timestamp": "2025-01-01T00:24:00Z", "latitude": 12.998486570947083, "longitude": 80.864897598981059, "SOG": 12.374337687214856, "COG": 54.060840294134998, "heading": 54.060840294134998 }, "geometry": { "type": "Point", "coordinates": [ 80.864897598981059, 12.998486570947083 ] } },
{ "type": "Feature", "properties": { "MMSI": 100000015, "vessel_name": "Synthetic Vessel 16", "vessel_type": null, "timestamp": "2025-01-01T00:30:00Z", "latitude": 12.998731009363338, "longitude": 80.868502154565221, "SOG": 5.847920160458032, "COG": 15.002244216858337, "heading": 15.002244216858337 }, "geometry": { "type": "Point", "coordinates": [ 80.868502154565221, 12.998731009363338 ] } },
{ "type": "Feature", "properties": { "MMSI": 100000015, "vessel_name": "Synthetic Vessel 16", "vessel_type": null, "timestamp": "2025-01-01T00:36:00Z", "latitude": 13.003057477124592, "longitude": 80.859943841285201, "SOG": 5.1210847523488745, "COG": 25.652421995493096, "heading": 25.652421995493096 }, "geometry": { "type": "Point", "coordinates": [ 80.859943841285201, 13.003057477124592 ] } },
{ "type": "Feature", "properties": { "MMSI": 100000015, "vessel_name": "Synthetic Vessel 16", "vessel_type": null, "timestamp": "2025-01-01T00:42:00Z", "latitude": 13.012187505090582, "longitude": 80.864694008474387, "SOG": 7.9653558128765516, "COG": 127.17050706074308, "heading": 127.17050706074308 }, "geometry": { "type": "Point", "coordinates": [ 80.864694008474387, 13.012187505090582 ] } },
{ "type": "Feature", "properties": { "MMSI": 100000015, "vessel_name": "Synthetic Vessel 16", "vessel_type": null, "timestamp": "2025-01-01T00:48:00Z", "latitude": 13.0091815696855, "longitude": 80.870187079098017, "SOG": 6.8519556786746794, "COG": 238.09341998534919, "heading": 238.09341998534919 }, "geometry": { "type": "Point", "coordinates": [ 80.870187079098017, 13.0091815696855 ] } },
{ "type": "Feature", "properties": { "MMSI": 100000015, "vessel_name": "Synthetic Vessel 16", "vessel_type": null, "timestamp": "2025-01-01T00:54:00Z", "latitude": 13.002663756392179, "longitude": 80.862154992092286, "SOG": 12.643726622217359, "COG": 237.70897909248171, "heading": 237.70897909248171 }, "geometry": { "type": "Point", "coordinates": [ 80.862154992092286, 13.002663756392179 ] } },
{ "type": "Feature", "properties": { "MMSI": 100000015, "vessel_name": "Synthetic Vessel 16", "vessel_type": null, "timestamp": "2025-01-01T01:00:00Z", "latitude": 12.99796468495868, "longitude": 80.8525738913129, "SOG": 14.678600348450304, "COG": 29.581800291513844, "heading": 29.581800291513844 }, "geometry": { "type": "Point", "coordinates": [ 80.8525738913129, 12.99796468495868 ] } },
{ "type": "Feature", "properties": { "MMSI": 100000015, "vessel_name": "Synthetic Vessel 16", "vessel_type": null, "timestamp": "2025-01-01T01:06:00Z", "latitude": 12.993873580508231, "longitude": 80.85795835426967, "SOG": 8.8193963965289583, "COG": 224.87888478753496, "heading": 224.87888478753496 }, "geometry": { "type": "Point", "coordinates": [ 80.85795835426967, 12.993873580508231 ] } },
{ "type": "Feature", "properties": { "MMSI": 100000015, "vessel_name": "Synthetic Vessel 16", "vessel_type": null, "timestamp": "2025-01-01T01:12:00Z", "latitude": 12.987987325752142, "longitude": 80.850386082632852, "SOG": 12.74633780637788, "COG": 221.40466849399201, "heading": 221.40466849399201 }, "geometry": { "type": "Point", "coordinates": [ 80.850386082632852, 12.987987325752142 ] } },
{ "type": "Feature", "properties": { "MMSI": 100000015, "vessel_name": "Synthetic Vessel 16", "vessel_type": null, "timestamp": "2025-01-01T01:18:00Z", "latitude": 12.990865410822964, "longitude": 80.850992125297836, "SOG": 14.684887775943841, "COG": 15.102440435389056, "heading": 15.102440435389056 }, "geometry": { "type": "Point", "coordinates": [ 80.850992125297836, 12.990865410822964 ] } },
{ "type": "Feature", "properties": { "MMSI": 100000015, "vessel_name": "Synthetic Vessel 16", "vessel_type": null, "timestamp": "2025-01-01T01:24:00Z", "latitude": 12.996839694656057, "longitude": 80.846848566031852, "SOG": 11.018815896363222, "COG": 352.78931856918621, "heading": 352.78931856918621 }, "geometry": { "type": "Point", "coordinates": [ 80.846848566031852, 12.996839694656057 ] } },
{ "type": "Feature", "properties": { "MMSI": 100000015, "vessel_name": "Synthetic Vessel 16", "vessel_type": null, "timestamp": "2025-01-01T01:30:00Z", "latitude": 12.998488147820202, "longitude": 80.851810029620438, "SOG": 11.564786073315029, "COG": 292.23712371244955, "heading": 292.23712371244955 }, "geometry": { "type": "Point", "coordinates": [ 80.851810029620438, 12.998488147820202 ] } },
{ "type": "Feature", "properties": { "MMSI": 100000015, "vessel_name": "Synthetic Vessel 16", "vessel_type": null, "timestamp": "2025-01-01T01:36:00Z", "latitude": 12.991050062747526, "longitude": 80.848575379740325, "SOG": 7.2461561184385186, "COG": 334.1101105173779, "heading": 334.1101105173779 }, "geometry": { "type": "Point", "coordinates": [ 80.848575379740325, 12.991050062747526 ] } },
{ "type": "Feature", "properties": { "MMSI": 100000015, "vessel_name": "Synthetic Vessel 16", "vessel_type": null, "timestamp": "2025-01-01T01:42:00Z", "latitude": 12.988493403224275, "longitude": 80.847216917399209, "SOG": 11.129395824945256, "COG": 158.1857962900028, "heading": 158.1857962900028 }, "geometry": { "type": "Point", "coordinates": [ 80.847216917399209, 12.988493403224275 ] } },
{ "type": "Feature", "properties": { "MMSI": 100000015, "vessel_name": "Synthetic Vessel 16", "vessel_type": null, "timestamp": "2025-01-01T01:48:00Z", "latitude": 12.99735491997917, "longitude": 80.842030771635862, "SOG": 6.9747048985993736, "COG": 43.740495468330501, "heading": 43.740495468330501 }, "geometry": { "type": "Point", "coordinates": [ 80.842030771635862, 12.99735491997917 ] } },
{ "type": "Feature", "properties": { "MMSI": 100000015, "vessel_name": "Synthetic Vessel 16", "vessel_type": null, "timestamp": "2025-01-01T01:54:00Z", "latitude": 13.005093417983357, "longitude": 80.84494698788896, "SOG": 13.159469389686173, "COG": 102.92644412609764, "heading": 102.92644412609764 }, "geometry": { "type": "Point", "coordinates": [ 80.84494698788896, 13.005093417983357 ] } },
{ "type": "Feature", "properties": { "MMSI": 100000015, "vessel_name": "Synthetic Vessel 16", "vessel_type": null, "timestamp": "2025-01-01T02:00:00Z", "latitude": 13.012320817910624, "longitude": 80.851877274662769, "SOG": 7.5224102017336154, "COG": 330.81355211023958, "heading": 330.81355211023958 }, "geometry": { "type": "Point", "coordinates": [ 80.851877274662769, 13.012320817910624 ] } },
{ "type": "Feature", "properties": { "MMSI": 100000015, "vessel_name": "Synthetic Vessel 16", "vessel_type": null, "timestamp": "2025-01-01T02:06:00Z", "latitude": 13.017421656485549, "longitude": 80.851088064608248, "SOG": 12.284906771616132, "COG": 303.11947904042216, "heading": 303.11947904042216 }, "geometry": { "type": "Point", "coordinates": [ 80.851088064608248, 13.017421656485549 ] } },
{ "type": "Feature", "properties": { "MMSI": 100000015, "vessel_name": "Synthetic Vessel 16", "vessel_type": null, "timestamp": "2025-01-01T02:12:00Z", "latitude": 13.022950605415543, "longitude": 80.854211301361872, "SOG": 10.450269188969385, "COG": 63.874357009094481, "heading": 63.874357009094481 }, "geometry": { "type": "Point", "coordinates": [ 80.854211301361872, 13.022950605415543 ] } },
{ "type": "Feature", "properties": { "MMSI": 100000015, "vessel_name": "Synthetic Vessel 16", "vessel_type": null, "timestamp": "2025-01-01T02:18:00Z", "latitude": 13.032644000206034, "longitude": 80.862959062691814, "SOG": 6.6481481572943713, "COG": 15.542544886924199, "heading": 15.542544886924199 }, "geometry": { "type": "Point", "coordinates": [ 80.862959062691814, 13.032644000206034 ] } },
{ "type": "Feature", "properties": { "MMSI": 100000015, "vessel_name": "Synthetic Vessel 16", "vessel_type": null, "timestamp": "2025-01-01T02:24:00Z", "latitude": 13.025278575675124, "longitude": 80.867478660891521, "SOG": 7.1351136631067194, "COG": 294.40271874850021, "heading": 294.40271874850021 }, "geometry": { "type": "Point", "coordinates": [ 80.867478660891521, 13.025278575675124 ] } },
{ "type": "Feature", "properties": { "MMSI": 100000015, "vessel_name": "Synthetic Vessel 16", "vessel_type": null, "timestamp": "2025-01-01T02:30:00Z", "latitude": 13.02539562953416, "longitude": 80.874292721451752, "SOG": 10.422372054918483, "COG": 263.80855611585019, "heading": 263.80855611585019 }, "geometry": { "type": "Point", "coordinates": [ 80.874292721451752, 13.02539562953416 ] } },
{ "type": "Feature", "properties": { "MMSI": 100000015, "vessel_name": "Synthetic Vessel 16", "vessel_type": null, "timestamp": "2025-01-01T02:36:00Z", "latitude": 13.027202583343335, "longitude": 80.874459932390081, "SOG": 10.650219928590159, "COG": 107.1174424747754, "heading": 107.1174424747754 }, "geometry": { "type": "Point", "coordinates": [ 80.874459932390081, 13.027202583343335 ] } },
{ "type": "Feature", "properties": { "MMSI": 100000015, "vessel_name": "Synthetic Vessel 16", "vessel_type": null, "timestamp": "2025-01-01T02:42:00Z", "latitude": 13.030980289384338, "longitude": 80.881926390707292, "SOG": 12.61121537043158, "COG": 229.0648874325293, "heading": 229.0648874325293 }, "geometry": { "type": "Point", "coordinates": [ 80.881926390707292, 13.030980289384338 ] } },
{ "type": "Feature", "properties": { "MMSI": 100000015, "vessel_name": "Synthetic Vessel 16", "vessel_type": null, "timestamp": "2025-01-01T02:48:00Z", "latitude": 13.02418172208343, "longitude": 80.881157540195687, "SOG": 7.46678864521623, "COG": 3.3593831377535865, "heading": 3.3593831377535865 }, "geometry": { "type": "Point", "coordinates": [ 80.881157540195687, 13.02418172208343 ] } },
{ "type": "Feature", "properties": { "MMSI": 100000015, "vessel_name": "Synthetic Vessel 16", "vessel_type": null, "timestamp": "2025-01-01T02:54:00Z", "latitude": 13.028710956385691, "longitude": 80.890993739222679, "SOG": 9.0149431586128834, "COG": 35.704115851397724, "heading": 35.704115851397724 }, "geometry": { "type": "Point", "coordinates": [ 80.890993739222679, 13.028710956385691 ] } },
{ "type": "Feature", "properties": { "MMSI": 100000016, "vessel_name": "Synthetic Vessel 17", "vessel_type": null, "timestamp": "2025-01-01T00:00:00Z", "latitude": 13.683943636384369, "longitude": 79.683432695178396, "SOG": 6.8802473461541611, "COG": 221.75476209366445, "heading": 221.75476209366445 }, "geometry": { "type": "Point", "coordinates": [ 79.683432695178396, 13.683943636384369 ] } },
{ "type": "Feature", "properties": { "MMSI": 100000016, "vessel_name": "Synthetic Vessel 17", "vessel_type": null, "timestamp": "2025-01-01T00:06:00Z", "latitude": 13.681051327758082, "longitude": 79.689108530868111, "SOG": 5.0522961354291276, "COG": 199.52154508752599, "heading": 199.52154508752599 }, "geometry": { "type": "Point", "coordinates": [ 79.689108530868111, 13.681051327758082 ] } },
{ "type": "Feature", "properties": { "MMSI": 100000016, "vessel_name": "Synthetic Vessel 17", "vessel_type": null, "timestamp": "2025-01-01T00:12:00Z", "latitude": 13.686271142958644, "longitude": 79.679814757966909, "SOG": 7.0248056016523739, "COG": 268.46416178324358, "heading": 268.46416178324358 }, "geometry": { "type": "Point", "coordinates": [ 79.679814757966909, 13.686271142958644 ] } },
{ "type": "Feature", "properties": { "MMSI": 100000016, "vessel_name": "Synthetic Vessel 17", "vessel_type": null, "timestamp": "2025-01-01T00:18:00Z", "latitude": 13.695432612561032, "longitude": 79.677173572992956, "SOG": 6.488880503324447, "COG": 117.69538188170849, "heading": 117.69538188170849 }, "geometry": { "type": "Point", "coordinates": [ 79.677173572992956, 13.695432612561032 ] } },
{ "type": "Feature", "properties": { "MMSI": 100000016, "vessel_name": "Synthetic Vessel 17", "vessel_type": null, "timestamp": "2025-01-01T00:24:00Z", "latitude": 13.691544696870835, "longitude": 79.684706588229517, "SOG": 8.683095305068484, "COG": 358.68036154580903, "heading": 358.68036154580903 }, "geometry": { "type": "Point", "coordinates": [ 79.684706588229517, 13.691544696870835 ] } },
{ "type": "Feature", "properties": { "MMSI": 100000016, "vessel_name": "Synthetic Vessel 17", "vessel_type": null, "timestamp": "2025-01-01T00:30:00Z", "latitude": 13.690516909489926, "longitude": 79.689148006993577, "SOG": 10.930443341867839, "COG": 319.03048096742685, "heading": 319.03048096742685 }, "geometry": { "type": "Point", "coordinates": [ 79.689148006993577, 13.690516909489926 ] } },
{ "type": "Feature", "properties": { "MMSI": 100000016, "vessel_name": "Synthetic Vessel 17", "vessel_type": null, "timestamp": "2025-01-01T00:36:00Z", "latitude": 13.688347423453482, "longitude": 79.687400443810546, "SOG": 5.032182636042787, "COG": 250.42253273885049, "heading": 250.42253273885049 }, "geometry": { "type": "Point", "coordinates": [ 79.687400443810546, 13.688347423453482 ] } },
{ "type": "Feature", "properties": { "MMSI": 100000016, "vessel_name": "Synthetic Vessel 17", "vessel_type": null, "timestamp": "2025-01-01T00:42:00Z", "latitude": 13.690739210202681, "longitude": 79.684510304019369, "SOG": 5.9299063982313216, "COG": 285.91103925975034, "heading": 285.91103925975034 }, "geometry": { "type": "Point", "coordinates": [ 79.684510304019369, 13.690739210202681 ] } },
{ "type": "Feature", "properties": { "MMSI": 100000016, "vessel_name": "Synthetic Vessel 17", "vessel_type": null, "timestamp": "2025-01-01T00:48:00Z", "latitude": 13.692503255541649, "longitude": 79.68412976181709, "SOG": 5.6485359448296837, "COG": 231.23718932588187, "heading": 231.23718932588187 }, "geometry": { "type": "Point", "coordinates": [ 79.68412976181709, 13.692503255541649 ] } },
{ "type": "Feature", "properties": { "MMSI": 100000016, "vessel_name": "Synthetic Vessel 17", "vessel_type": null, "timestamp": "2025-01-01T00:54:00Z", "latitude": 13.69410293129021, "longitude": 79.685359453576282, "SOG": 11.034876665964548, "COG": 201.8376339898216, "heading": 201.8376339898216 }, "geometry": { "type": "Point", "coordinates": [ 79.685359453576282, 13.69410293129021 ] } },
{ "type": "Feature", "properties": { "MMSI": 100000016, "vessel_name": "Synthetic Vessel 17", "vessel_type": null, "timestamp": "2025-01-01T01:00:00Z", "latitude": 13.697632290034738, "longitude": 79.691459233569901, "SOG": 13.250494101800619, "COG": 97.135459246157154, "heading": 97.135459246157154 }, "geometry": { "type": "Point", "coordinates": [ 79.691459233569901, 13.697632290034738 ] } },
{ "type": "Feature", "properties": { "MMSI": 100000016, "vessel_name": "Synthetic Vessel 17", "vessel_type": null, "timestamp": "2025-01-01T01:06:00Z", "latitude": 13.697597403680009, "longitude": 79.68300039915259, "SOG": 8.3423831869606069, "COG": 21.07833452783251, "heading": 21.07833452783251 }, "geometry": { "type": "Point", "coordinates": [ 79.68300039915259, 13.697597403680009 ] } },
{ "type": "Feature", "properties": { "MMSI": 100000016, "vessel_name": "Synthetic Vessel 17", "vessel_type": null, "timestamp": "2025-01-01T01:12:00Z", "latitude": 13.703295343222235, "longitude": 79.687154017847405, "SOG": 10.172690564416094, "COG": 283.90138728206631, "heading": 283.90138728206631 }, "geometry": { "type": "Point", "coordinates": [ 79.687154017847405, 13.703295343222235 ] } },
{ "type": "Feature", "properties": { "MMSI": 100000016, "vessel_name": "Synthetic Vessel 17", "vessel_type": null, "timestamp": "2025-01-01T01:18:00Z", "latitude": 13.702099323181343, "longitude": 79.680103068381527, "SOG": 9.340193661738752, "COG": 118.14939129935216, "heading": 118.14939129935216 }, "geometry": { "type": "Point", "coordinates": [ 79.680103068381527, 13.702099323181343 ] } },
{ "type": "Feature", "properties": { "MMSI": 100000016, "vessel_name": "Synthetic Vessel 17", "vessel_type": null, "timestamp": "2025-01-01T01:24:00Z", "latitude": 13.693871331774938, "longitude": 79.674515307435755, "SOG": 12.356631142391898, "COG": 215.361105862946, "heading": 215.361105862946 }, "geometry": { "type": "Point", "coordinates": [ 79.674515307435755, 13.693871331774938 ] } },
{ "type": "Feature", "properties": { "MMSI": 100000016, "vessel_name": "Synthetic Vessel 17", "vessel_type": null, "timestamp": "2025-01-01T01:30:00Z", "latitude": 13.703838282002796, "longitude": 79.683177574062626, "SOG": 9.2124805329407202, "COG": 231.32347183266896, "heading": 231.32347183266896 }, "geometry": { "type": "Point", "coordinates": [ 79.683177574062626, 13.703838282002796 ] } },
{ "type": "Feature", "properties": { "MMSI": 100000016, "vessel_name": "Synthetic Vessel 17", "vessel_type": null, "timestamp": "2025-01-01T01:36:00Z", "latitude": 13.706561829296962, "longitude": 79.688890606424224, "SOG": 9.0990488969628824, "COG": 42.601028732419437, "heading": 42.601028732419437 }, "geometry": { "type": "Point", "coordinates": [ 79.688890606424224, 13.706561829296962 ] } },
{ "type": "Feature", "properties": { "MMSI": 100000016, "vessel_name": "Synthetic Vessel 17", "vessel_type": null, "timestamp": "2025-01-01T01:42:00Z", "latitude": 13.713357875009676, "longitude": 79.686567265462884, "SOG": 10.877693608621982, "COG": 205.87401764178719, "heading": 205.87401764178719 }, "geometry": { "type": "Point", "coordinates": [ 79.686567265462884, 13.713357875009676 ] } },
{ "type": "Feature", "properties": { "MMSI": 100000016, "vessel_name": "Synthetic Vessel 17", "vessel_type": null, "timestamp": "2025-01-01T01:48:00Z", "latitude": 13.707047400072348, "longitude": 79.683811974295935, "SOG": 5.2619670853206477, "COG": 120.42406394709558, "heading": 120.42406394709558 }, "geometry": { "type": "Point", "coordinates": [ 79.683811974295935, 13.707047400072348 ] } },
{ "type": "Feature", "properties": { "MMSI": 100000016, "vessel_name": "Synthetic Vessel 17", "vessel_type": null, "timestamp": "2025-01-01T01:54:00Z", "latitude": 13.697531235350176, "longitude": 79.690445915169448, "SOG": 10.180787662388155, "COG": 98.305491590212483, "heading": 98.305491590212483 }, "geometry": { "type": "Point", "coordinates": [ 79.690445915169448, 13.697531235350176 ] } },
{ "type": "Feature", "properties": { "MMSI": 100000016, "vessel_name": "Synthetic Vessel 17", "vessel_type": null, "timestamp": "2025-01-01T02:00:00Z", "latitude": 13.69350574682195, "longitude": 79.699259500071761, "SOG": 9.2965681273893512, "COG": 93.346833191678542, "heading": 93.346833191678542 }, "geometry": { "type": "Point", "coordinates": [ 79.699259500071761, 13.69350574682195 ] } },
{ "type": "Feature", "properties": { "MMSI": 100000016, "vessel_name": "Synthetic Vessel 17", "vessel_type": null, "timestamp": "2025-01-01T02:06:00Z", "latitude": 13.70096035183164, "longitude": 79.706098171407604, "SOG": 13.026433097957105, "COG": 66.996510424659832, "heading": 66.996510424659832 }, "geometry": { "type": "Point", "coordinates": [ 79.706098171407604, 13.70096035183164 ] } },
{ "type": "Feature", "properties": { "MMSI": 100000016, "vessel_name": "Synthetic Vessel 17", "vessel_type": null, "timestamp": "2025-01-01T02:12:00Z", "latitude": 13.700124089566399, "longitude": 79.705757548849306, "SOG": 5.8060151375712463, "COG": 48.052790069739757, "heading": 48.052790069739757 }, "geometry": { "type": "Point", "coordinates": [ 79.705757548849306, 13.700124089566399 ] } },
{ "type": "Feature", "properties": { "MMSI": 100000016, "vessel_name": "Synthetic Vessel 17", "vessel_type": null, "timestamp": "2025-01-01T02:18:00Z", "latitude": 13.704682875705874, "longitude": 79.70568677189641, "SOG": 12.295082286523968, "COG": 157.26625294146464, "heading": 157.26625294146464 }, "geometry": { "type": "Point", "coordinates": [ 79.70568677189641, 13.704682875705874 ] } },
{ "type": "Feature", "properties": { "MMSI": 100000016, "vessel_name": "Synthetic Vessel 17", "vessel_type": null, "timestamp": "2025-01-01T02:24:00Z", "latitude": 13.709993133685696, "longitude": 79.698864935249802, "SOG": 6.3535408227768553, "COG": 219.68105381195087, "heading": 219.68105381195087 }, "geometry": { "type": "Point", "coordinates": [ 79.698864935249802, 13.709993133685696 ] } },
{ "type": "Feature", "properties": { "MMSI": 100000016, "vessel_name": "Synthetic Vessel 17", "vessel_type": null, "timestamp": "2025-01-01T02:30:00Z", "latitude": 13.715020635406278, "longitude": 79.702004038375151, "SOG": 5.6895801635642123, "COG": 344.38126359004485, "heading": 344.38126359004485 }, "geometry": { "type": "Point", "coordinates": [ 79.702004038375151, 13.715020635406278 ] } },
{ "type": "Feature", "properties": { "MMSI": 100000016, "vessel_name": "Synthetic Vessel 17", "vessel_type": null, "timestamp": "2025-01-01T02:36:00Z", "latitude": 13.706161729829304, "longitude": 79.697647779869015, "SOG": 7.4697879907199987, "COG": 94.214046144926144, "heading": 94.214046144926144 }, "geometry": { "type": "Point", "coordinates": [ 79.697647779869015, 13.706161729829304 ] } },
{ "type": "Feature", "properties": { "MMSI": 100000016, "vessel_name": "Synthetic Vessel 17", "vessel_type": null, "timestamp": "2025-01-01T02:42:00Z", "latitude": 13.714286821439725, "longitude": 79.69263870386601, "SOG": 12.593982624179638, "COG": 97.901901406307161, "heading": 97.901901406307161 }, "geometry": { "type": "Point", "coordinates": [ 79.69263870386601, 13.714286821439725 ] } },
{ "type": "Feature", "properties": { "MMSI": 100000016, "vessel_name": "Synthetic Vessel 17", "vessel_type": null, "timestamp": "2025-01-01T02:48:00Z", "latitude": 13.713281618288734, "longitude": 79.698172915005117, "SOG": 9.8757119367338433, "COG": 23.531816723178689, "heading": 23.531816723178689 }, "geometry": { "type": "Point", "coordinates": [ 79.698172915005117, 13.713281618288734 ] } },
{ "type": "Feature", "properties": { "MMSI": 100000016, "vessel_name": "Synthetic Vessel 17", "vessel_type": null, "timestamp": "2025-01-01T02:54:00Z", "latitude": 13.7039538902924, "longitude": 79.68942597907423, "SOG": 6.3924537111759516, "COG": 326.31748320398793, "heading": 326.31748320398793 }, "geometry": { "type": "Point", "coordinates": [ 79.68942597907423, 13.7039538902924 ] } },
{ "type": "Feature", "properties": { "MMSI": 100000017, "vessel_name": "Synthetic Vessel 18", "vessel_type": null, "timestamp": "2025-01-01T00:00:00Z", "latitude": 13.144488231075613, "longitude": 80.100887872115152, "SOG": 11.637896861755893, "COG": 7.8564228391762203, "heading": 7.8564228391762203 }, "geometry": { "type": "Point", "coordinates": [ 80.100887872115152, 13.144488231075613 ] } },
{ "type": "Feature", "properties": { "MMSI": 100000017, "vessel_name": "Synthetic Vessel 18", "vessel_type": null, "timestamp": "2025-01-01T00:06:00Z", "latitude": 13.153756119759882, "longitude": 80.102091235784386, "SOG": 5.5225787928602372, "COG": 337.25608633191308, "heading": 337.25608633191308 }, "geometry": { "type": "Point", "coordinates": [ 80.102091235784386, 13.153756119759882 ] } },
{ "type": "Feature", "properties": { "MMSI": 100000017, "vessel_name": "Synthetic Vessel 18", "vessel_type": null, "timestamp": "2025-01-01T00:12:00Z", "latitude": 13.152131986141365, "longitude": 80.097294391603626, "SOG": 14.812970904972468, "COG": 263.0955473930627, "heading": 263.0955473930627 }, "geometry": { "type": "Point", "coordinates": [ 80.097294391603626, 13.152131986141365 ] } },
{ "type": "Feature", "properties": { "MMSI": 100000017, "vessel_name": "Synthetic Vessel 18", "vessel_type": null, "timestamp": "2025-01-01T00:18:00Z", "latitude": 13.14726258739025, "longitude": 80.100377883633101, "SOG": 10.653302545716098, "COG": 71.315147793506441, "heading": 71.315147793506441 }, "geometry": { "type": "Point", "coordinates": [ 80.100377883633101, 13.14726258739025 ] } },
{ "type": "Feature", "properties": { "MMSI": 100000017, "vessel_name": "Synthetic Vessel 18", "vessel_type": null, "timestamp": "2025-01-01T00:24:00Z", "latitude": 13.146541237124016, "longitude": 80.109817990225736, "SOG": 8.4950637208681883, "COG": 219.06981817072801, "heading": 219.06981817072801 }, "geometry": { "type": "Point", "coordinates": [ 80.109817990225736, 13.146541237124016 ] } },
{ "type": "Feature", "properties": { "MMSI": 100000017, "vessel_name": "Synthetic Vessel 18", "vessel_type": null, "timestamp": "2025-01-01T00:30:00Z", "latitude": 13.138823152821775, "longitude": 80.102842926800434, "SOG": 7.5096666134029801, "COG": 81.114094782444639, "heading": 81.114094782444639 }, "geometry": { "type": "Point", "coordinates": [ 80.102842926800434, 13.138823152821775 ] } },
{ "type": "Feature", "properties": { "MMSI": 100000017, "vessel_name": "Synthetic Vessel 18", "vessel_type": null, "timestamp": "2025-01-01T00:36:00Z", "latitude": 13.1458354739786, "longitude": 80.104067382566086, "SOG": 6.1476887186921747, "COG": 188.42072809477199, "heading": 188.42072809477199 }, "geometry": { "type": "Point", "coordinates": [ 80.104067382566086, 13.1458354739786 ] } },
{ "type": "Feature", "properties": { "MMSI": 100000017, "vessel_name": "Synthetic Vessel 18", "vessel_type": null, "timestamp": "2025-01-01T00:42:00Z", "latitude": 13.153038267845588, "longitude": 80.108523668630255, "SOG": 12.078350972297686, "COG": 24.360610284000568, "heading": 24.360610284000568 }, "geometry": { "type": "Point", "coordinates": [ 80.108523668630255, 13.153038267845588 ] } },
{ "type": "Feature", "properties": { "MMSI": 100000017, "vessel_name": "Synthetic Vessel 18", "vessel_type": null, "timestamp": "2025-01-01T00:48:00Z", "latitude": 13.153909032192439, "longitude": 80.100158175545189, "SOG": 9.8469628713004695, "COG": 164.98823095031634, "heading": 164.98823095031634 }, "geometry": { "type": "Point", "coordinates": [ 80.100158175545189, 13.153909032192439 ] } },
{ "type": "Feature", "properties": { "MMSI": 100000017, "vessel_name": "Synthetic Vessel 18", "vessel_type": null, "timestamp": "2025-01-01T00:54:00Z", "latitude": 13.147224522995709, "longitude": 80.109072138485189, "SOG": 11.690223373291085, "COG": 305.99113373303828, "heading": 305.99113373303828 }, "geometry": { "type": "Point", "coordinates": [ 80.109072138485189, 13.147224522995709 ] } },
{ "type": "Feature", "properties": { "MMSI": 100000017, "vessel_name": "Synthetic Vessel 18", "vessel_type": null, "timestamp": "2025-01-01T01:00:00Z", "latitude": 13.146470434215718, "longitude": 80.107307449316878, "SOG": 10.454318694069055, "COG": 234.35044817434351, "heading": 234.35044817434351 }, "geometry": { "type": "Point", "coordinates": [ 80.107307449316878, 13.146470434215718 ] } },
{ "type": "Feature", "properties": { "MMSI": 100000017, "vessel_name": "Synthetic Vessel 18", "vessel_type": null, "timestamp": "2025-01-01T01:06:00Z", "latitude": 13.137715896333356, "longitude": 80.107557502292281, "SOG": 9.5923987759695795, "COG": 290.30530220382224, "heading": 290.30530220382224 }, "geometry": { "type": "Point", "coordinates": [ 80.107557502292281, 13.137715896333356 ] } },
{ "type": "Feature", "properties": { "MMSI": 100000017, "vessel_name": "Synthetic Vessel 18", "vessel_type": null, "timestamp": "2025-01-01T01:12:00Z", "latitude": 13.12875502788444, "longitude": 80.113283066279962, "SOG": 7.5862083488803878, "COG": 72.49096156895078, "heading": 72.49096156895078 }, "geometry": { "type": "Point", "coordinates": [ 80.113283066279962, 13.12875502788444 ] } },
{ "type": "Feature", "properties": { "MMSI": 100000017, "vessel_name": "Synthetic Vessel 18", "vessel_type": null, "timestamp": "2025-01-01T01:18:00Z", "latitude": 13.122049154953087, "longitude": 80.109887367577386, "SOG": 10.193858595039371, "COG": 272.4305420479086, "heading": 272.4305420479086 }, "geometry": { "type": "Point", "coordinates": [ 80.109887367577386, 13.122049154953087 ] } },
{ "type": "Feature", "properties": { "MMSI": 100000017, "vessel_name": "Synthetic Vessel 18", "vessel_type": null, "timestamp": "2025-01-01T01:24:00Z", "latitude": 13.116146780436102, "longitude": 80.117443969140425, "SOG": 13.70578425046007, "COG": 316.64946778255052, "heading": 316.64946778255052 }, "geometry": { "type": "Point", "coordinates": [ 80.117443969140425, 13.116146780436102 ] } },
{ "type": "Feature", "properties": { "MMSI": 100000017, "vessel_name": "Synthetic Vessel 18", "vessel_type": null, "timestamp": "2025-01-01T01:30:00Z", "latitude": 13.110922704663732, "longitude": 80.116468756024048, "SOG": 12.720124763099903, "COG": 354.59627621071502, "heading": 354.59627621071502 }, "geometry": { "type": "Point", "coordinates": [ 80.116468756024048, 13.110922704663732 ] } },
{ "type": "Feature", "properties": { "MMSI": 100000017, "vessel_name": "Synthetic Vessel 18", "vessel_type": null, "timestamp": "2025-01-01T01:36:00Z", "latitude": 13.101466053088243, "longitude": 80.107772847849262, "SOG": 14.092202058615602, "COG": 167.01529565243979, "heading": 167.01529565243979 }, "geometry": { "type": "Point", "coordinates": [ 80.107772847849262, 13.101466053088243 ] } },
{ "type": "Feature", "properties": { "MMSI": 100000017, "vessel_name": "Synthetic Vessel 18", "vessel_type": null, "timestamp": "2025-01-01T01:42:00Z", "latitude": 13.102240089047298, "longitude": 80.107729098009941, "SOG": 11.56780104724294, "COG": 37.970531984387009, "heading": 37.970531984387009 }, "geometry": { "type": "Point", "coordinates": [ 80.107729098009941, 13.102240089047298 ] } },
{ "type": "Feature", "properties": { "MMSI": 100000017, "vessel_name": "Synthetic Vessel 18", "vessel_type": null, "timestamp": "2025-01-01T01:48:00Z", "latitude": 13.108682152259302, "longitude": 80.105337498160097, "SOG": 14.644766539008115, "COG": 279.22026633311788, "heading": 279.22026633311788 }, "geometry": { "type": "Point", "coordinates": [ 80.105337498160097, 13.108682152259302 ] } },
{ "type": "Feature", "properties": { "MMSI": 100000017, "vessel_name": "Synthetic Vessel 18", "vessel_type": null, "timestamp": "2025-01-01T01:54:00Z", "latitude": 13.102757481441856, "longitude": 80.105804090783991, "SOG": 12.928544190338393, "COG": 103.3696649104472, "heading": 103.3696649104472 }, "geometry": { "type": "Point", "coordinates": [ 80.105804090783991, 13.102757481441856 ] } },
{ "type": "Feature", "properties": { "MMSI": 100000017, "vessel_name": "Synthetic Vessel 18", "vessel_type": null, "timestamp": "2025-01-01T02:00:00Z", "latitude": 13.104309348759481, "longitude": 80.108495739134995, "SOG": 8.9597047266245493, "COG": 287.24909746172187, "heading": 287.24909746172187 }, "geometry": { "type": "Point", "coordinates": [ 80.108495739134995, 13.104309348759481 ] } },
{ "type": "Feature", "properties": { "MMSI": 100000017, "vessel_name": "Synthetic Vessel 18", "vessel_type": null, "timestamp": "2025-01-01T02:06:00Z", "latitude": 13.11261115012762, "longitude": 80.109156316479911, "SOG": 11.958991181688024, "COG": 56.863736220725286, "heading": 56.863736220725286 }, "geometry": { "type": "Point", "coordinates": [ 80.109156316479911, 13.11261115012762 ] } },
{ "type": "Feature", "properties": { "MMSI": 100000017, "vessel_name": "Synthetic Vessel 18", "vessel_type": null, "timestamp": "2025-01-01T02:12:00Z", "latitude": 13.118476377136384, "longitude": 80.105491550021256, "SOG": 14.061432547657663, "COG": 308.58453251955109, "heading": 308.58453251955109 }, "geometry": { "type": "Point", "coordinates": [ 80.105491550021256, 13.118476377136384 ] } },
{ "type": "Feature", "properties": { "MMSI": 100000017, "vessel_name": "Synthetic Vessel 18", "vessel_type": null, "timestamp": "2025-01-01T02:18:00Z", "latitude": 13.114014466883942, "longitude": 80.115161979475559, "SOG": 7.0201566840248999, "COG": 50.656150097553031, "heading": 50.656150097553031 }, "geometry": { "type": "Point", "coordinates": [ 80.115161979475559, 13.114014466883942 ] } },
{ "type": "Feature", "properties": { "MMSI": 100000017, "vessel_name": "Synthetic Vessel 18", "vessel_type": null, "timestamp": "2025-01-01T02:24:00Z", "latitude": 13.107698963668703, "longitude": 80.123041773675723, "SOG": 6.5210428322227285, "COG": 235.54531883698627, "heading": 235.54531883698627 }, "geometry": { "type": "Point", "coordinates": [ 80.123041773675723, 13.107698963668703 ] } },
{ "type": "Feature", "properties": { "MMSI": 100000017, "vessel_name": "Synthetic Vessel 18", "vessel_type": null, "timestamp": "2025-01-01T02:30:00Z", "latitude": 13.106505432036069, "longitude": 80.125347734177126, "SOG": 13.824163684073389, "COG": 30.047070596177985, "heading": 30.047070596177985 }, "geometry": { "type": "Point", "coordinates": [ 80.125347734177126, 13.106505432036069 ] } },
{ "type": "Feature", "properties": { "MMSI": 100000017, "vessel_name": "Synthetic Vessel 18", "vessel_type": null, "timestamp": "2025-01-01T02:36:00Z", "latitude": 13.1125775027449, "longitude": 80.125451869648657, "SOG": 9.1776097927509959, "COG": 348.16558149330137, "heading": 348.16558149330137 }, "geometry": { "type": "Point", "coordinates": [ 80.125451869648657, 13.1125775027449 ] } },
{ "type": "Feature", "properties": { "MMSI": 100000017, "vessel_name": "Synthetic Vessel 18", "vessel_type": null, "timestamp": "2025-01-01T02:42:00Z", "latitude": 13.122259709125627, "longitude": 80.128810269624736, "SOG": 6.6595489529578504, "COG": 228.48165837141889, "heading": 228.48165837141889 }, "geometry": { "type": "Point", "coordinates": [ 80.128810269624736, 13.122259709125627 ] } },
{ "type": "Feature", "properties": { "MMSI": 100000017, "vessel_name": "Synthetic Vessel 18", "vessel_type": null, "timestamp": "2025-01-01T02:48:00Z", "latitude": 13.129898264291722, "longitude": 80.127360063383151, "SOG": 5.1260751997575902, "COG": 58.404026081692571, "heading": 58.404026081692571 }, "geometry": { "type": "Point", "coordinates": [ 80.127360063383151, 13.129898264291722 ] } },
{ "type": "Feature", "properties": { "MMSI": 100000017, "vessel_name": "Synthetic Vessel 18", "vessel_type": null, "timestamp": "2025-01-01T02:54:00Z", "latitude": 13.13109337796449, "longitude": 80.1279080558256, "SOG": 13.902580530178019, "COG": 258.96730405289708, "heading": 258.96730405289708 }, "geometry": { "type": "Point", "coordinates": [ 80.1279080558256, 13.13109337796449 ] } },
{ "type": "Feature", "properties": { "MMSI": 100000018, "vessel_name": "Synthetic Vessel 19", "vessel_type": null, "timestamp": "2025-01-01T00:00:00Z", "latitude": 12.235261408168013, "longitude": 80.740856521743879, "SOG": 10.407937549855443, "COG": 294.86286499019621, "heading": 294.86286499019621 }, "geometry": { "type": "Point", "coordinates": [ 80.740856521743879, 12.235261408168013 ] } },
{ "type": "Feature", "properties": { "MMSI": 100000018, "vessel_name": "Synthetic Vessel 19", "vessel_type": null, "timestamp": "2025-01-01T00:06:00Z", "latitude": 12.23946626414048, "longitude": 80.73714352400755, "SOG": 13.216368977104716, "COG": 169.62044361581326, "heading": 169.62044361581326 }, "geometry": { "type": "Point", "coordinates": [ 80.73714352400755, 12.23946626414048 ] } },
{ "type": "Feature", "properties": { "MMSI": 100000018, "vessel_name": "Synthetic Vessel 19", "vessel_type": null, "timestamp": "2025-01-01T00:12:00Z", "latitude": 12.238651568083943, "longitude": 80.734299489314054, "SOG": 13.282492524372184, "COG": 177.91648101010796, "heading": 177.91648101010796 }, "geometry": { "type": "Point", "coordinates": [ 80.734299489314054, 12.238651568083943 ] } },
{ "type": "Feature", "properties": { "MMSI": 100000018, "vessel_name": "Synthetic Vessel 19", "vessel_type": null, "timestamp": "2025-01-01T00:18:00Z", "latitude": 12.235355729031362, "longitude": 80.727774721176772, "SOG": 13.259782127080818, "COG": 256.32504731908108, "heading": 256.32504731908108 }, "geometry": { "type": "Point", "coordinates": [ 80.727774721176772, 12.235355729031362 ] } },
{ "type": "Feature", "properties": { "MMSI": 100000018, "vessel_name": "Synthetic Vessel 19", "vessel_type": null, "timestamp": "2025-01-01T00:24:00Z", "latitude": 12.227368478601832, "longitude": 80.722572203431895, "SOG": 8.4794141158216654, "COG": 51.109916313957811, "heading": 51.109916313957811 }, "geometry": { "type": "Point", "coordinates": [ 80.722572203431895, 12.227368478601832 ] } },
{ "type": "Feature", "properties": { "MMSI": 100000018, "vessel_name": "Synthetic Vessel 19", "vessel_type": null, "timestamp": "2025-01-01T00:30:00Z", "latitude": 12.226375498179941, "longitude": 80.727548730171165, "SOG": 11.209285674784311, "COG": 234.4131305574027, "heading": 234.4131305574027 }, "geometry": { "type": "Point", "coordinates": [ 80.727548730171165, 12.226375498179941 ] } },
{ "type": "Feature", "properties": { "MMSI": 100000018, "vessel_name": "Synthetic Vessel 19", "vessel_type": null, "timestamp": "2025-01-01T00:36:00Z", "latitude": 12.223422997112134, "longitude": 80.734377681232857, "SOG": 14.791049380151543, "COG": 169.66338026333923, "heading": 169.66338026333923 }, "geometry": { "type": "Point", "coordinates": [ 80.734377681232857, 12.223422997112134 ] } },
{ "type": "Feature", "properties": { "MMSI": 100000018, "vessel_name": "Synthetic Vessel 19", "vessel_type": null, "timestamp": "2025-01-01T00:42:00Z", "latitude": 12.226105839878048, "longitude": 80.726902976064153, "SOG": 8.2510401543169891, "COG": 243.42392234715624, "heading": 243.42392234715624 }, "geometry": { "type": "Point", "coordinates": [ 80.726902976064153, 12.226105839878048 ] } },
{ "type": "Feature", "properties": { "MMSI": 100000018, "vessel_name": "Synthetic Vessel 19", "vessel_type": null, "timestamp": "2025-01-01T00:48:00Z", "latitude": 12.22983238381177, "longitude": 80.718295799027402, "SOG": 13.557372589057865, "COG": 62.957317383345377, "heading": 62.957317383345377 }, "geometry": { "type": "Point", "coordinates": [ 80.718295799027402, 12.22983238381177 ] } },
{ "type": "Feature", "properties": { "MMSI": 100000018, "vessel_name": "Synthetic Vessel 19", "vessel_type": null, "timestamp": "2025-01-01T00:54:00Z", "latitude": 12.22437597495224, "longitude": 80.725036621532254, "SOG": 11.428819100587075, "COG": 100.53939184358777, "heading": 100.53939184358777 }, "geometry": { "type": "Point", "coordinates": [ 80.725036621532254, 12.22437597495224 ] } },
{ "type": "Feature", "properties": { "MMSI": 100000018, "vessel_name": "Synthetic Vessel 19", "vessel_type": null, "timestamp": "2025-01-01T01:00:00Z", "latitude": 12.228258986422436, "longitude": 80.725289716595157, "SOG": 7.1264437637109612, "COG": 109.91184361082328, "heading": 109.91184361082328 }, "geometry": { "type": "Point", "coordinates": [ 80.725289716595157, 12.228258986422436 ] } },
{ "type": "Feature", "properties": { "MMSI": 100000018, "vessel_name": "Synthetic Vessel 19", "vessel_type": null, "timestamp": "2025-01-01T01:06:00Z", "latitude": 12.218922773513686, "longitude": 80.721368644619972, "SOG": 14.383048184484826, "COG": 235.1386045912619, "heading": 235.1386045912619 }, "geometry": { "type": "Point", "coordinates": [ 80.721368644619972, 12.218922773513686 ] } },
{ "type": "Feature", "properties": { "MMSI": 100000018, "vessel_name": "Synthetic Vessel 19", "vessel_type": null, "timestamp": "2025-01-01T01:12:00Z", "latitude": 12.226346863158946, "longitude": 80.726689940150678, "SOG": 11.649849034759953, "COG": 283.84104357118753, "heading": 283.84104357118753 }, "geometry": { "type": "Point", "coordinates": [ 80.726689940150678, 12.226346863158946 ] } },
{ "type": "Feature", "properties": { "MMSI": 100000018, "vessel_name": "Synthetic Vessel 19", "vessel_type": null, "timestamp": "2025-01-01T01:18:00Z", "latitude": 12.221552600310266, "longitude": 80.734833840764793, "SOG": 10.6044063098044, "COG": 241.46363228610025, "heading": 241.46363228610025 }, "geometry": { "type": "Point", "coordinates": [ 80.734833840764793, 12.221552600310266 ] } },
{ "type": "Feature", "properties": { "MMSI": 100000018, "vessel_name": "Synthetic Vessel 19", "vessel_type": null, "timestamp": "2025-01-01T01:24:00Z", "latitude": 12.213772389694537, "longitude": 80.733774951640925, "SOG": 13.645636095226701, "COG": 165.72897763269347, "heading": 165.72897763269347 }, "geometry": { "type": "Point", "coordinates": [ 80.733774951640925, 12.213772389694537 ] } },
{ "type": "Feature", "properties": { "MMSI": 100000018, "vessel_name": "Synthetic Vessel 19", "vessel_type": null, "timestamp": "2025-01-01T01:30:00Z", "latitude": 12.214705354098292, "longitude": 80.73138296262033, "SOG": 6.107205933263157, "COG": 351.64811826383738, "heading": 351.64811826383738 }, "geometry": { "type": "Point", "coordinates": [ 80.73138296262033, 12.214705354098292 ] } },
{ "type": "Feature", "properties": { "MMSI": 100000018, "vessel_name": "Synthetic Vessel 19", "vessel_type": null, "timestamp": "2025-01-01T01:36:00Z", "latitude": 12.213156322664531, "longitude": 80.722223456123757, "SOG": 14.180765521991509, "COG": 266.36548347609494, "heading": 266.36548347609494 }, "geometry": { "type": "Point", "coordinates": [ 80.722223456123757, 12.213156322664531 ] } },
{ "type": "Feature", "properties": { "MMSI": 100000018, "vessel_name": "Synthetic Vessel 19", "vessel_type": null, "timestamp": "2025-01-01T01:42:00Z", "latitude": 12.20875706925554, "longitude": 80.729390289659733, "SOG": 14.107701616439153, "COG": 105.19856296628321, "heading": 105.19856296628321 }, "geometry": { "type": "Point", "coordinates": [ 80.729390289659733, 12.20875706925554 ] } },
{ "type": "Feature", "properties": { "MMSI": 100000018, "vessel_name": "Synthetic Vessel 19", "vessel_type": null, "timestamp": "2025-01-01T01:48:00Z", "latitude": 12.213836307327476, "longitude": 80.735488425196564, "SOG": 14.62810357074026, "COG": 6.4823600161636197, "heading": 6.4823600161636197 }, "geometry": { "type": "Point", "coordinates": [ 80.735488425196564, 12.213836307327476 ] } },
{ "type": "Feature", "properties": { "MMSI": 100000018, "vessel_name": "Synthetic Vessel 19", "vessel_type": null, "timestamp": "2025-01-01T01:54:00Z", "latitude": 12.218369727168882, "longitude": 80.731583447104285, "SOG": 7.8152119841492995, "COG": 298.58207934918488, "heading": 298.58207934918488 }, "geometry": { "type": "Point", "coordinates": [ 80.731583447104285, 12.218369727168882 ] } },
{ "type": "Feature", "properties": { "MMSI": 100000018, "vessel_name": "Synthetic Vessel 19", "vessel_type": null, "timestamp": "2025-01-01T02:00:00Z", "latitude": 12.225824803960204, "longitude": 80.723835054912527, "SOG": 10.406984766449105, "COG": 253.32695188588647, "heading": 253.32695188588647 }, "geometry": { "type": "Point", "coordinates": [ 80.723835054912527, 12.225824803960204 ] } },
{ "type": "Feature", "properties": { "MMSI": 100000018, "vessel_name": "Synthetic Vessel 19", "vessel_type": null, "timestamp": "2025-01-01T02:06:00Z", "latitude": 12.217755493364113, "longitude": 80.718672931477698, "SOG": 9.6876796546450592, "COG": 4.4654530598333242, "heading": 4.4654530598333242 }, "geometry": { "type": "Point", "coordinates": [ 80.718672931477698, 12.217755493364113 ] } },
{ "type": "Feature", "properties": { "MMSI": 100000018, "vessel_name": "Synthetic Vessel 19", "vessel_type": null, "timestamp": "2025-01-01T02:12:00Z", "latitude": 12.213780798579313, "longitude": 80.720640081163651, "SOG": 7.9991911150698467, "COG": 107.00561077510218, "heading": 107.00561077510218 }, "geometry": { "type": "Point", "coordinates": [ 80.720640081163651, 12.213780798579313 ] } },
{ "type": "Feature", "properties": { "MMSI": 100000018, "vessel_name": "Synthetic Vessel 19", "vessel_type": null, "timestamp": "2025-01-01T02:18:00Z", "latitude": 12.218644662553944, "longitude": 80.711602937883214, "SOG": 13.522638743911816, "COG": 325.04219826911543, "heading": 325.04219826911543 }, "geometry": { "type": "Point", "coordinates": [ 80.711602937883214, 12.218644662553944 ] } },
{ "type": "Feature", "properties": { "MMSI": 100000018, "vessel_name": "Synthetic Vessel 19", "vessel_type": null, "timestamp": "2025-01-01T02:24:00Z", "latitude": 12.222000756218474, "longitude": 80.713467369285368, "SOG": 6.8533017952871447, "COG": 321.22889933027483, "heading": 321.22889933027483 }, "geometry": { "type": "Point", "coordinates": [ 80.713467369285368, 12.222000756218474 ] } },
{ "type": "Feature", "properties": { "MMSI": 100000018, "vessel_name": "Synthetic Vessel 19", "vessel_type": null, "timestamp": "2025-01-01T02:30:00Z", "latitude": 12.213580139462293, "longitude": 80.708257572683564, "SOG": 5.3467026672648332, "COG": 286.04818033206851, "heading": 286.04818033206851 }, "geometry": { "type": "Point", "coordinates": [ 80.708257572683564, 12.213580139462293 ] } },
{ "type": "Feature", "properties": { "MMSI": 100000018, "vessel_name": "Synthetic Vessel 19", "vessel_type": null, "timestamp": "2025-01-01T02:36:00Z", "latitude": 12.21523627616396, "longitude": 80.718166323007395, "SOG": 10.214456890435894, "COG": 308.05059378151418, "heading": 308.05059378151418 }, "geometry": { "type": "Point", "coordinates": [ 80.718166323007395, 12.21523627616396 ] } },
{ "type": "Feature", "properties": { "MMSI": 100000018, "vessel_name": "Synthetic Vessel 19", "vessel_type": null, "timestamp": "2025-01-01T02:42:00Z", "latitude": 12.206509094349691, "longitude": 80.724793793295106, "SOG": 6.1493299705956685, "COG": 215.63226294379581, "heading": 215.63226294379581 }, "geometry": { "type": "Point", "coordinates": [ 80.724793793295106, 12.206509094349691 ] } },
{ "type": "Feature", "properties": { "MMSI": 100000018, "vessel_name": "Synthetic Vessel 19", "vessel_type": null, "timestamp": "2025-01-01T02:48:00Z", "latitude": 12.19838624004616, "longitude": 80.73298632968384, "SOG": 13.292867993167556, "COG": 240.91209465770825, "heading": 240.91209465770825 }, "geometry": { "type": "Point", "coordinates": [ 80.73298632968384, 12.19838624004616 ] } },
{ "type": "Feature", "properties": { "MMSI": 100000018, "vessel_name": "Synthetic Vessel 19", "vessel_type": null, "timestamp": "2025-01-01T02:54:00Z", "latitude": 12.205965818051803, "longitude": 80.734421776724801, "SOG": 9.3042741032099023, "COG": 186.28068663181489, "heading": 186.28068663181489 }, "geometry": { "type": "Point", "coordinates": [ 80.734421776724801, 12.205965818051803 ] } },
{ "type": "Feature", "properties": { "MMSI": 100000019, "vessel_name": "Synthetic Vessel 20", "vessel_type": null, "timestamp": "2025-01-01T00:00:00Z", "latitude": 12.722070768696844, "longitude": 80.141930390337734, "SOG": 9.4338001437918777, "COG": 321.30838438374457, "heading": 321.30838438374457 }, "geometry": { "type": "Point", "coordinates": [ 80.141930390337734, 12.722070768696844 ] } },
{ "type": "Feature", "properties": { "MMSI": 100000019, "vessel_name": "Synthetic Vessel 20", "vessel_type": null, "timestamp": "2025-01-01T00:06:00Z", "latitude": 12.724212560271219, "longitude": 80.144556541399581, "SOG": 12.026337730855165, "COG": 213.01097843027719, "heading": 213.01097843027719 }, "geometry": { "type": "Point", "coordinates": [ 80.144556541399581, 12.724212560271219 ] } },
{ "type": "Feature", "properties": { "MMSI": 100000019, "vessel_name": "Synthetic Vessel 20", "vessel_type": null, "timestamp": "2025-01-01T00:12:00Z", "latitude": 12.718961229638715, "longitude": 80.1448038169505, "SOG": 8.8451132764481244, "COG": 37.520929011005165, "heading": 37.520929011005165 }, "geometry": { "type": "Point", "coordinates": [ 80.1448038169505, 12.718961229638715 ] } },
{ "type": "Feature", "properties": { "MMSI": 100000019, "vessel_name": "Synthetic Vessel 20", "vessel_type": null, "timestamp": "2025-01-01T00:18:00Z", "latitude": 12.718714571011139, "longitude": 80.147848302141412, "SOG": 11.006510665483558, "COG": 342.19117893103328, "heading": 342.19117893103328 }, "geometry": { "type": "Point", "coordinates": [ 80.147848302141412, 12.718714571011139 ] } },
{ "type": "Feature", "properties": { "MMSI": 100000019, "vessel_name": "Synthetic Vessel 20", "vessel_type": null, "timestamp": "2025-01-01T00:24:00Z", "latitude": 12.723586449334672, "longitude": 80.14797362333131, "SOG": 5.7093221613377354, "COG": 228.27745129547927, "heading": 228.27745129547927 }, "geometry": { "type": "Point", "coordinates": [ 80.14797362333131, 12.723586449334672 ] } },
{ "type": "Feature", "properties": { "MMSI": 100000019, "vessel_name": "Synthetic Vessel 20", "vessel_type": null, "timestamp": "2025-01-01T00:30:00Z", "latitude": 12.718674280951509, "longitude": 80.145210685195408, "SOG": 5.4564874550238374, "COG": 170.0976078023449, "heading": 170.0976078023449 }, "geometry": { "type": "Point", "coordinates": [ 80.145210685195408, 12.718674280951509 ] } },
{ "type": "Feature", "properties": { "MMSI": 100000019, "vessel_name": "Synthetic Vessel 20", "vessel_type": null, "timestamp": "2025-01-01T00:36:00Z", "latitude": 12.711474762902576, "longitude": 80.140746971351234, "SOG": 8.3134700710305083, "COG": 349.75176872437822, "heading": 349.75176872437822 }, "geometry": { "type": "Point", "coordinates": [ 80.140746971351234, 12.711474762902576 ] } },
{ "type": "Feature", "properties": { "MMSI": 100000019, "vessel_name": "Synthetic Vessel 20", "vessel_type": null, "timestamp": "2025-01-01T00:42:00Z", "latitude": 12.711115584064816, "longitude": 80.134668925606007, "SOG": 7.8068321551597428, "COG": 219.88082558727652, "heading": 219.88082558727652 }, "geometry": { "type": "Point", "coordinates": [ 80.134668925606007, 12.711115584064816 ] } },
{ "type": "Feature", "properties": { "MMSI": 100000019, "vessel_name": "Synthetic Vessel 20", "vessel_type": null, "timestamp": "2025-01-01T00:48:00Z", "latitude": 12.705255435633584, "longitude": 80.135000378174922, "SOG": 5.0766403264922531, "COG": 1.9820876977514961, "heading": 1.9820876977514961 }, "geometry": { "type": "Point", "coordinates": [ 80.135000378174922, 12.705255435633584 ] } },
{ "type": "Feature", "properties": { "MMSI": 100000019, "vessel_name": "Synthetic Vessel 20", "vessel_type": null, "timestamp": "2025-01-01T00:54:00Z", "latitude": 12.699636811815624, "longitude": 80.125734805424941, "SOG": 8.3886064933875168, "COG": 38.889271487048894, "heading": 38.889271487048894 }, "geometry": { "type": "Point", "coordinates": [ 80.125734805424941, 12.699636811815624 ] } },
{ "type": "Feature", "properties": { "MMSI": 100000019, "vessel_name": "Synthetic Vessel 20", "vessel_type": null, "timestamp": "2025-01-01T01:00:00Z", "latitude": 12.705688525407218, "longitude": 80.127175778292326, "SOG": 7.9348882320812164, "COG": 184.56038134430992, "heading": 184.56038134430992 }, "geometry": { "type": "Point", "coordinates": [ 80.127175778292326, 12.705688525407218 ] } },
{ "type": "Feature", "properties": { "MMSI": 100000019, "vessel_name": "Synthetic Vessel 20", "vessel_type": null, "timestamp": "2025-01-01T01:06:00Z", "latitude": 12.714323599795875, "longitude": 80.125116079117063, "SOG": 11.170665161178013, "COG": 31.353396046477737, "heading": 31.353396046477737 }, "geometry": { "type": "Point", "coordinates": [ 80.125116079117063, 12.714323599795875 ] } },
{ "type": "Feature", "properties": { "MMSI": 100000019, "vessel_name": "Synthetic Vessel 20", "vessel_type": null, "timestamp": "2025-01-01T01:12:00Z", "latitude": 12.706600367665407, "longitude": 80.1220205419731, "SOG": 13.742225246851758, "COG": 182.6682979384112, "heading": 182.6682979384112 }, "geometry": { "type": "Point", "coordinates": [ 80.1220205419731, 12.706600367665407 ] } },
{ "type": "Feature", "properties": { "MMSI": 100000019, "vessel_name": "Synthetic Vessel 20", "vessel_type": null, "timestamp": "2025-01-01T01:18:00Z", "latitude": 12.706471299272209, "longitude": 80.126065717293727, "SOG": 6.314891198979816, "COG": 357.41406203966534, "heading": 357.41406203966534 }, "geometry": { "type": "Point", "coordinates": [ 80.126065717293727, 12.706471299272209 ] } },
{ "type": "Feature", "properties": { "MMSI": 100000019, "vessel_name": "Synthetic Vessel 20", "vessel_type": null, "timestamp": "2025-01-01T01:24:00Z", "latitude": 12.701965929782601, "longitude": 80.123957238805687, "SOG": 9.1102107526554583, "COG": 151.85814427397929, "heading": 151.85814427397929 }, "geometry": { "type": "Point", "coordinates": [ 80.123957238805687, 12.701965929782601 ] } },
{ "type": "Feature", "properties": { "MMSI": 100000019, "vessel_name": "Synthetic Vessel 20", "vessel_type": null, "timestamp": "2025-01-01T01:30:00Z", "latitude": 12.710118149833731, "longitude": 80.128237891695022, "SOG": 8.0937271786278213, "COG": 218.84587707265331, "heading": 218.84587707265331 }, "geometry": { "type": "Point", "coordinates": [ 80.128237891695022, 12.710118149833731 ] } },
{ "type": "Feature", "properties": { "MMSI": 100000019, "vessel_name": "Synthetic Vessel 20", "vessel_type": null, "timestamp": "2025-01-01T01:36:00Z", "latitude": 12.716593957518157, "longitude": 80.137339101924724, "SOG": 5.0156510519147286, "COG": 295.63138171808163, "heading": 295.63138171808163 }, "geometry": { "type": "Point", "coordinates": [ 80.137339101924724, 12.716593957518157 ] } },
{ "type": "Feature", "properties": { "MMSI": 100000019, "vessel_name": "Synthetic Vessel 20", "vessel_type": null, "timestamp": "2025-01-01T01:42:00Z", "latitude": 12.719321984921825, "longitude": 80.128361809553567, "SOG": 5.5952470034777164, "COG": 92.738599320139883, "heading": 92.738599320139883 }, "geometry": { "type": "Point", "coordinates": [ 80.128361809553567, 12.719321984921825 ] } },
{ "type": "Feature", "properties": { "MMSI": 100000019, "vessel_name": "Synthetic Vessel 20", "vessel_type": null, "timestamp": "2025-01-01T01:48:00Z", "latitude": 12.721397893980813, "longitude": 80.132093607823421, "SOG": 8.8383888304497944, "COG": 41.215549703725841, "heading": 41.215549703725841 }, "geometry": { "type": "Point", "coordinates": [ 80.132093607823421, 12.721397893980813 ] } },
{ "type": "Feature", "properties": { "MMSI": 100000019, "vessel_name": "Synthetic Vessel 20", "vessel_type": null, "timestamp": "2025-01-01T01:54:00Z", "latitude": 12.720522624159925, "longitude": 80.129474668258638, "SOG": 9.1894779018747563, "COG": 43.569000174669497, "heading": 43.569000174669497 }, "geometry": { "type": "Point", "coordinates": [ 80.129474668258638, 12.720522624159925 ] } },
{ "type": "Feature", "properties": { "MMSI": 100000019, "vessel_name": "Synthetic Vessel 20", "vessel_type": null, "timestamp": "2025-01-01T02:00:00Z", "latitude": 12.725546185116093, "longitude": 80.1208948215493, "SOG": 8.5477129183598421, "COG": 28.864805069485243, "heading": 28.864805069485243 }, "geometry": { "type": "Point", "coordinates": [ 80.1208948215493, 12.725546185116093 ] } },
{ "type": "Feature", "properties": { "MMSI": 100000019, "vessel_name": "Synthetic Vessel 20", "vessel_type": null, "timestamp": "2025-01-01T02:06:00Z", "latitude": 12.734380699348469, "longitude": 80.124266274483759, "SOG": 8.6191999083786506, "COG": 244.32118440212329, "heading": 244.32118440212329 }, "geometry": { "type": "Point", "coordinates": [ 80.124266274483759, 12.734380699348469 ] } },
{ "type": "Feature", "properties": { "MMSI": 100000019, "vessel_name": "Synthetic Vessel 20", "vessel_type": null, "timestamp": "2025-01-01T02:12:00Z", "latitude": 12.736253915172639, "longitude": 80.114468898164318, "SOG": 14.132869475762368, "COG": 228.99457670743519, "heading": 228.99457670743519 }, "geometry": { "type": "Point", "coordinates": [ 80.114468898164318, 12.736253915172639 ] } },
{ "type": "Feature", "properties": { "MMSI": 100000019, "vessel_name": "Synthetic Vessel 20", "vessel_type": null, "timestamp": "2025-01-01T02:18:00Z", "latitude": 12.738505384539536, "longitude": 80.121942870033649, "SOG": 6.2055841640369023, "COG": 260.63029996779375, "heading": 260.63029996779375 }, "geometry": { "type": "Point", "coordinates": [ 80.121942870033649, 12.738505384539536 ] } },
{ "type": "Feature", "properties": { "MMSI": 100000019, "vessel_name": "Synthetic Vessel 20", "vessel_type": null, "timestamp": "2025-01-01T02:24:00Z", "latitude": 12.746554450685252, "longitude": 80.113271746920759, "SOG": 6.4213712379345766, "COG": 192.22829011719497, "heading": 192.22829011719497 }, "geometry": { "type": "Point", "coordinates": [ 80.113271746920759, 12.746554450685252 ] } },
{ "type": "Feature", "properties": { "MMSI": 100000019, "vessel_name": "Synthetic Vessel 20", "vessel_type": null, "timestamp": "2025-01-01T02:30:00Z", "latitude": 12.736788582899871, "longitude": 80.111712432123312, "SOG": 9.8600049379760293, "COG": 106.21465475549624, "heading": 106.21465475549624 }, "geometry": { "type": "Point", "coordinates": [ 80.111712432123312, 12.736788582899871 ] } },
{ "type": "Feature", "properties": { "MMSI": 100000019, "vessel_name": "Synthetic Vessel 20", "vessel_type": null, "timestamp": "2025-01-01T02:36:00Z", "latitude": 12.738332580634562, "longitude": 80.102587213569493, "SOG": 10.586423964504252, "COG": 44.281186244548429, "heading": 44.281186244548429 }, "geometry": { "type": "Point", "coordinates": [ 80.102587213569493, 12.738332580634562 ] } },
{ "type": "Feature", "properties": { "MMSI": 100000019, "vessel_name": "Synthetic Vessel 20", "vessel_type": null, "timestamp": "2025-01-01T02:42:00Z", "latitude": 12.735195927698015, "longitude": 80.107170683320476, "SOG": 13.456043629899067, "COG": 234.82499349309828, "heading": 234.82499349309828 }, "geometry": { "type": "Point", "coordinates": [ 80.107170683320476, 12.735195927698015 ] } },
{ "type": "Feature", "properties": { "MMSI": 100000019, "vessel_name": "Synthetic Vessel 20", "vessel_type": null, "timestamp": "2025-01-01T02:48:00Z", "latitude": 12.739045784231401, "longitude": 80.105769304868275, "SOG": 7.753811742554185, "COG": 242.26798406199569, "heading": 242.26798406199569 }, "geometry": { "type": "Point", "coordinates": [ 80.105769304868275, 12.739045784231401 ] } },
{ "type": "Feature", "properties": { "MMSI": 100000019, "vessel_name": "Synthetic Vessel 20", "vessel_type": null, "timestamp": "2025-01-01T02:54:00Z", "latitude": 12.735172054206965, "longitude": 80.111549008066689, "SOG": 12.983803405183526, "COG": 160.7110259045696, "heading": 160.7110259045696 }, "geometry": { "type": "Point", "coordinates": [ 80.111549008066689, 12.735172054206965 ] } }
]
}
